{"type": "FeatureCollection", "features": [{"type": "Feature", "properties": {"u": 25767293, "v": 25767446, "key": 0, "osmid": "5011435", "highway": "secondary", "lanes": "5", "maxspeed": "50", "name": "Carrer de X\u00e0tiva", "oneway": true, "reversed": "False", "length": 79.92487164525066, "width": null, "junction": null, "bridge": null, "tunnel": null, "access": null, "ref": null}, "geometry": {"type": "LineString", "coordinates": [[-0.3750385, 39.4671301], [-0.3751932, 39.4671194], [-0.3754457, 39.4671555], [-0.3756941, 39.4672191], [-0.3759395, 39.4672787]]}}, {"type": "Feature", "properties": {"u": 25767471, "v": 52749415, "key": 0, "osmid": "6277231", "highway": "secondary", "lanes": "2", "maxspeed": null, "name": "Carrer del Just\u00edcia", "oneway": true, "reversed": "False", "length": 67.63989787874912, "width": null, "junction": null, "bridge": null, "tunnel": null, "access": null, "ref": null}, "geometry": {"type": "LineString", "coordinates": [[-0.3681239, 39.4721778], [-0.3680218, 39.4722164], [-0.367986, 39.4722298], [-0.3674149, 39.4724433]]}}, {"type": "Feature", "properties": {"u": 29173711, "v": 1602528779, "key": 0, "osmid": "10380715", "highway": "primary", "lanes": "2", "maxspeed": null, "name": "Avinguda de Jacinto Benavente", "oneway": true, "reversed": "False", "length": 82.53901979265433, "width": null, "junction": null, "bridge": null, "tunnel": null, "access": null, "ref": null}, "geometry": {"type": "LineString", "coordinates": [[-0.3642555, 39.4687232], [-0.3641601, 39.468563], [-0.3638493, 39.4680504]]}}, {"type": "Feature", "properties": {"u": 29935838, "v": 29935852, "key": 0, "osmid": "4704763", "highway": "residential", "lanes": null, "maxspeed": "30", "name": "Carrer de Maldonado", "oneway": true, "reversed": "False", "length": 153.00803415323946, "width": null, "junction": null, "bridge": null, "tunnel": null, "access": null, "ref": null}, "geometry": {"type": "LineString", "coordinates": [[-0.3839244, 39.4715679], [-0.3838431, 39.4715798], [-0.3831101, 39.471683], [-0.3830647, 39.4716904], [-0.3829726, 39.4717048], [-0.3826658, 39.4717524], [-0.3822016, 39.4718108], [-0.3821708, 39.4718141]]}}, {"type": "Feature", "properties": {"u": 30378515, "v": 29935843, "key": 0, "osmid": "4795048", "highway": "living_street", "lanes": null, "maxspeed": "20", "name": "Carrer de Balmes", "oneway": true, "reversed": "False", "length": 73.3320898999128, "width": null, "junction": null, "bridge": null, "tunnel": null, "access": null, "ref": null}, "geometry": {"type": "LineString", "coordinates": [[-0.3830771, 39.4736329], [-0.3831253, 39.4736416], [-0.3836703, 39.4737285], [-0.3838157, 39.4737537], [-0.3839137, 39.4737662]]}}, {"type": "Feature", "properties": {"u": 30886279, "v": 6267802173, "key": 0, "osmid": "61044483", "highway": "residential", "lanes": null, "maxspeed": null, "name": "Carrer de Juan de Mena", "oneway": true, "reversed": "False", "length": 90.36922626273429, "width": null, "junction": null, "bridge": null, "tunnel": null, "access": null, "ref": null}, "geometry": {"type": "LineString", "coordinates": [[-0.3857448, 39.4720957], [-0.3851736, 39.4727784]]}}, {"type": "Feature", "properties": {"u": 30886303, "v": 168356763, "key": 0, "osmid": "191715084", "highway": "tertiary", "lanes": null, "maxspeed": null, "name": "Carrer d'\u00c0ngel Guimer\u00e0", "oneway": true, "reversed": "False", "length": 35.732932688139805, "width": null, "junction": null, "bridge": null, "tunnel": null, "access": null, "ref": null}, "geometry": {"type": "LineString", "coordinates": [[-0.3848642, 39.4703908], [-0.3849303, 39.4704082], [-0.3850134, 39.4704174], [-0.385186, 39.4704035], [-0.3852729, 39.4703888]]}}, {"type": "Feature", "properties": {"u": 34366726, "v": 34366723, "key": 0, "osmid": "5073111", "highway": "residential", "lanes": null, "maxspeed": null, "name": "Carrer de l'Estrela", "oneway": true, "reversed": "False", "length": 73.31717396719016, "width": null, "junction": null, "bridge": null, "tunnel": null, "access": null, "ref": null}, "geometry": {"type": "LineString", "coordinates": [[-0.3807557, 39.4652642], [-0.3807086, 39.4653631], [-0.3805032, 39.4658304], [-0.380478, 39.4658877]]}}, {"type": "Feature", "properties": {"u": 52748282, "v": 52748278, "key": 0, "osmid": "6277186", "highway": "residential", "lanes": null, "maxspeed": "30", "name": "Carrer de Ciril Amor\u00f3s", "oneway": true, "reversed": "False", "length": 98.07003300240417, "width": null, "junction": null, "bridge": null, "tunnel": null, "access": null, "ref": null}, "geometry": {"type": "LineString", "coordinates": [[-0.3719261, 39.4671297], [-0.3729278, 39.4667056]]}}, {"type": "Feature", "properties": {"u": 52748982, "v": 52748976, "key": 0, "osmid": "1071059012", "highway": "residential", "lanes": "1", "maxspeed": null, "name": "Pla\u00e7a de C\u00e1novas del Castillo", "oneway": true, "reversed": "False", "length": 47.75551013166367, "width": null, "junction": null, "bridge": null, "tunnel": null, "access": null, "ref": null}, "geometry": {"type": "LineString", "coordinates": [[-0.3654808, 39.4679146], [-0.3654236, 39.4679475], [-0.3653895, 39.4679712], [-0.3653561, 39.4680127], [-0.3653366, 39.4680535], [-0.3653277, 39.4681151], [-0.3653343, 39.4681611], [-0.3653477, 39.468192], [-0.3653661, 39.4682178], [-0.3654118, 39.4682855]]}}, {"type": "Feature", "properties": {"u": 59592537, "v": 1287585224, "key": 0, "osmid": [770904168, 7970449], "highway": "tertiary", "lanes": "2", "maxspeed": null, "name": "Carrer del General Tovar", "oneway": true, "reversed": "False", "length": 46.105602051780195, "width": null, "junction": null, "bridge": null, "tunnel": null, "access": null, "ref": null}, "geometry": {"type": "LineString", "coordinates": [[-0.369989, 39.4730477], [-0.3700037, 39.4729764], [-0.3700876, 39.472765], [-0.3701038, 39.4727249], [-0.370206, 39.4727165]]}}, {"type": "Feature", "properties": {"u": 60545978, "v": 60545976, "key": 0, "osmid": "8082689", "highway": "primary", "lanes": "2", "maxspeed": "50", "name": "Carrer del General El\u00edo", "oneway": true, "reversed": "False", "length": 100.96137735075956, "width": null, "junction": null, "bridge": null, "tunnel": null, "access": null, "ref": null}, "geometry": {"type": "LineString", "coordinates": [[-0.3668062, 39.4784351], [-0.3665881, 39.4787462], [-0.3665311, 39.4788443], [-0.3664789, 39.4789021], [-0.3664241, 39.478936], [-0.3663759, 39.4789642], [-0.3663306, 39.4789777], [-0.3662983, 39.4789864], [-0.3662295, 39.4790012], [-0.3661394, 39.4790071], [-0.3660273, 39.4790043]]}}, {"type": "Feature", "properties": {"u": 60707900, "v": 60707898, "key": 0, "osmid": [211284496, 8102619, 9861549, 8102615], "highway": "residential", "lanes": null, "maxspeed": "20", "name": ["Pla\u00e7a de N\u00e0pols i Sic\u00edlia", "Carrer dels Venerables", "Pla\u00e7a de la Comuni\u00f3 de Sant Esteve", "Pla\u00e7a de Moss\u00e9n Mil\u00e0"], "oneway": true, "reversed": "False", "length": 132.10917232086013, "width": null, "junction": null, "bridge": null, "tunnel": null, "access": null, "ref": null}, "geometry": {"type": "LineString", "coordinates": [[-0.3726612, 39.4755595], [-0.3726405, 39.4756986], [-0.3726451, 39.4757231], [-0.3726581, 39.4757467], [-0.3726859, 39.4757607], [-0.3729176, 39.4758117], [-0.372948, 39.4758171], [-0.3729942, 39.4758283], [-0.3730368, 39.4758337], [-0.3730814, 39.4758249], [-0.3731292, 39.4758064], [-0.3731689, 39.475775], [-0.3732577, 39.4757023], [-0.3734614, 39.4755359], [-0.373515, 39.475519], [-0.3735338, 39.4755165], [-0.3735938, 39.4754744], [-0.3736867, 39.4753785]]}}, {"type": "Feature", "properties": {"u": 62831134, "v": 11694668350, "key": 0, "osmid": "1257917747", "highway": "residential", "lanes": null, "maxspeed": null, "name": null, "oneway": false, "reversed": "False", "length": 31.587589018467533, "width": null, "junction": null, "bridge": null, "tunnel": null, "access": null, "ref": null}, "geometry": {"type": "LineString", "coordinates": [[-0.4045253, 39.4536344], [-0.4048581, 39.4535133]]}}, {"type": "Feature", "properties": {"u": 69573072, "v": 69572507, "key": 0, "osmid": "1383063058", "highway": "primary", "lanes": "5", "maxspeed": null, "name": "Avinguda d'Arag\u00f3", "oneway": true, "reversed": "False", "length": 108.51792100624729, "width": null, "junction": null, "bridge": null, "tunnel": null, "access": null, "ref": null}, "geometry": {"type": "LineString", "coordinates": [[-0.3573863, 39.4734043], [-0.3574263, 39.4732745], [-0.3574686, 39.4731342], [-0.3575174, 39.4729965], [-0.3575402, 39.4729325], [-0.3576609, 39.4725956], [-0.3576778, 39.472561], [-0.3577302, 39.4724665]]}}, {"type": "Feature", "properties": {"u": 69574960, "v": 193553237, "key": 0, "osmid": "18596102", "highway": "secondary", "lanes": "3", "maxspeed": "50", "name": "Carrer de Mauro Guill\u00e9n", "oneway": true, "reversed": "False", "length": 94.36085896139832, "width": null, "junction": null, "bridge": null, "tunnel": null, "access": null, "ref": null}, "geometry": {"type": "LineString", "coordinates": [[-0.3817099, 39.4827519], [-0.3819542, 39.4827023], [-0.3820959, 39.4826539], [-0.3820978, 39.4826534], [-0.3827064, 39.4824026]]}}, {"type": "Feature", "properties": {"u": 69577166, "v": 69576838, "key": 0, "osmid": [9281458, 9281479], "highway": "residential", "lanes": null, "maxspeed": null, "name": ["Carrer d'Hug de Montcada", "Carrer del Poeta Bodria"], "oneway": true, "reversed": "False", "length": 173.8918170332254, "width": null, "junction": null, "bridge": null, "tunnel": null, "access": null, "ref": null}, "geometry": {"type": "LineString", "coordinates": [[-0.3714114, 39.482293], [-0.3714445, 39.4822198], [-0.3719349, 39.4811542], [-0.3719534, 39.4811253], [-0.3719842, 39.4811124], [-0.3722851, 39.481223], [-0.3723341, 39.4812324]]}}, {"type": "Feature", "properties": {"u": 69579092, "v": 141589273, "key": 0, "osmid": "1247616609", "highway": "tertiary", "lanes": "1", "maxspeed": "50", "name": "Carrer de Molinell", "oneway": true, "reversed": "False", "length": 21.529436342139437, "width": null, "junction": null, "bridge": null, "tunnel": null, "access": null, "ref": null}, "geometry": {"type": "LineString", "coordinates": [[-0.3677376, 39.4849179], [-0.3674877, 39.4849009]]}}, {"type": "Feature", "properties": {"u": 82765307, "v": 85811549, "key": 0, "osmid": "61044525", "highway": "secondary", "lanes": "3", "maxspeed": "50", "name": "Carrer de Guillem de Castro", "oneway": true, "reversed": "False", "length": 20.40477776597849, "width": null, "junction": null, "bridge": null, "tunnel": null, "access": null, "ref": null}, "geometry": {"type": "LineString", "coordinates": [[-0.3840171, 39.4767801], [-0.3839812, 39.4769615]]}}, {"type": "Feature", "properties": {"u": 83887873, "v": 30378552, "key": 0, "osmid": "4808264", "highway": "living_street", "lanes": null, "maxspeed": "20", "name": "Carrer de Carrasquer", "oneway": true, "reversed": "False", "length": 74.87381862625966, "width": null, "junction": null, "bridge": null, "tunnel": null, "access": null, "ref": null}, "geometry": {"type": "LineString", "coordinates": [[-0.3825099, 39.4759888], [-0.3825185, 39.4759044], [-0.3825754, 39.4753426], [-0.3825715, 39.4753176]]}}, {"type": "Feature", "properties": {"u": 84975992, "v": 84976328, "key": 0, "osmid": "10249526", "highway": "tertiary", "lanes": "2", "maxspeed": null, "name": "Carrer d'Amadeu de Savoia", "oneway": false, "reversed": "False", "length": 90.43858152001006, "width": null, "junction": null, "bridge": null, "tunnel": null, "access": null, "ref": null}, "geometry": {"type": "LineString", "coordinates": [[-0.3626693, 39.4738821], [-0.3625831, 39.4738577], [-0.3623753, 39.4737989], [-0.361861, 39.4736535], [-0.3616801, 39.473602]]}}, {"type": "Feature", "properties": {"u": 84977709, "v": 249507412, "key": 0, "osmid": "23111102", "highway": "residential", "lanes": null, "maxspeed": null, "name": "Carrer de B\u00e8lgica", "oneway": true, "reversed": "False", "length": 111.50000408539323, "width": null, "junction": null, "bridge": null, "tunnel": null, "access": null, "ref": null}, "geometry": {"type": "LineString", "coordinates": [[-0.3548004, 39.4755527], [-0.3552117, 39.474714], [-0.3552603, 39.4746149]]}}, {"type": "Feature", "properties": {"u": 88429421, "v": 88429424, "key": 0, "osmid": "623897180", "highway": "primary", "lanes": null, "maxspeed": null, "name": null, "oneway": true, "reversed": "False", "length": 1.6511875212897944, "width": null, "junction": "circular", "bridge": null, "tunnel": null, "access": null, "ref": null}, "geometry": {"type": "LineString", "coordinates": [[-0.3587685, 39.4635231], [-0.3587544, 39.463513]]}}, {"type": "Feature", "properties": {"u": 90771365, "v": 90772202, "key": 0, "osmid": "61722221", "highway": "secondary", "lanes": "3", "maxspeed": null, "name": "Carrer de Cavanilles", "oneway": true, "reversed": "False", "length": 55.78070907775985, "width": null, "junction": null, "bridge": null, "tunnel": null, "access": null, "ref": null}, "geometry": {"type": "LineString", "coordinates": [[-0.3657281, 39.4807532], [-0.3658582, 39.4804893], [-0.3659611, 39.4802849]]}}, {"type": "Feature", "properties": {"u": 90772975, "v": 90782783, "key": 0, "osmid": [1062362784, 41057329], "highway": "primary", "lanes": "3", "maxspeed": "50", "name": "Avinguda de Blasco Ib\u00e1\u00f1ez", "oneway": true, "reversed": "False", "length": 153.66757960485685, "width": null, "junction": null, "bridge": null, "tunnel": null, "access": null, "ref": null}, "geometry": {"type": "LineString", "coordinates": [[-0.3579731, 39.4772532], [-0.3580715, 39.4772815], [-0.3582327, 39.4773303], [-0.3584075, 39.4773822], [-0.3588771, 39.4775217], [-0.3593424, 39.4776598], [-0.3596441, 39.4777494]]}}, {"type": "Feature", "properties": {"u": 96074336, "v": 116761494, "key": 0, "osmid": [143096249, 253851524, 23446725], "highway": "primary", "lanes": "3", "maxspeed": "50", "name": "Pont de l'Assut de l'Or", "oneway": true, "reversed": "False", "length": 383.11951087615256, "width": null, "junction": null, "bridge": "yes", "tunnel": null, "access": null, "ref": null}, "geometry": {"type": "LineString", "coordinates": [[-0.351271, 39.4534807], [-0.351253, 39.4535313], [-0.3512392, 39.453556], [-0.3512145, 39.4535857], [-0.3511792, 39.4536168], [-0.3511391, 39.4536423], [-0.3510964, 39.4536695], [-0.3499157, 39.4544351], [-0.3480833, 39.4557279], [-0.3480649, 39.4557377], [-0.3480399, 39.4557515], [-0.3480069, 39.4557661], [-0.3479709, 39.4557751]]}}, {"type": "Feature", "properties": {"u": 96082121, "v": 1328266711, "key": 0, "osmid": "722967155", "highway": "primary", "lanes": null, "maxspeed": null, "name": null, "oneway": true, "reversed": "False", "length": 11.024751217037958, "width": null, "junction": "circular", "bridge": null, "tunnel": null, "access": null, "ref": null}, "geometry": {"type": "LineString", "coordinates": [[-0.3993384, 39.4534042], [-0.3993167, 39.4534332], [-0.3993023, 39.4534607], [-0.3992904, 39.4534955]]}}, {"type": "Feature", "properties": {"u": 97168105, "v": 257428827, "key": 0, "osmid": "11945179", "highway": "primary", "lanes": "3", "maxspeed": "50", "name": "Avinguda del Mestre Rodrigo", "oneway": true, "reversed": "False", "length": 38.0045343548569, "width": null, "junction": null, "bridge": null, "tunnel": null, "access": null, "ref": null}, "geometry": {"type": "LineString", "coordinates": [[-0.40157, 39.4827297], [-0.4014456, 39.4826445], [-0.4013565, 39.4825783], [-0.4013398, 39.4825641], [-0.4012696, 39.4824815]]}}, {"type": "Feature", "properties": {"u": 99503604, "v": 253487890, "key": 0, "osmid": "23413014", "highway": "primary", "lanes": "3", "maxspeed": "50", "name": "Carrer de la Serradora", "oneway": true, "reversed": "False", "length": 21.061658944276697, "width": null, "junction": null, "bridge": null, "tunnel": null, "access": null, "ref": null}, "geometry": {"type": "LineString", "coordinates": [[-0.3354108, 39.4661269], [-0.3354774, 39.4659446]]}}, {"type": "Feature", "properties": {"u": 104413677, "v": 126094011, "key": 0, "osmid": "13684445", "highway": "secondary", "lanes": null, "maxspeed": null, "name": "Carrer de Llorca", "oneway": true, "reversed": "False", "length": 21.44268557411826, "width": null, "junction": null, "bridge": null, "tunnel": null, "access": null, "ref": null}, "geometry": {"type": "LineString", "coordinates": [[-0.3914686, 39.4690707], [-0.391553, 39.4690081], [-0.3915753, 39.4689867], [-0.3915861, 39.4689763], [-0.3916295, 39.4689245]]}}, {"type": "Feature", "properties": {"u": 105882295, "v": 105882299, "key": 0, "osmid": "11823731", "highway": "residential", "lanes": null, "maxspeed": null, "name": null, "oneway": true, "reversed": "False", "length": 29.327277348503458, "width": null, "junction": "roundabout", "bridge": null, "tunnel": null, "access": null, "ref": null}, "geometry": {"type": "LineString", "coordinates": [[-0.3936672, 39.4970604], [-0.3937107, 39.497101], [-0.3937692, 39.4971284], [-0.393836, 39.4971395], [-0.3939038, 39.4971329], [-0.3939652, 39.4971096]]}}, {"type": "Feature", "properties": {"u": 105958234, "v": 255317492, "key": 0, "osmid": "23576808", "highway": "tertiary", "lanes": null, "maxspeed": null, "name": "Carrer de l'Arquebisbe Olaechea", "oneway": false, "reversed": "False", "length": 109.60840057299224, "width": null, "junction": null, "bridge": null, "tunnel": null, "access": null, "ref": null}, "geometry": {"type": "LineString", "coordinates": [[-0.3876777, 39.4430814], [-0.387899, 39.4431331], [-0.3888995, 39.4433667]]}}, {"type": "Feature", "properties": {"u": 106334767, "v": 253318475, "key": 0, "osmid": "23397597", "highway": "residential", "lanes": null, "maxspeed": null, "name": "Carrer de Josep Ballester", "oneway": true, "reversed": "False", "length": 64.71531069641294, "width": null, "junction": null, "bridge": null, "tunnel": null, "access": null, "ref": null}, "geometry": {"type": "LineString", "coordinates": [[-0.3362213, 39.4708486], [-0.3361816, 39.4709402], [-0.3361659, 39.4709727], [-0.335985, 39.4713344], [-0.3359557, 39.4713932]]}}, {"type": "Feature", "properties": {"u": 106914236, "v": 4065817894, "key": 0, "osmid": "12003433", "highway": "residential", "lanes": null, "maxspeed": null, "name": "Avinguda d'Ausi\u00e0s March", "oneway": true, "reversed": "False", "length": 19.388986276085355, "width": null, "junction": null, "bridge": null, "tunnel": null, "access": null, "ref": null}, "geometry": {"type": "LineString", "coordinates": [[-0.3711129, 39.4498344], [-0.37105, 39.4498134], [-0.3709931, 39.44981], [-0.3708942, 39.4498225]]}}, {"type": "Feature", "properties": {"u": 107171969, "v": 107171974, "key": 0, "osmid": "1206570637", "highway": "residential", "lanes": "2", "maxspeed": null, "name": null, "oneway": true, "reversed": "False", "length": 37.08499676318274, "width": null, "junction": "roundabout", "bridge": null, "tunnel": null, "access": null, "ref": null}, "geometry": {"type": "LineString", "coordinates": [[-0.3400162, 39.4829317], [-0.3400687, 39.4829847], [-0.3401381, 39.4830244], [-0.3402191, 39.4830477], [-0.3403052, 39.4830529], [-0.3403899, 39.4830394]]}}, {"type": "Feature", "properties": {"u": 107381570, "v": 74031969, "key": 0, "osmid": "737100517", "highway": "primary", "lanes": null, "maxspeed": null, "name": "Avinguda del Cid", "oneway": true, "reversed": "False", "length": 57.42630531797805, "width": null, "junction": null, "bridge": null, "tunnel": null, "access": null, "ref": null}, "geometry": {"type": "LineString", "coordinates": [[-0.406064, 39.4696712], [-0.4055823, 39.4695995], [-0.4054071, 39.4695734]]}}, {"type": "Feature", "properties": {"u": 107394278, "v": 110675761, "key": 0, "osmid": "61044541", "highway": "secondary", "lanes": "2", "maxspeed": null, "name": "Avinguda del Doctor Waksman", "oneway": true, "reversed": "False", "length": 155.12419264806948, "width": null, "junction": null, "bridge": null, "tunnel": null, "access": null, "ref": null}, "geometry": {"type": "LineString", "coordinates": [[-0.3699895, 39.4555905], [-0.3697077, 39.4555279], [-0.3683721, 39.4552366], [-0.3682503, 39.4552126]]}}, {"type": "Feature", "properties": {"u": 107417897, "v": 1113150373, "key": 0, "osmid": "589483420", "highway": "primary", "lanes": "4", "maxspeed": null, "name": "Avinguda d'Ausi\u00e0s March", "oneway": true, "reversed": "False", "length": 264.0940617829203, "width": null, "junction": null, "bridge": null, "tunnel": null, "access": null, "ref": null}, "geometry": {"type": "LineString", "coordinates": [[-0.3726611, 39.4523352], [-0.372604, 39.4522497], [-0.3711908, 39.4502491]]}}, {"type": "Feature", "properties": {"u": 107502598, "v": 8887805434, "key": 0, "osmid": "704615504", "highway": "secondary", "lanes": null, "maxspeed": null, "name": "Avinguda de Pius XII", "oneway": true, "reversed": "False", "length": 20.457848041793014, "width": null, "junction": null, "bridge": null, "tunnel": null, "access": null, "ref": null}, "geometry": {"type": "LineString", "coordinates": [[-0.3932918, 39.4812365], [-0.393266, 39.481142], [-0.3932275, 39.4810598]]}}, {"type": "Feature", "properties": {"u": 107926566, "v": 107926563, "key": 0, "osmid": "11974883", "highway": "residential", "lanes": "1", "maxspeed": null, "name": "Carrer de l'Escultor Ricard Boix", "oneway": true, "reversed": "False", "length": 154.00431596322878, "width": null, "junction": null, "bridge": null, "tunnel": null, "access": null, "ref": null}, "geometry": {"type": "LineString", "coordinates": [[-0.3923924, 39.4583403], [-0.3930376, 39.4579205], [-0.3937641, 39.4574478]]}}, {"type": "Feature", "properties": {"u": 108005141, "v": 108005135, "key": 0, "osmid": "97020714", "highway": "tertiary", "lanes": "2", "maxspeed": null, "name": "Carrer de Fontanars dels Alforins", "oneway": false, "reversed": "True", "length": 124.50428872095115, "width": null, "junction": null, "bridge": null, "tunnel": null, "access": null, "ref": null}, "geometry": {"type": "LineString", "coordinates": [[-0.3961136, 39.4617046], [-0.3960347, 39.4616319], [-0.3952382, 39.4608983], [-0.3951821, 39.4608464]]}}, {"type": "Feature", "properties": {"u": 108324774, "v": 108324053, "key": 0, "osmid": "11993589", "highway": "residential", "lanes": null, "maxspeed": "30", "name": "Carrer de Salamanca", "oneway": true, "reversed": "False", "length": 157.0182635146324, "width": null, "junction": null, "bridge": null, "tunnel": null, "access": null, "ref": null}, "geometry": {"type": "LineString", "coordinates": [[-0.3633659, 39.464964], [-0.3625062, 39.4637176]]}}, {"type": "Feature", "properties": {"u": 108326163, "v": 10887187731, "key": 0, "osmid": "11993644", "highway": "secondary_link", "lanes": "1", "maxspeed": null, "name": null, "oneway": true, "reversed": "False", "length": 34.3501734375448, "width": null, "junction": null, "bridge": null, "tunnel": null, "access": null, "ref": null}, "geometry": {"type": "LineString", "coordinates": [[-0.3728485, 39.464861], [-0.3730324, 39.4649044], [-0.3730731, 39.4649049], [-0.3731023, 39.4648919], [-0.3731191, 39.4648707], [-0.3731255, 39.4648496], [-0.3731226, 39.4648239], [-0.3730975, 39.4648001]]}}, {"type": "Feature", "properties": {"u": 108538249, "v": 7030183543, "key": 0, "osmid": "98711551", "highway": "primary", "lanes": "4", "maxspeed": "50", "name": "Avinguda dels Germans Maristes", "oneway": true, "reversed": "False", "length": 149.9418663178176, "width": null, "junction": null, "bridge": null, "tunnel": null, "access": null, "ref": null}, "geometry": {"type": "LineString", "coordinates": [[-0.3699206, 39.4505569], [-0.3697898, 39.4506181], [-0.3693687, 39.4507984], [-0.3688827, 39.4510028], [-0.3688171, 39.4510311], [-0.368395, 39.4512129]]}}, {"type": "Feature", "properties": {"u": 109551914, "v": 109551920, "key": 0, "osmid": "1364978472", "highway": "unclassified", "lanes": null, "maxspeed": null, "name": null, "oneway": true, "reversed": "False", "length": 15.92981322221907, "width": null, "junction": "roundabout", "bridge": null, "tunnel": null, "access": null, "ref": null}, "geometry": {"type": "LineString", "coordinates": [[-0.3338173, 39.4840936], [-0.3338778, 39.4840837], [-0.3339334, 39.4840627], [-0.3339809, 39.4840321]]}}, {"type": "Feature", "properties": {"u": 109553167, "v": 106334659, "key": 0, "osmid": "191617372", "highway": "primary", "lanes": "4", "maxspeed": "50", "name": null, "oneway": true, "reversed": "False", "length": 45.57342940935789, "width": null, "junction": "roundabout", "bridge": null, "tunnel": null, "access": null, "ref": null}, "geometry": {"type": "LineString", "coordinates": [[-0.3336315, 39.4766416], [-0.333692, 39.4765882], [-0.3337351, 39.4765256], [-0.3337492, 39.4764928], [-0.3337623, 39.4764308], [-0.333756, 39.4763663], [-0.3337397, 39.4763145], [-0.3337154, 39.4762653]]}}, {"type": "Feature", "properties": {"u": 110290446, "v": 113422190, "key": 0, "osmid": "12164347", "highway": "primary", "lanes": null, "maxspeed": null, "name": "Pla\u00e7a de la Marat\u00f3", "oneway": true, "reversed": "False", "length": 11.122474845481449, "width": null, "junction": null, "bridge": null, "tunnel": null, "access": null, "ref": null}, "geometry": {"type": "LineString", "coordinates": [[-0.3564502, 39.4564857], [-0.3564486, 39.4564607], [-0.3564442, 39.456436], [-0.3564369, 39.4564116], [-0.3564269, 39.4563878]]}}, {"type": "Feature", "properties": {"u": 110575767, "v": 10157282736, "key": 0, "osmid": "1110309453", "highway": "secondary", "lanes": null, "maxspeed": null, "name": null, "oneway": true, "reversed": "False", "length": 5.07114256384011, "width": null, "junction": "circular", "bridge": null, "tunnel": null, "access": null, "ref": null}, "geometry": {"type": "LineString", "coordinates": [[-0.3573201, 39.4616367], [-0.3573717, 39.4616145]]}}, {"type": "Feature", "properties": {"u": 110616369, "v": 110616420, "key": 0, "osmid": "12211951", "highway": "residential", "lanes": null, "maxspeed": null, "name": "Carrer de Sollana", "oneway": false, "reversed": "True", "length": 165.87421741468415, "width": null, "junction": null, "bridge": null, "tunnel": null, "access": null, "ref": null}, "geometry": {"type": "LineString", "coordinates": [[-0.3690114, 39.4520895], [-0.369244, 39.4519907], [-0.3692663, 39.4519866], [-0.3692863, 39.451989], [-0.3693049, 39.4519985], [-0.3693871, 39.4521179], [-0.3694067, 39.452134], [-0.3694309, 39.4521367], [-0.3694564, 39.4521272], [-0.3697691, 39.4519881], [-0.3698073, 39.4519855], [-0.3698656, 39.4519869], [-0.3699031, 39.4519818], [-0.3705736, 39.4516968], [-0.3705823, 39.4516929], [-0.3706459, 39.4516646]]}}, {"type": "Feature", "properties": {"u": 110675893, "v": 110675944, "key": 0, "osmid": "12003411", "highway": "residential", "lanes": "2", "maxspeed": null, "name": "Carrera de la Fonteta de Sant Llu\u00eds", "oneway": true, "reversed": "False", "length": 45.53983286851263, "width": null, "junction": null, "bridge": null, "tunnel": null, "access": null, "ref": null}, "geometry": {"type": "LineString", "coordinates": [[-0.3715383, 39.4555025], [-0.3715311, 39.4551815], [-0.3715306, 39.455093]]}}, {"type": "Feature", "properties": {"u": 111132209, "v": 107569180, "key": 0, "osmid": "23436758", "highway": "residential", "lanes": "1", "maxspeed": "30", "name": "Carrer de Pere Aleixandre", "oneway": true, "reversed": "False", "length": 10.980195276633616, "width": null, "junction": null, "bridge": null, "tunnel": null, "access": null, "ref": null}, "geometry": {"type": "LineString", "coordinates": [[-0.3650092, 39.4614155], [-0.3650446, 39.4614403], [-0.3650834, 39.4614516], [-0.3651217, 39.4614555]]}}, {"type": "Feature", "properties": {"u": 111200263, "v": 500348866, "key": 0, "osmid": "41056269", "highway": "secondary", "lanes": null, "maxspeed": null, "name": null, "oneway": true, "reversed": "False", "length": 58.47356944307824, "width": null, "junction": null, "bridge": null, "tunnel": null, "access": null, "ref": null}, "geometry": {"type": "LineString", "coordinates": [[-0.391777, 39.4689927], [-0.3918233, 39.4688077], [-0.3918296, 39.4687664], [-0.3918428, 39.4686802], [-0.3918641, 39.4685939], [-0.3919051, 39.4684769]]}}, {"type": "Feature", "properties": {"u": 111895029, "v": 74031542, "key": 0, "osmid": "9560342", "highway": "primary", "lanes": "1", "maxspeed": null, "name": "Passeig de la Petxina", "oneway": true, "reversed": "False", "length": 64.01458252621569, "width": null, "junction": null, "bridge": null, "tunnel": null, "access": null, "ref": null}, "geometry": {"type": "LineString", "coordinates": [[-0.4050223, 39.4730496], [-0.4049077, 39.4731179], [-0.4047943, 39.4731602], [-0.4046281, 39.4731982], [-0.4043432, 39.4732749]]}}, {"type": "Feature", "properties": {"u": 111895269, "v": 257429383, "key": 0, "osmid": "12343063", "highway": "primary", "lanes": "4", "maxspeed": "50", "name": "Avinguda del Mestre Rodrigo", "oneway": true, "reversed": "False", "length": 97.11814698889233, "width": null, "junction": null, "bridge": null, "tunnel": null, "access": null, "ref": null}, "geometry": {"type": "LineString", "coordinates": [[-0.4051175, 39.4881028], [-0.405235, 39.4882398], [-0.4052817, 39.4882943], [-0.4053122, 39.488336], [-0.4053576, 39.488398], [-0.4056918, 39.4888549]]}}, {"type": "Feature", "properties": {"u": 111968610, "v": 111968636, "key": 0, "osmid": [468909324, 468909325], "highway": "trunk", "lanes": ["2", "3"], "maxspeed": null, "name": "Ronda Nord", "oneway": true, "reversed": "False", "length": 657.001005099866, "width": null, "junction": null, "bridge": null, "tunnel": null, "access": null, "ref": "CV-30"}, "geometry": {"type": "LineString", "coordinates": [[-0.4159765, 39.496069], [-0.4172401, 39.4961177], [-0.417864, 39.4961342], [-0.418723, 39.4961248], [-0.4196004, 39.4960669], [-0.4207328, 39.4959119], [-0.421448, 39.4957703], [-0.4221322, 39.4956056], [-0.422795, 39.4953958], [-0.4234379, 39.4951704]]}}, {"type": "Feature", "properties": {"u": 112137478, "v": 112184655, "key": 0, "osmid": "12359035", "highway": "residential", "lanes": null, "maxspeed": null, "name": "Carrer de la Cooperativa de Sant Ferran", "oneway": true, "reversed": "False", "length": 167.6250018649696, "width": null, "junction": null, "bridge": null, "tunnel": null, "access": null, "ref": null}, "geometry": {"type": "LineString", "coordinates": [[-0.3856579, 39.4564988], [-0.3856437, 39.456556], [-0.3852908, 39.4579794]]}}, {"type": "Feature", "properties": {"u": 112137702, "v": 112137635, "key": 0, "osmid": "12356029", "highway": "residential", "lanes": null, "maxspeed": null, "name": "Carrer de Roca", "oneway": true, "reversed": "False", "length": 86.08794954170105, "width": null, "junction": null, "bridge": null, "tunnel": null, "access": null, "ref": null}, "geometry": {"type": "LineString", "coordinates": [[-0.3870444, 39.45755], [-0.3879341, 39.4579071]]}}, {"type": "Feature", "properties": {"u": 112137813, "v": 105958295, "key": 0, "osmid": "52394741", "highway": "residential", "lanes": null, "maxspeed": null, "name": "Carrer de Jer\u00f3nima Gal\u00e9s (Impressora)", "oneway": true, "reversed": "False", "length": 78.0770995651876, "width": null, "junction": null, "bridge": null, "tunnel": null, "access": null, "ref": null}, "geometry": {"type": "LineString", "coordinates": [[-0.390104, 39.4537343], [-0.3896723, 39.4543523]]}}, {"type": "Feature", "properties": {"u": 112184491, "v": 112184513, "key": 0, "osmid": "83635104", "highway": "residential", "lanes": null, "maxspeed": null, "name": "Carrer d'Albacete", "oneway": false, "reversed": "False", "length": 12.708217224725978, "width": null, "junction": null, "bridge": null, "tunnel": null, "access": null, "ref": null}, "geometry": {"type": "LineString", "coordinates": [[-0.385241, 39.4618305], [-0.3852783, 39.4617199]]}}, {"type": "Feature", "properties": {"u": 112184649, "v": 112184655, "key": 0, "osmid": "12359031", "highway": "residential", "lanes": null, "maxspeed": null, "name": "Carretera d'Escriv\u00e0", "oneway": true, "reversed": "False", "length": 47.40748945759814, "width": null, "junction": null, "bridge": null, "tunnel": null, "access": null, "ref": null}, "geometry": {"type": "LineString", "coordinates": [[-0.3847418, 39.4579336], [-0.3852908, 39.4579794]]}}, {"type": "Feature", "properties": {"u": 112484614, "v": 112484623, "key": 0, "osmid": [12376364, 12376366], "highway": "residential", "lanes": null, "maxspeed": "30", "name": ["Carrer de Fra Joan de Monts\u00f3", "Carrer de Perfecte"], "oneway": true, "reversed": "False", "length": 120.27504383442006, "width": null, "junction": null, "bridge": null, "tunnel": null, "access": null, "ref": null}, "geometry": {"type": "LineString", "coordinates": [[-0.3682015, 39.4575966], [-0.3682915, 39.457592], [-0.3695621, 39.4575274], [-0.3695987, 39.4575215]]}}, {"type": "Feature", "properties": {"u": 112485095, "v": 112485116, "key": 0, "osmid": "12376374", "highway": "residential", "lanes": null, "maxspeed": null, "name": "Carrer dels Sapadors", "oneway": true, "reversed": "False", "length": 34.426544986511644, "width": null, "junction": null, "bridge": null, "tunnel": null, "access": null, "ref": null}, "geometry": {"type": "LineString", "coordinates": [[-0.3672032, 39.4559644], [-0.3672927, 39.4561079], [-0.3673773, 39.4562433]]}}, {"type": "Feature", "properties": {"u": 112597009, "v": 112597013, "key": 0, "osmid": "12386489", "highway": "secondary", "lanes": null, "maxspeed": null, "name": "Carrer de Sant Vicent M\u00e0rtir", "oneway": true, "reversed": "False", "length": 6.7623152333733545, "width": null, "junction": null, "bridge": null, "tunnel": null, "access": null, "ref": null}, "geometry": {"type": "LineString", "coordinates": [[-0.3858741, 39.4479049], [-0.3858217, 39.4478595]]}}, {"type": "Feature", "properties": {"u": 112814840, "v": 112817299, "key": 0, "osmid": "727472890", "highway": "primary", "lanes": "2", "maxspeed": "50", "name": "Avinguda de Peris i Valero", "oneway": true, "reversed": "False", "length": 99.07739904149783, "width": null, "junction": null, "bridge": null, "tunnel": null, "access": null, "ref": null}, "geometry": {"type": "LineString", "coordinates": [[-0.3683006, 39.4601201], [-0.368516, 39.4600299], [-0.369315, 39.4596952]]}}, {"type": "Feature", "properties": {"u": 112818510, "v": 112815432, "key": 0, "osmid": "52092223", "highway": "residential", "lanes": "1", "maxspeed": "30", "name": "Carrer de Pere III el Gran", "oneway": true, "reversed": "False", "length": 97.08244305498133, "width": null, "junction": null, "bridge": null, "tunnel": null, "access": null, "ref": null}, "geometry": {"type": "LineString", "coordinates": [[-0.3687795, 39.4626631], [-0.3678803, 39.4630512], [-0.3677918, 39.4630883]]}}, {"type": "Feature", "properties": {"u": 112821463, "v": 112815775, "key": 0, "osmid": "52092209", "highway": "residential", "lanes": null, "maxspeed": "30", "name": "Carrer del Literat Azor\u00edn", "oneway": true, "reversed": "False", "length": 133.57585937466237, "width": null, "junction": null, "bridge": null, "tunnel": null, "access": null, "ref": null}, "geometry": {"type": "LineString", "coordinates": [[-0.3743148, 39.460347], [-0.3729449, 39.4609166]]}}, {"type": "Feature", "properties": {"u": 113391205, "v": 111148812, "key": 0, "osmid": "146381182", "highway": "secondary", "lanes": "4", "maxspeed": null, "name": "Carrer de Sant Vicent M\u00e0rtir", "oneway": true, "reversed": "False", "length": 50.45633098696856, "width": null, "junction": null, "bridge": null, "tunnel": null, "access": null, "ref": null}, "geometry": {"type": "LineString", "coordinates": [[-0.3835958, 39.4571327], [-0.3834633, 39.4574113], [-0.3834082, 39.4575624]]}}, {"type": "Feature", "properties": {"u": 115577579, "v": 115577583, "key": 0, "osmid": "600143768", "highway": "secondary", "lanes": null, "maxspeed": null, "name": "Avinguda d'Amado Granell Mesado", "oneway": true, "reversed": "False", "length": 8.35018537253849, "width": null, "junction": null, "bridge": null, "tunnel": null, "access": null, "ref": null}, "geometry": {"type": "LineString", "coordinates": [[-0.3661885, 39.4609198], [-0.3662445, 39.4609812]]}}, {"type": "Feature", "properties": {"u": 116137869, "v": 116137855, "key": 0, "osmid": "12714863", "highway": "residential", "lanes": "1", "maxspeed": null, "name": "Pla\u00e7a d'Enric Granados", "oneway": true, "reversed": "False", "length": 139.18266283543883, "width": null, "junction": null, "bridge": null, "tunnel": null, "access": null, "ref": null}, "geometry": {"type": "LineString", "coordinates": [[-0.3939154, 39.461801], [-0.3939595, 39.4618217], [-0.3939832, 39.4618331], [-0.3952933, 39.4624606]]}}, {"type": "Feature", "properties": {"u": 118001185, "v": 429652688, "key": 0, "osmid": [36950230, 1330583623], "highway": "trunk_link", "lanes": "1", "maxspeed": ["40", "60"], "name": null, "oneway": true, "reversed": "False", "length": 313.1187383457575, "width": null, "junction": null, "bridge": null, "tunnel": null, "access": null, "ref": null}, "geometry": {"type": "LineString", "coordinates": [[-0.343243, 39.4269742], [-0.343064, 39.4268597], [-0.3427585, 39.4267296], [-0.3424472, 39.4265773], [-0.3420214, 39.4263471], [-0.3416429, 39.426073], [-0.341366, 39.4258541], [-0.34121, 39.4257168], [-0.3411379, 39.4256362], [-0.341085, 39.425554], [-0.3410497, 39.425464], [-0.3410525, 39.4253839], [-0.3410725, 39.4253054], [-0.3411332, 39.4251689], [-0.3412169, 39.4250447], [-0.3412557, 39.4249892]]}}, {"type": "Feature", "properties": {"u": 118002264, "v": 118002276, "key": 0, "osmid": "36950245", "highway": "unclassified", "lanes": null, "maxspeed": null, "name": null, "oneway": false, "reversed": "False", "length": 70.04594683473482, "width": null, "junction": null, "bridge": null, "tunnel": null, "access": null, "ref": null}, "geometry": {"type": "LineString", "coordinates": [[-0.3366071, 39.4277732], [-0.3373472, 39.4280378]]}}, {"type": "Feature", "properties": {"u": 120324535, "v": 344066200, "key": 0, "osmid": "45074015", "highway": "residential", "lanes": "1", "maxspeed": null, "name": "Carrer d'Alfarras\u00ed", "oneway": true, "reversed": "False", "length": 79.62735967769993, "width": null, "junction": null, "bridge": null, "tunnel": null, "access": null, "ref": null}, "geometry": {"type": "LineString", "coordinates": [[-0.4263425, 39.5019051], [-0.4262751, 39.50193], [-0.4262187, 39.5019525], [-0.425512, 39.5022247]]}}, {"type": "Feature", "properties": {"u": 120354420, "v": 115578853, "key": 0, "osmid": "12658109", "highway": "secondary", "lanes": "3", "maxspeed": null, "name": "Carrer del Camp de T\u00faria", "oneway": true, "reversed": "False", "length": 102.58168980134674, "width": null, "junction": null, "bridge": null, "tunnel": null, "access": null, "ref": null}, "geometry": {"type": "LineString", "coordinates": [[-0.4069962, 39.4928427], [-0.4077612, 39.4925107], [-0.4078036, 39.4924924], [-0.4078675, 39.4924729], [-0.4079601, 39.4924534], [-0.4080639, 39.4924441]]}}, {"type": "Feature", "properties": {"u": 123789763, "v": 123789754, "key": 0, "osmid": "13470119", "highway": "residential", "lanes": null, "maxspeed": null, "name": "Carrer del Bon Orde", "oneway": true, "reversed": "False", "length": 151.152123430241, "width": null, "junction": null, "bridge": null, "tunnel": null, "access": null, "ref": null}, "geometry": {"type": "LineString", "coordinates": [[-0.3862947, 39.4666601], [-0.3864229, 39.4667062], [-0.3864697, 39.4667418], [-0.3864883, 39.4667685], [-0.3868869, 39.46733], [-0.3869231, 39.4673791], [-0.387216, 39.4677938]]}}, {"type": "Feature", "properties": {"u": 126094019, "v": 254902049, "key": 0, "osmid": "52391671", "highway": "tertiary", "lanes": null, "maxspeed": null, "name": "Carrer d'Enguera", "oneway": true, "reversed": "False", "length": 169.76929891622484, "width": null, "junction": null, "bridge": null, "tunnel": null, "access": null, "ref": null}, "geometry": {"type": "LineString", "coordinates": [[-0.3944043, 39.4654706], [-0.3944772, 39.4656576], [-0.3947096, 39.46618], [-0.3950105, 39.4669237]]}}, {"type": "Feature", "properties": {"u": 128249228, "v": 442029708, "key": 0, "osmid": "18972729", "highway": "primary", "lanes": "2", "maxspeed": "50", "name": "Avinguda de Tirso de Molina", "oneway": true, "reversed": "False", "length": 112.1469578000279, "width": null, "junction": null, "bridge": null, "tunnel": null, "access": null, "ref": null}, "geometry": {"type": "LineString", "coordinates": [[-0.3929609, 39.47816], [-0.394097, 39.4776618]]}}, {"type": "Feature", "properties": {"u": 128249503, "v": 179677880, "key": 0, "osmid": "13787447", "highway": "tertiary", "lanes": "2", "maxspeed": null, "name": "Carrer de l'Argenter Su\u00e0rez", "oneway": true, "reversed": "False", "length": 91.92090002948075, "width": null, "junction": null, "bridge": null, "tunnel": null, "access": null, "ref": null}, "geometry": {"type": "LineString", "coordinates": [[-0.3721233, 39.4852539], [-0.3722074, 39.4852623], [-0.3723083, 39.4852741], [-0.3724092, 39.4852899], [-0.3725074, 39.4853075], [-0.3728042, 39.4853715], [-0.3730706, 39.4854189], [-0.3731678, 39.4854331]]}}, {"type": "Feature", "properties": {"u": 128273925, "v": 128273931, "key": 0, "osmid": "11974877", "highway": "residential", "lanes": "1", "maxspeed": "30", "name": "Carrer de Jacint Labaila", "oneway": true, "reversed": "False", "length": 115.66829847570047, "width": null, "junction": null, "bridge": null, "tunnel": null, "access": null, "ref": null}, "geometry": {"type": "LineString", "coordinates": [[-0.3916777, 39.4587539], [-0.3910039, 39.4596547]]}}, {"type": "Feature", "properties": {"u": 128296894, "v": 254902207, "key": 0, "osmid": "12386455", "highway": "secondary", "lanes": "2", "maxspeed": "50", "name": "Avinguda de Gaspar Aguilar", "oneway": false, "reversed": "True", "length": 43.233682773154534, "width": null, "junction": null, "bridge": null, "tunnel": null, "access": null, "ref": null}, "geometry": {"type": "LineString", "coordinates": [[-0.392197, 39.4536885], [-0.3919701, 39.4540356]]}}, {"type": "Feature", "properties": {"u": 129607863, "v": 129607865, "key": 0, "osmid": "13839702", "highway": "residential", "lanes": null, "maxspeed": "50", "name": "Carrer de Joan Lloren\u00e7", "oneway": true, "reversed": "False", "length": 146.9155257979122, "width": null, "junction": null, "bridge": null, "tunnel": null, "access": null, "ref": null}, "geometry": {"type": "LineString", "coordinates": [[-0.3895372, 39.4710236], [-0.3902688, 39.4720729], [-0.3902885, 39.4721011], [-0.3903539, 39.4721846]]}}, {"type": "Feature", "properties": {"u": 130037737, "v": 130037736, "key": 0, "osmid": "13859576", "highway": "residential", "lanes": null, "maxspeed": null, "name": "Carrer de Gonz\u00e1lez Mart\u00ed", "oneway": true, "reversed": "False", "length": 125.86125951597114, "width": null, "junction": null, "bridge": null, "tunnel": null, "access": null, "ref": null}, "geometry": {"type": "LineString", "coordinates": [[-0.3936076, 39.4744074], [-0.3930001, 39.4735023], [-0.3929829, 39.4734768], [-0.392933, 39.4734024]]}}, {"type": "Feature", "properties": {"u": 131943240, "v": 131943242, "key": 0, "osmid": "626724348", "highway": "tertiary", "lanes": null, "maxspeed": null, "name": "Avinguda del Cardenal Benlloch", "oneway": true, "reversed": "False", "length": 17.428847119122935, "width": null, "junction": null, "bridge": null, "tunnel": null, "access": null, "ref": null}, "geometry": {"type": "LineString", "coordinates": [[-0.3543088, 39.4716811], [-0.354371, 39.4716642], [-0.3544155, 39.4716501], [-0.3544974, 39.4716232]]}}, {"type": "Feature", "properties": {"u": 132010620, "v": 7289321095, "key": 0, "osmid": "13951237", "highway": "tertiary", "lanes": null, "maxspeed": null, "name": null, "oneway": true, "reversed": "False", "length": 11.155316879363795, "width": null, "junction": "circular", "bridge": null, "tunnel": null, "access": null, "ref": null}, "geometry": {"type": "LineString", "coordinates": [[-0.3540262, 39.4822098], [-0.3539678, 39.4822486], [-0.3539451, 39.4822855]]}}, {"type": "Feature", "properties": {"u": 132030043, "v": 2281179796, "key": 0, "osmid": "13952519", "highway": "tertiary", "lanes": "1", "maxspeed": "30", "name": "Carrer del Doctor Vicent Zaragoz\u00e0", "oneway": true, "reversed": "False", "length": 55.95492031947899, "width": "2.9", "junction": null, "bridge": null, "tunnel": null, "access": null, "ref": null}, "geometry": {"type": "LineString", "coordinates": [[-0.3650098, 39.4855402], [-0.3646867, 39.4854368], [-0.3644039, 39.4853545]]}}, {"type": "Feature", "properties": {"u": 132104457, "v": 132104448, "key": 0, "osmid": "41974791", "highway": "secondary", "lanes": null, "maxspeed": null, "name": "Avinguda de l'Enginyer Manuel Soto", "oneway": false, "reversed": "True", "length": 53.0249891860578, "width": null, "junction": null, "bridge": null, "tunnel": null, "access": null, "ref": null}, "geometry": {"type": "LineString", "coordinates": [[-0.3302603, 39.4547805], [-0.3302064, 39.4548503], [-0.3301636, 39.4549189], [-0.3301276, 39.4549922], [-0.3301061, 39.4550489], [-0.3300997, 39.4550741], [-0.3300925, 39.4551024], [-0.3300862, 39.4551279], [-0.3300779, 39.4551619], [-0.3300784, 39.4552288]]}}, {"type": "Feature", "properties": {"u": 132194141, "v": 843866290, "key": 0, "osmid": "13963491", "highway": "residential", "lanes": null, "maxspeed": null, "name": "Carrer de Jos\u00e9 Ballester Gozalvo", "oneway": true, "reversed": "False", "length": 182.26822060053178, "width": null, "junction": null, "bridge": null, "tunnel": null, "access": null, "ref": null}, "geometry": {"type": "LineString", "coordinates": [[-0.3252113, 39.4829757], [-0.3251536, 39.4829371], [-0.3251449, 39.482911], [-0.3251372, 39.4828881], [-0.3250721, 39.4814502], [-0.325068, 39.4813594]]}}, {"type": "Feature", "properties": {"u": 138318459, "v": 138318522, "key": 0, "osmid": "14336152", "highway": "residential", "lanes": null, "maxspeed": null, "name": "Carrer de la Miraculosa", "oneway": false, "reversed": "True", "length": 115.19610236581623, "width": null, "junction": null, "bridge": null, "tunnel": null, "access": null, "ref": null}, "geometry": {"type": "LineString", "coordinates": [[-0.3735134, 39.4843566], [-0.3734858, 39.4844185], [-0.3734447, 39.4845657], [-0.3733419, 39.4849345], [-0.3732498, 39.4852646], [-0.373243, 39.4852889], [-0.3732103, 39.485365]]}}, {"type": "Feature", "properties": {"u": 139246884, "v": 139246889, "key": 0, "osmid": "14349477", "highway": "residential", "lanes": null, "maxspeed": null, "name": "Carrer de Lleida", "oneway": true, "reversed": "False", "length": 8.251282757377448, "width": null, "junction": null, "bridge": null, "tunnel": null, "access": null, "ref": null}, "geometry": {"type": "LineString", "coordinates": [[-0.3752532, 39.4838866], [-0.3752732, 39.4838496], [-0.3752822, 39.4838162]]}}, {"type": "Feature", "properties": {"u": 141589269, "v": 141589273, "key": 0, "osmid": "14444110", "highway": "residential", "lanes": null, "maxspeed": null, "name": "Carrer del Pintor Genaro Lahuerta", "oneway": true, "reversed": "False", "length": 24.477552310354557, "width": null, "junction": null, "bridge": null, "tunnel": null, "access": null, "ref": null}, "geometry": {"type": "LineString", "coordinates": [[-0.3677156, 39.4848095], [-0.3676956, 39.4847992], [-0.3676594, 39.4847939], [-0.367627, 39.4848001], [-0.3674877, 39.4849009]]}}, {"type": "Feature", "properties": {"u": 159719392, "v": 159719406, "key": 0, "osmid": "15896017", "highway": "residential", "lanes": null, "maxspeed": null, "name": "Carrer de Rub\u00e9n Dar\u00edo", "oneway": false, "reversed": "False", "length": 10.545932011406258, "width": null, "junction": null, "bridge": null, "tunnel": null, "access": null, "ref": null}, "geometry": {"type": "LineString", "coordinates": [[-0.353317, 39.4768095], [-0.3533241, 39.4767905], [-0.3533453, 39.4767377], [-0.3533529, 39.4767188]]}}, {"type": "Feature", "properties": {"u": 179619122, "v": 179677880, "key": 0, "osmid": "17349065", "highway": "residential", "lanes": null, "maxspeed": null, "name": "Carrer de Bilbao", "oneway": true, "reversed": "False", "length": 142.32874340014553, "width": null, "junction": null, "bridge": null, "tunnel": null, "access": null, "ref": null}, "geometry": {"type": "LineString", "coordinates": [[-0.3727861, 39.4866754], [-0.3728306, 39.4865297], [-0.3729745, 39.4861033], [-0.3729746, 39.4860054], [-0.3730204, 39.4858337], [-0.3731087, 39.4855845], [-0.3731678, 39.4854331]]}}, {"type": "Feature", "properties": {"u": 180427087, "v": 180427101, "key": 0, "osmid": "17436791", "highway": "residential", "lanes": null, "maxspeed": null, "name": "Carrer de Sant Bru", "oneway": true, "reversed": "False", "length": 159.73526970506342, "width": null, "junction": null, "bridge": null, "tunnel": null, "access": null, "ref": null}, "geometry": {"type": "LineString", "coordinates": [[-0.3727702, 39.4901367], [-0.3728554, 39.4901311], [-0.3745343, 39.4900306], [-0.3746245, 39.4900445]]}}, {"type": "Feature", "properties": {"u": 181300744, "v": 11595532201, "key": 0, "osmid": "17505087", "highway": "residential", "lanes": null, "maxspeed": null, "name": "Carrer de Just Ram\u00edrez (arquitecte)", "oneway": true, "reversed": "False", "length": 40.949169870120585, "width": null, "junction": null, "bridge": null, "tunnel": null, "access": null, "ref": null}, "geometry": {"type": "LineString", "coordinates": [[-0.3753755, 39.4901335], [-0.3755445, 39.4900941], [-0.3758323, 39.490027]]}}, {"type": "Feature", "properties": {"u": 181310396, "v": 181309657, "key": 0, "osmid": "17505142", "highway": "residential", "lanes": null, "maxspeed": null, "name": "Avinguda de Portugal", "oneway": false, "reversed": "False", "length": 28.89174561813102, "width": null, "junction": null, "bridge": null, "tunnel": null, "access": null, "ref": null}, "geometry": {"type": "LineString", "coordinates": [[-0.3780766, 39.4880083], [-0.377753, 39.48808]]}}, {"type": "Feature", "properties": {"u": 190122278, "v": 190122269, "key": 0, "osmid": "18439289", "highway": "residential", "lanes": null, "maxspeed": null, "name": "Carrer de Just Ram\u00edrez (arquitecte)", "oneway": false, "reversed": "False", "length": 30.823100027076975, "width": null, "junction": null, "bridge": null, "tunnel": null, "access": null, "ref": null}, "geometry": {"type": "LineString", "coordinates": [[-0.3804387, 39.4889925], [-0.3800962, 39.489076]]}}, {"type": "Feature", "properties": {"u": 191837680, "v": 191837683, "key": 0, "osmid": "18596092", "highway": "residential", "lanes": null, "maxspeed": "30", "name": "Carrer del Periodista Llorente", "oneway": true, "reversed": "False", "length": 88.46576717037304, "width": null, "junction": null, "bridge": null, "tunnel": null, "access": null, "ref": null}, "geometry": {"type": "LineString", "coordinates": [[-0.3819909, 39.483985], [-0.3822657, 39.4847518]]}}, {"type": "Feature", "properties": {"u": 193553240, "v": 1975855780, "key": 0, "osmid": [186836711, 186836712, 186836715, 186836718, 18752887], "highway": "residential", "lanes": null, "maxspeed": null, "name": "Carrer del Reverend Rafael Ramon Llin", "oneway": true, "reversed": "False", "length": 152.64767546393378, "width": null, "junction": null, "bridge": null, "tunnel": "yes", "access": null, "ref": null}, "geometry": {"type": "LineString", "coordinates": [[-0.3847851, 39.4829692], [-0.3846789, 39.4830161], [-0.3845765, 39.4830602], [-0.3838099, 39.4833817], [-0.3835185, 39.4836473], [-0.3834527, 39.483705], [-0.3833764, 39.4837725]]}}, {"type": "Feature", "properties": {"u": 193553334, "v": 11756543252, "key": 0, "osmid": "1394190043", "highway": "residential", "lanes": null, "maxspeed": null, "name": "Carrer d'El\u00edas Borr\u00e0s (Poeta)", "oneway": false, "reversed": "False", "length": 8.675117966487955, "width": null, "junction": null, "bridge": null, "tunnel": null, "access": null, "ref": null}, "geometry": {"type": "LineString", "coordinates": [[-0.3856902, 39.4836213], [-0.3856812, 39.4836028], [-0.3856769, 39.4835883], [-0.3856733, 39.4835775], [-0.3856543, 39.4835488]]}}, {"type": "Feature", "properties": {"u": 206354093, "v": 206354098, "key": 0, "osmid": "19801820", "highway": "residential", "lanes": null, "maxspeed": null, "name": "Carrer d'en Guillem Ferrer", "oneway": true, "reversed": "False", "length": 73.23640429755895, "width": null, "junction": null, "bridge": null, "tunnel": null, "access": null, "ref": null}, "geometry": {"type": "LineString", "coordinates": [[-0.3864208, 39.4878079], [-0.3864427, 39.4878678], [-0.386502, 39.4880305], [-0.386652, 39.4884419]]}}, {"type": "Feature", "properties": {"u": 206357839, "v": 206357844, "key": 0, "osmid": "19802183", "highway": "residential", "lanes": null, "maxspeed": null, "name": "Carrer de Marxalenes", "oneway": true, "reversed": "False", "length": 61.488949944242165, "width": null, "junction": null, "bridge": null, "tunnel": null, "access": null, "ref": null}, "geometry": {"type": "LineString", "coordinates": [[-0.3848703, 39.486575], [-0.3851963, 39.4865021], [-0.3855585, 39.4864211]]}}, {"type": "Feature", "properties": {"u": 206906793, "v": 206906797, "key": 0, "osmid": "19823389", "highway": "residential", "lanes": null, "maxspeed": null, "name": "Carrer del Iol", "oneway": true, "reversed": "False", "length": 55.95678709101998, "width": null, "junction": null, "bridge": null, "tunnel": null, "access": null, "ref": null}, "geometry": {"type": "LineString", "coordinates": [[-0.3844869, 39.4877081], [-0.3851148, 39.4875724]]}}, {"type": "Feature", "properties": {"u": 208232460, "v": 208232455, "key": 0, "osmid": "640493168", "highway": "primary", "lanes": "3", "maxspeed": "50", "name": "Gran Via del Marqu\u00e9s del T\u00faria", "oneway": true, "reversed": "False", "length": 65.82555305074807, "width": null, "junction": null, "bridge": null, "tunnel": null, "access": null, "ref": null}, "geometry": {"type": "LineString", "coordinates": [[-0.3719071, 39.4655323], [-0.3717633, 39.4655917], [-0.37138, 39.46575], [-0.371231, 39.4658116]]}}, {"type": "Feature", "properties": {"u": 243820522, "v": 243820527, "key": 0, "osmid": "22730091", "highway": "residential", "lanes": null, "maxspeed": "30", "name": "Carrer de la Motonau", "oneway": false, "reversed": "True", "length": 23.418759968270095, "width": null, "junction": null, "bridge": null, "tunnel": null, "access": null, "ref": null}, "geometry": {"type": "LineString", "coordinates": [[-0.3876037, 39.4848412], [-0.3875722, 39.4847962], [-0.387474, 39.4846559]]}}, {"type": "Feature", "properties": {"u": 243820559, "v": 243820557, "key": 0, "osmid": "960751052", "highway": "secondary", "lanes": "2", "maxspeed": null, "name": "Avinguda de Campanar", "oneway": true, "reversed": "False", "length": 23.502253629545326, "width": null, "junction": null, "bridge": null, "tunnel": null, "access": null, "ref": null}, "geometry": {"type": "LineString", "coordinates": [[-0.3906618, 39.4860987], [-0.3905646, 39.4862963]]}}, {"type": "Feature", "properties": {"u": 243982691, "v": 10945878664, "key": 0, "osmid": "22740808", "highway": "residential", "lanes": null, "maxspeed": null, "name": "Carrer de Conchita Piquer", "oneway": true, "reversed": "False", "length": 118.26873224657825, "width": null, "junction": null, "bridge": null, "tunnel": null, "access": null, "ref": null}, "geometry": {"type": "LineString", "coordinates": [[-0.391998, 39.4872983], [-0.3913867, 39.4864487], [-0.3913635, 39.4864165], [-0.3913486, 39.4863961], [-0.3913341, 39.4863666]]}}, {"type": "Feature", "properties": {"u": 246405469, "v": 10941569033, "key": 0, "osmid": "114102524", "highway": "primary", "lanes": "5", "maxspeed": null, "name": "Avinguda del Mestre Rodrigo", "oneway": true, "reversed": "False", "length": 5.384362127996496, "width": null, "junction": null, "bridge": null, "tunnel": null, "access": null, "ref": null}, "geometry": {"type": "LineString", "coordinates": [[-0.3972465, 39.477126], [-0.3972768, 39.4771684]]}}, {"type": "Feature", "properties": {"u": 247319256, "v": 247319259, "key": 0, "osmid": "22944504", "highway": "residential", "lanes": null, "maxspeed": null, "name": "Carrer de la Parra", "oneway": false, "reversed": "True", "length": 24.69914592363442, "width": null, "junction": null, "bridge": null, "tunnel": null, "access": null, "ref": null}, "geometry": {"type": "LineString", "coordinates": [[-0.3965663, 39.4832105], [-0.3967, 39.4834072]]}}, {"type": "Feature", "properties": {"u": 247652382, "v": 247652383, "key": 0, "osmid": "22893977", "highway": "residential", "lanes": null, "maxspeed": null, "name": "Pla\u00e7a de Badajoz", "oneway": false, "reversed": "True", "length": 67.93325675954476, "width": null, "junction": null, "bridge": null, "tunnel": null, "access": null, "ref": null}, "geometry": {"type": "LineString", "coordinates": [[-0.3997346, 39.4819118], [-0.3998084, 39.4818984], [-0.4003152, 39.4816778], [-0.4004318, 39.481627]]}}, {"type": "Feature", "properties": {"u": 248160277, "v": 257428787, "key": 0, "osmid": "23760915", "highway": "residential", "lanes": null, "maxspeed": null, "name": "Carrer de Miquel Navarro", "oneway": true, "reversed": "False", "length": 152.29604212503332, "width": null, "junction": null, "bridge": null, "tunnel": null, "access": null, "ref": null}, "geometry": {"type": "LineString", "coordinates": [[-0.3999961, 39.4807178], [-0.4001225, 39.4806758], [-0.4001744, 39.4806533], [-0.4014036, 39.4801209], [-0.4015496, 39.480057]]}}, {"type": "Feature", "properties": {"u": 248924667, "v": 257429243, "key": 0, "osmid": "12343071", "highway": "primary", "lanes": "4", "maxspeed": "50", "name": "Avinguda del Mestre Rodrigo", "oneway": true, "reversed": "False", "length": 119.64623229385589, "width": null, "junction": null, "bridge": null, "tunnel": null, "access": null, "ref": null}, "geometry": {"type": "LineString", "coordinates": [[-0.4038265, 39.4862913], [-0.4038723, 39.4863599], [-0.4044981, 39.4872342]]}}, {"type": "Feature", "properties": {"u": 249528520, "v": 249528526, "key": 0, "osmid": "23113285", "highway": "residential", "lanes": "2", "maxspeed": null, "name": "Carrer de Xile", "oneway": true, "reversed": "False", "length": 117.30676441515557, "width": null, "junction": null, "bridge": null, "tunnel": null, "access": null, "ref": null}, "geometry": {"type": "LineString", "coordinates": [[-0.356762, 39.4706958], [-0.3567967, 39.4706779], [-0.3569882, 39.4706096], [-0.3577815, 39.4703375], [-0.3578636, 39.4703179], [-0.3579434, 39.4703091], [-0.3580227, 39.4703087]]}}, {"type": "Feature", "properties": {"u": 250290646, "v": 249528572, "key": 0, "osmid": "23160076", "highway": "residential", "lanes": null, "maxspeed": "30", "name": "Carrer de l'Antiga Senda d'En Senent", "oneway": true, "reversed": "False", "length": 70.23965570401816, "width": "5.7", "junction": null, "bridge": null, "tunnel": null, "access": null, "ref": null}, "geometry": {"type": "LineString", "coordinates": [[-0.3581708, 39.4668653], [-0.3581182, 39.4669736], [-0.3579478, 39.4673239], [-0.3579219, 39.4673767], [-0.3578826, 39.4674565]]}}, {"type": "Feature", "properties": {"u": 250293113, "v": 250293115, "key": 0, "osmid": "23160477", "highway": "residential", "lanes": null, "maxspeed": null, "name": "Carrer de l'Amistat", "oneway": false, "reversed": "False", "length": 119.84260132251754, "width": null, "junction": null, "bridge": null, "tunnel": null, "access": null, "ref": null}, "geometry": {"type": "LineString", "coordinates": [[-0.3519782, 39.4747927], [-0.3520078, 39.4747311], [-0.3522186, 39.4742919], [-0.3524305, 39.4738505], [-0.3524616, 39.4737816]]}}, {"type": "Feature", "properties": {"u": 251046374, "v": 252629825, "key": 0, "osmid": "721261693", "highway": "residential", "lanes": null, "maxspeed": "50", "name": "Carrer del Comte de Torrefiel", "oneway": true, "reversed": "False", "length": 105.61963329853826, "width": null, "junction": null, "bridge": null, "tunnel": null, "access": null, "ref": null}, "geometry": {"type": "LineString", "coordinates": [[-0.3770002, 39.4966194], [-0.3771562, 39.4975616]]}}, {"type": "Feature", "properties": {"u": 251048112, "v": 257608025, "key": 0, "osmid": "154006721", "highway": "tertiary", "lanes": null, "maxspeed": "50", "name": "Cam\u00ed de Montcada", "oneway": false, "reversed": "True", "length": 66.31001067326935, "width": null, "junction": null, "bridge": null, "tunnel": null, "access": null, "ref": null}, "geometry": {"type": "LineString", "coordinates": [[-0.3788614, 39.4916392], [-0.378606, 39.4912163], [-0.378568, 39.4911529], [-0.3785299, 39.4911007]]}}, {"type": "Feature", "properties": {"u": 251048771, "v": 251048108, "key": 0, "osmid": "23776931", "highway": "residential", "lanes": null, "maxspeed": null, "name": "Carrer del Marqu\u00e9s de Montortal", "oneway": true, "reversed": "False", "length": 64.03919695136099, "width": null, "junction": null, "bridge": null, "tunnel": null, "access": null, "ref": null}, "geometry": {"type": "LineString", "coordinates": [[-0.3746381, 39.4919871], [-0.374646, 39.4920119], [-0.3746658, 39.4920741], [-0.3748138, 39.4924702], [-0.374838, 39.4925419]]}}, {"type": "Feature", "properties": {"u": 252108758, "v": 252108763, "key": 0, "osmid": "23290336", "highway": "residential", "lanes": null, "maxspeed": "30", "name": "Carrer de la Pobla de Farnals", "oneway": true, "reversed": "False", "length": 93.22426350026157, "width": null, "junction": null, "bridge": null, "tunnel": null, "access": null, "ref": null}, "geometry": {"type": "LineString", "coordinates": [[-0.3499465, 39.4690642], [-0.3500576, 39.469098], [-0.3504559, 39.4692193], [-0.3509568, 39.4693718]]}}, {"type": "Feature", "properties": {"u": 252114090, "v": 252114083, "key": 0, "osmid": "23290822", "highway": "residential", "lanes": null, "maxspeed": null, "name": "Carrer d'Ast\u00faries", "oneway": true, "reversed": "False", "length": 60.356258494501574, "width": null, "junction": null, "bridge": null, "tunnel": null, "access": null, "ref": null}, "geometry": {"type": "LineString", "coordinates": [[-0.3560979, 39.4651771], [-0.3555761, 39.4648133]]}}, {"type": "Feature", "properties": {"u": 252330149, "v": 252330152, "key": 0, "osmid": "490911011", "highway": "secondary", "lanes": null, "maxspeed": null, "name": "Avinguda de la Constituci\u00f3", "oneway": true, "reversed": "False", "length": 21.98353427700256, "width": null, "junction": null, "bridge": null, "tunnel": null, "access": null, "ref": null}, "geometry": {"type": "LineString", "coordinates": [[-0.3704783, 39.4979846], [-0.3704487, 39.4981031], [-0.3704325, 39.4981791]]}}, {"type": "Feature", "properties": {"u": 252629830, "v": 252629837, "key": 0, "osmid": "23330418", "highway": "residential", "lanes": null, "maxspeed": "50", "name": "Carrer de Juan Pi\u00f1ol", "oneway": true, "reversed": "False", "length": 74.02491399405899, "width": null, "junction": null, "bridge": null, "tunnel": null, "access": null, "ref": null}, "geometry": {"type": "LineString", "coordinates": [[-0.3786316, 39.4971959], [-0.3788541, 39.4978391]]}}, {"type": "Feature", "properties": {"u": 252629891, "v": 252629892, "key": 0, "osmid": "1364980722", "highway": "tertiary", "lanes": "2", "maxspeed": "60", "name": "Cam\u00ed de Montcada", "oneway": false, "reversed": "True", "length": 57.89566568847676, "width": null, "junction": null, "bridge": null, "tunnel": null, "access": null, "ref": "CV-315"}, "geometry": {"type": "LineString", "coordinates": [[-0.3869517, 39.5152348], [-0.3869395, 39.5153523], [-0.3869259, 39.5156029], [-0.3869074, 39.5157542]]}}, {"type": "Feature", "properties": {"u": 252629984, "v": 252629969, "key": 0, "osmid": "23330430", "highway": "residential", "lanes": null, "maxspeed": null, "name": "Carrer de la Sant\u00edssima Creu", "oneway": false, "reversed": "False", "length": 53.12816099375973, "width": null, "junction": null, "bridge": null, "tunnel": null, "access": null, "ref": null}, "geometry": {"type": "LineString", "coordinates": [[-0.3862274, 39.5293951], [-0.3856223, 39.5294974]]}}, {"type": "Feature", "properties": {"u": 252650219, "v": 252650192, "key": 0, "osmid": "691607445", "highway": "secondary", "lanes": null, "maxspeed": null, "name": "Carrer del Duc de Mandas", "oneway": true, "reversed": "False", "length": 55.45903517874213, "width": null, "junction": null, "bridge": null, "tunnel": null, "access": null, "ref": null}, "geometry": {"type": "LineString", "coordinates": [[-0.3652902, 39.4905388], [-0.3653191, 39.4905016], [-0.3653274, 39.4904595], [-0.36533, 39.4904181], [-0.365322, 39.4903898], [-0.3653059, 39.4903615], [-0.3652743, 39.4903271], [-0.3652297, 39.4902967], [-0.3651352, 39.4902566], [-0.3650858, 39.4902426], [-0.3649649, 39.4902079]]}}, {"type": "Feature", "properties": {"u": 252986346, "v": 252986347, "key": 0, "osmid": "1416142564", "highway": "secondary", "lanes": "2", "maxspeed": null, "name": null, "oneway": true, "reversed": "False", "length": 24.018363457612324, "width": null, "junction": "roundabout", "bridge": null, "tunnel": null, "access": null, "ref": "CV-407"}, "geometry": {"type": "LineString", "coordinates": [[-0.3932038, 39.4296636], [-0.393278, 39.42962], [-0.3933294, 39.42956], [-0.3933525, 39.4294902]]}}, {"type": "Feature", "properties": {"u": 253235813, "v": 253235816, "key": 0, "osmid": [23388201, 1206705756, 1206705757], "highway": "tertiary", "lanes": null, "maxspeed": "30", "name": null, "oneway": true, "reversed": "False", "length": 38.354394975781865, "width": null, "junction": "roundabout", "bridge": null, "tunnel": null, "access": null, "ref": null}, "geometry": {"type": "LineString", "coordinates": [[-0.3476637, 39.4831905], [-0.3476181, 39.4831921], [-0.3475743, 39.483202], [-0.3475348, 39.4832195], [-0.3474975, 39.4832478], [-0.3474715, 39.4832827], [-0.3474586, 39.4833218], [-0.3474599, 39.4833622], [-0.3474744, 39.4833995], [-0.3475011, 39.4834326]]}}, {"type": "Feature", "properties": {"u": 253312469, "v": 253318449, "key": 0, "osmid": "77213045", "highway": "tertiary", "lanes": "1", "maxspeed": null, "name": "Carrer del Serpis", "oneway": true, "reversed": "False", "length": 33.43127969907807, "width": null, "junction": null, "bridge": null, "tunnel": null, "access": null, "ref": null}, "geometry": {"type": "LineString", "coordinates": [[-0.34158, 39.4739158], [-0.341539, 39.4738888], [-0.3414797, 39.4738543], [-0.3413761, 39.473821], [-0.3412747, 39.4737959], [-0.3412331, 39.4737887]]}}, {"type": "Feature", "properties": {"u": 253312731, "v": 253312730, "key": 0, "osmid": "23396729", "highway": "residential", "lanes": null, "maxspeed": null, "name": "Carrer de Campillo de Altobuey", "oneway": false, "reversed": "True", "length": 29.209832227565443, "width": null, "junction": null, "bridge": null, "tunnel": null, "access": null, "ref": null}, "geometry": {"type": "LineString", "coordinates": [[-0.3361279, 39.4756569], [-0.3361405, 39.4756275], [-0.3362458, 39.4754105]]}}, {"type": "Feature", "properties": {"u": 253318444, "v": 253312500, "key": 0, "osmid": "444435386", "highway": "residential", "lanes": null, "maxspeed": null, "name": "Cam\u00ed del Cabanyal", "oneway": false, "reversed": "True", "length": 219.37903389208506, "width": null, "junction": null, "bridge": null, "tunnel": null, "access": null, "ref": null}, "geometry": {"type": "LineString", "coordinates": [[-0.3395575, 39.4743536], [-0.3396127, 39.4743693], [-0.3396789, 39.4743881], [-0.3406249, 39.474666], [-0.3410093, 39.4747797], [-0.3411079, 39.4748081], [-0.341823, 39.4750158], [-0.3419487, 39.4750503]]}}, {"type": "Feature", "properties": {"u": 253318506, "v": 253318494, "key": 0, "osmid": "1240213900", "highway": "residential", "lanes": null, "maxspeed": null, "name": "Carrer de l'Imatger Bussi", "oneway": false, "reversed": "True", "length": 39.082573548517274, "width": null, "junction": null, "bridge": null, "tunnel": null, "access": null, "ref": null}, "geometry": {"type": "LineString", "coordinates": [[-0.3352712, 39.4738843], [-0.3353931, 39.473624], [-0.3354348, 39.4735566]]}}, {"type": "Feature", "properties": {"u": 253487885, "v": 253487837, "key": 0, "osmid": "23413040", "highway": "tertiary", "lanes": "1", "maxspeed": "50", "name": "Carrer de Jos\u00e9 Mar\u00eda Haro (Magistrat)", "oneway": true, "reversed": "False", "length": 9.603436863586866, "width": null, "junction": null, "bridge": null, "tunnel": null, "access": null, "ref": null}, "geometry": {"type": "LineString", "coordinates": [[-0.3393295, 39.4670904], [-0.3393137, 39.4671759]]}}, {"type": "Feature", "properties": {"u": 253488179, "v": 253488176, "key": 0, "osmid": "23413034", "highway": "residential", "lanes": null, "maxspeed": null, "name": null, "oneway": true, "reversed": "False", "length": 10.84918259000881, "width": null, "junction": "roundabout", "bridge": null, "tunnel": null, "access": null, "ref": null}, "geometry": {"type": "LineString", "coordinates": [[-0.3475956, 39.4712951], [-0.3477125, 39.4713322]]}}, {"type": "Feature", "properties": {"u": 253488224, "v": 253318465, "key": 0, "osmid": "191199128", "highway": "primary", "lanes": "3", "maxspeed": "50", "name": "Avinguda de Blasco Ib\u00e1\u00f1ez", "oneway": true, "reversed": "False", "length": 55.446588057438845, "width": null, "junction": null, "bridge": null, "tunnel": null, "access": null, "ref": null}, "geometry": {"type": "LineString", "coordinates": [[-0.337419, 39.4711881], [-0.3377989, 39.4713002], [-0.3380223, 39.4713663]]}}, {"type": "Feature", "properties": {"u": 253488437, "v": 11064526384, "key": 0, "osmid": "144309058", "highway": "residential", "lanes": null, "maxspeed": null, "name": "Carrer de l'Alguer", "oneway": true, "reversed": "False", "length": 4.200981260018436, "width": null, "junction": null, "bridge": null, "tunnel": null, "access": null, "ref": null}, "geometry": {"type": "LineString", "coordinates": [[-0.3414737, 39.470527], [-0.341519, 39.4705413]]}}, {"type": "Feature", "properties": {"u": 253488495, "v": 7873053959, "key": 0, "osmid": "820299463", "highway": "primary", "lanes": "3", "maxspeed": "50", "name": "Carrer de la Serradora", "oneway": true, "reversed": "False", "length": 39.54602834410286, "width": null, "junction": null, "bridge": null, "tunnel": null, "access": null, "ref": null}, "geometry": {"type": "LineString", "coordinates": [[-0.3362826, 39.4642745], [-0.3363978, 39.4640906], [-0.3364342, 39.4640381], [-0.3364872, 39.4639559]]}}, {"type": "Feature", "properties": {"u": 253488522, "v": 253488540, "key": 0, "osmid": "23413087", "highway": "residential", "lanes": "1", "maxspeed": null, "name": "Carrer de Ramiro de Maeztu", "oneway": true, "reversed": "False", "length": 115.85545408146972, "width": null, "junction": null, "bridge": null, "tunnel": null, "access": null, "ref": null}, "geometry": {"type": "LineString", "coordinates": [[-0.3478748, 39.46739], [-0.3470253, 39.4672346], [-0.3468502, 39.4671932], [-0.3465762, 39.467112]]}}, {"type": "Feature", "properties": {"u": 253496563, "v": 253496564, "key": 0, "osmid": "23413818", "highway": "residential", "lanes": null, "maxspeed": null, "name": "Carrer de la Historiadora Sylvia Romeu", "oneway": true, "reversed": "False", "length": 30.00941216278469, "width": null, "junction": null, "bridge": null, "tunnel": null, "access": null, "ref": null}, "geometry": {"type": "LineString", "coordinates": [[-0.348074, 39.4706323], [-0.3481671, 39.47044], [-0.3481964, 39.4703795]]}}, {"type": "Feature", "properties": {"u": 253496628, "v": 253496616, "key": 0, "osmid": "23413843", "highway": "residential", "lanes": null, "maxspeed": null, "name": "Carrer de Ramon Marquet", "oneway": true, "reversed": "False", "length": 73.57134808725208, "width": null, "junction": null, "bridge": null, "tunnel": null, "access": null, "ref": null}, "geometry": {"type": "LineString", "coordinates": [[-0.3457421, 39.4646795], [-0.3456401, 39.464648], [-0.3455892, 39.4646323], [-0.344943, 39.4644404]]}}, {"type": "Feature", "properties": {"u": 253705152, "v": 253705199, "key": 0, "osmid": "960754014", "highway": "primary", "lanes": "3", "maxspeed": "50", "name": "Carrer de Menorca", "oneway": true, "reversed": "False", "length": 132.6737952596192, "width": null, "junction": null, "bridge": null, "tunnel": null, "access": null, "ref": null}, "geometry": {"type": "LineString", "coordinates": [[-0.3393526, 39.4613945], [-0.3395379, 39.4612806], [-0.340378, 39.4607807], [-0.3404181, 39.4607568], [-0.340574, 39.4606635]]}}, {"type": "Feature", "properties": {"u": 253705180, "v": 254010000, "key": 0, "osmid": "115600567", "highway": "primary", "lanes": "4", "maxspeed": "50", "name": "Avinguda de les Balears", "oneway": true, "reversed": "False", "length": 108.47914466197615, "width": null, "junction": null, "bridge": null, "tunnel": null, "access": null, "ref": null}, "geometry": {"type": "LineString", "coordinates": [[-0.3489027, 39.461182], [-0.3490184, 39.4612173], [-0.3492635, 39.4612921], [-0.3500779, 39.4615405]]}}, {"type": "Feature", "properties": {"u": 253705251, "v": 253705156, "key": 0, "osmid": "23425310", "highway": "residential", "lanes": null, "maxspeed": null, "name": "Carrer de Trafalgar", "oneway": true, "reversed": "False", "length": 109.04515667326658, "width": null, "junction": null, "bridge": null, "tunnel": null, "access": null, "ref": null}, "geometry": {"type": "LineString", "coordinates": [[-0.344744, 39.4619263], [-0.3442914, 39.4628426]]}}, {"type": "Feature", "properties": {"u": 253815276, "v": 11837714845, "key": 0, "osmid": "12658073", "highway": "secondary", "lanes": "2", "maxspeed": null, "name": "Avinguda d'Amado Granell Mesado (Militar)", "oneway": true, "reversed": "False", "length": 204.50619288011768, "width": null, "junction": null, "bridge": null, "tunnel": null, "access": null, "ref": null}, "geometry": {"type": "LineString", "coordinates": [[-0.3645958, 39.4583825], [-0.3645311, 39.4582943], [-0.3642226, 39.4578544], [-0.3640316, 39.4575823], [-0.3635778, 39.4569352], [-0.3635588, 39.4569091], [-0.3635446, 39.4568603], [-0.3635482, 39.4568087], [-0.3635659, 39.4567497]]}}, {"type": "Feature", "properties": {"u": 253828150, "v": 253828149, "key": 0, "osmid": "437072287", "highway": "primary", "lanes": "4", "maxspeed": "50", "name": "Avinguda d'Antonio Ferrandis (Actor)", "oneway": true, "reversed": "False", "length": 8.30133679079365, "width": null, "junction": null, "bridge": null, "tunnel": null, "access": null, "ref": null}, "geometry": {"type": "LineString", "coordinates": [[-0.3574569, 39.4510934], [-0.3575395, 39.4510546]]}}, {"type": "Feature", "properties": {"u": 254010057, "v": 254010035, "key": 0, "osmid": "23454500", "highway": "residential", "lanes": null, "maxspeed": null, "name": "Carrer de Luis Bolinches Compa\u00f1", "oneway": true, "reversed": "False", "length": 15.080857006898349, "width": null, "junction": null, "bridge": null, "tunnel": null, "access": null, "ref": null}, "geometry": {"type": "LineString", "coordinates": [[-0.3483573, 39.4581251], [-0.3481899, 39.458084]]}}, {"type": "Feature", "properties": {"u": 254010621, "v": 254010623, "key": 0, "osmid": "23454533", "highway": "residential", "lanes": "1", "maxspeed": null, "name": "Carrer de M\u00e9ndez N\u00fa\u00f1ez", "oneway": true, "reversed": "False", "length": 64.0910579108841, "width": null, "junction": null, "bridge": null, "tunnel": null, "access": null, "ref": null}, "geometry": {"type": "LineString", "coordinates": [[-0.3369628, 39.4595068], [-0.3370389, 39.4595204], [-0.3372547, 39.4595602], [-0.3376891, 39.4596401]]}}, {"type": "Feature", "properties": {"u": 254010784, "v": 254015119, "key": 0, "osmid": "23454895", "highway": "residential", "lanes": null, "maxspeed": null, "name": "Carrer de la Mare de D\u00e9u del Puig", "oneway": true, "reversed": "False", "length": 27.61863675461473, "width": null, "junction": null, "bridge": null, "tunnel": null, "access": null, "ref": null}, "geometry": {"type": "LineString", "coordinates": [[-0.3365239, 39.4611128], [-0.3365271, 39.4612025], [-0.3365191, 39.4612268], [-0.3364767, 39.4613563]]}}, {"type": "Feature", "properties": {"u": 254015091, "v": 254015092, "key": 0, "osmid": "23454884", "highway": "residential", "lanes": null, "maxspeed": null, "name": "Carrer d'Escalante", "oneway": true, "reversed": "False", "length": 100.23738682605394, "width": null, "junction": null, "bridge": null, "tunnel": null, "access": null, "ref": null}, "geometry": {"type": "LineString", "coordinates": [[-0.3296492, 39.4742878], [-0.3295848, 39.4750712], [-0.329583, 39.4750935], [-0.3295727, 39.4751873]]}}, {"type": "Feature", "properties": {"u": 254015135, "v": 254020159, "key": 0, "osmid": "23455543", "highway": "residential", "lanes": null, "maxspeed": null, "name": "Carrer de Just Vilar", "oneway": true, "reversed": "False", "length": 66.13949530402265, "width": null, "junction": null, "bridge": null, "tunnel": null, "access": null, "ref": null}, "geometry": {"type": "LineString", "coordinates": [[-0.3342369, 39.4672844], [-0.3348822, 39.4673427], [-0.3350023, 39.4673526]]}}, {"type": "Feature", "properties": {"u": 254015157, "v": 254015160, "key": 0, "osmid": "23454906", "highway": "residential", "lanes": "1", "maxspeed": "30", "name": "Pla\u00e7a de Calabuig", "oneway": false, "reversed": "False", "length": 29.62217138438297, "width": null, "junction": null, "bridge": null, "tunnel": null, "access": null, "ref": null}, "geometry": {"type": "LineString", "coordinates": [[-0.3320796, 39.4638164], [-0.3320483, 39.4640817]]}}, {"type": "Feature", "properties": {"u": 254016346, "v": 1578314813, "key": 0, "osmid": "13963493", "highway": "tertiary", "lanes": null, "maxspeed": null, "name": "Carrer d'Eug\u00e8nia Vi\u00f1es", "oneway": true, "reversed": "False", "length": 63.7036727185821, "width": null, "junction": null, "bridge": null, "tunnel": null, "access": null, "ref": null}, "geometry": {"type": "LineString", "coordinates": [[-0.3255093, 39.4717448], [-0.3255089, 39.4711719]]}}, {"type": "Feature", "properties": {"u": 254016449, "v": 254016410, "key": 0, "osmid": "186336801", "highway": "residential", "lanes": null, "maxspeed": null, "name": "Carrer de Ramon de Rocafull", "oneway": true, "reversed": "False", "length": 93.75675633846414, "width": null, "junction": null, "bridge": null, "tunnel": null, "access": null, "ref": null}, "geometry": {"type": "LineString", "coordinates": [[-0.3322084, 39.4740879], [-0.3322155, 39.4740583], [-0.3323049, 39.4736868], [-0.3324006, 39.4732579]]}}, {"type": "Feature", "properties": {"u": 254020003, "v": 254020005, "key": 0, "osmid": "23455516", "highway": "residential", "lanes": null, "maxspeed": null, "name": "Carrer de la Barraca", "oneway": true, "reversed": "False", "length": 210.77599713124033, "width": null, "junction": null, "bridge": null, "tunnel": null, "access": null, "ref": null}, "geometry": {"type": "LineString", "coordinates": [[-0.329935, 39.463662], [-0.329818, 39.4645506], [-0.3296753, 39.4655469]]}}, {"type": "Feature", "properties": {"u": 254020062, "v": 11555282291, "key": 0, "osmid": "23455525", "highway": "tertiary", "lanes": "2", "maxspeed": null, "name": "Carrer del Pintor Ferrandis", "oneway": false, "reversed": "True", "length": 5.266452315577069, "width": null, "junction": null, "bridge": null, "tunnel": null, "access": null, "ref": null}, "geometry": {"type": "LineString", "coordinates": [[-0.330994, 39.4721207], [-0.331054, 39.4721306]]}}, {"type": "Feature", "properties": {"u": 254020099, "v": 3714027098, "key": 0, "osmid": [1243435201, 23455530], "highway": "residential", "lanes": null, "maxspeed": null, "name": "Carrer de Llu\u00eds Despuig", "oneway": true, "reversed": "False", "length": 207.54053368515787, "width": null, "junction": null, "bridge": null, "tunnel": null, "access": null, "ref": null}, "geometry": {"type": "LineString", "coordinates": [[-0.3318842, 39.4703805], [-0.3318922, 39.4703216], [-0.3319125, 39.4702288], [-0.3319999, 39.4699392], [-0.3321554, 39.4694054], [-0.3323874, 39.4686031], [-0.3324103, 39.46856]]}}, {"type": "Feature", "properties": {"u": 254021862, "v": 254021865, "key": 0, "osmid": "23455746", "highway": "residential", "lanes": null, "maxspeed": null, "name": "Carrer de Felip de Gauna", "oneway": true, "reversed": "False", "length": 34.6750631947493, "width": null, "junction": null, "bridge": null, "tunnel": null, "access": null, "ref": null}, "geometry": {"type": "LineString", "coordinates": [[-0.3342029, 39.471684], [-0.3339632, 39.4716433], [-0.3338094, 39.4716136]]}}, {"type": "Feature", "properties": {"u": 254524258, "v": 254526026, "key": 0, "osmid": "23502256", "highway": "residential", "lanes": "1", "maxspeed": "30", "name": "Carrer del Pare Pedro Velasco", "oneway": true, "reversed": "False", "length": 93.92915245351789, "width": null, "junction": null, "bridge": null, "tunnel": null, "access": null, "ref": null}, "geometry": {"type": "LineString", "coordinates": [[-0.3291192, 39.4797927], [-0.3291279, 39.4794999], [-0.3291444, 39.4789482]]}}, {"type": "Feature", "properties": {"u": 254525951, "v": 254525960, "key": 0, "osmid": "144345891", "highway": "residential", "lanes": null, "maxspeed": null, "name": "Carrer de Montanejos", "oneway": true, "reversed": "False", "length": 62.775592258836404, "width": null, "junction": null, "bridge": null, "tunnel": null, "access": null, "ref": null}, "geometry": {"type": "LineString", "coordinates": [[-0.3262137, 39.4651795], [-0.3261241, 39.4657398]]}}, {"type": "Feature", "properties": {"u": 254526012, "v": 1559273473, "key": 0, "osmid": "142478433", "highway": "residential", "lanes": "2", "maxspeed": "30", "name": "Pla\u00e7a del Llibertador Sim\u00f3n Bol\u00edvar", "oneway": false, "reversed": "True", "length": 35.01775534309259, "width": null, "junction": null, "bridge": null, "tunnel": null, "access": null, "ref": null}, "geometry": {"type": "LineString", "coordinates": [[-0.3272264, 39.4776969], [-0.3272216, 39.4780118]]}}, {"type": "Feature", "properties": {"u": 254599671, "v": 254599638, "key": 0, "osmid": "168739224", "highway": "unclassified", "lanes": null, "maxspeed": null, "name": null, "oneway": true, "reversed": "False", "length": 48.13071587278925, "width": null, "junction": "roundabout", "bridge": null, "tunnel": null, "access": null, "ref": null}, "geometry": {"type": "LineString", "coordinates": [[-0.3289186, 39.4554103], [-0.3290181, 39.4554048], [-0.3290867, 39.4553934], [-0.3291485, 39.4553713], [-0.3292336, 39.4553206], [-0.3292978, 39.455254], [-0.3293361, 39.4551764]]}}, {"type": "Feature", "properties": {"u": 254743885, "v": 5387378287, "key": 0, "osmid": "558581670", "highway": "residential", "lanes": "4", "maxspeed": null, "name": null, "oneway": false, "reversed": "True", "length": 92.21021483640203, "width": null, "junction": null, "bridge": null, "tunnel": null, "access": "no", "ref": null}, "geometry": {"type": "LineString", "coordinates": [[-0.3362653, 39.433803], [-0.3362377, 39.434298], [-0.3361995, 39.4346305]]}}, {"type": "Feature", "properties": {"u": 254744335, "v": 1342102553, "key": 0, "osmid": "23524485", "highway": "residential", "lanes": null, "maxspeed": null, "name": "Carrer de l'Ex\u00e8rcit Espanyol", "oneway": true, "reversed": "False", "length": 106.86096697101365, "width": null, "junction": null, "bridge": null, "tunnel": null, "access": null, "ref": null}, "geometry": {"type": "LineString", "coordinates": [[-0.3314983, 39.4560313], [-0.3321444, 39.4552099]]}}, {"type": "Feature", "properties": {"u": 254744420, "v": 254744421, "key": 0, "osmid": "23588315", "highway": "residential", "lanes": null, "maxspeed": null, "name": "Cam\u00ed del Canal", "oneway": false, "reversed": "False", "length": 93.09183023080782, "width": null, "junction": null, "bridge": null, "tunnel": null, "access": null, "ref": null}, "geometry": {"type": "LineString", "coordinates": [[-0.3357942, 39.4440992], [-0.3357133, 39.444836], [-0.3357026, 39.4449334]]}}, {"type": "Feature", "properties": {"u": 254744479, "v": 1635307766, "key": 0, "osmid": "150632774", "highway": "residential", "lanes": null, "maxspeed": null, "name": "Carrer del Riu Odiel", "oneway": true, "reversed": "False", "length": 121.37140868397005, "width": null, "junction": null, "bridge": null, "tunnel": null, "access": null, "ref": null}, "geometry": {"type": "LineString", "coordinates": [[-0.3317029, 39.4487408], [-0.3326921, 39.4479611]]}}, {"type": "Feature", "properties": {"u": 254902055, "v": 2328021032, "key": 0, "osmid": "52394709", "highway": "residential", "lanes": null, "maxspeed": null, "name": "Carrer de Xiva", "oneway": true, "reversed": "False", "length": 45.232143061890106, "width": null, "junction": null, "bridge": null, "tunnel": null, "access": null, "ref": null}, "geometry": {"type": "LineString", "coordinates": [[-0.3922003, 39.4662467], [-0.3926673, 39.4664351]]}}, {"type": "Feature", "properties": {"u": 254902089, "v": 254902080, "key": 0, "osmid": "12359037", "highway": "residential", "lanes": null, "maxspeed": null, "name": "Carrer de Lladr\u00f3 i Mall\u00ed", "oneway": true, "reversed": "False", "length": 113.84439114703505, "width": null, "junction": null, "bridge": null, "tunnel": null, "access": null, "ref": null}, "geometry": {"type": "LineString", "coordinates": [[-0.3894456, 39.4615591], [-0.3883951, 39.4620191], [-0.3882921, 39.4620642]]}}, {"type": "Feature", "properties": {"u": 254902147, "v": 1189718203, "key": 0, "osmid": "720038509", "highway": "residential", "lanes": "2", "maxspeed": "30", "name": "Carrer del M\u00fasic Gomis", "oneway": true, "reversed": "False", "length": 114.63415151929911, "width": null, "junction": null, "bridge": null, "tunnel": null, "access": null, "ref": null}, "geometry": {"type": "LineString", "coordinates": [[-0.400463, 39.4593393], [-0.4004281, 39.4593161], [-0.4003144, 39.4592371], [-0.4002261, 39.4591716], [-0.3998906, 39.4589397], [-0.3994756, 39.4586454]]}}, {"type": "Feature", "properties": {"u": 254902214, "v": 107926611, "key": 0, "osmid": "23539847", "highway": "living_street", "lanes": null, "maxspeed": "20", "name": "Carrer de Ramon de Perell\u00f3s", "oneway": true, "reversed": "False", "length": 37.750931342441014, "width": null, "junction": null, "bridge": null, "tunnel": null, "access": null, "ref": null}, "geometry": {"type": "LineString", "coordinates": [[-0.392878, 39.4560555], [-0.3931535, 39.4563201]]}}, {"type": "Feature", "properties": {"u": 254992885, "v": 254992987, "key": 0, "osmid": "52391682", "highway": "residential", "lanes": null, "maxspeed": null, "name": "Carrer de Josep Maestre", "oneway": true, "reversed": "False", "length": 133.29777282452724, "width": null, "junction": null, "bridge": null, "tunnel": null, "access": null, "ref": null}, "geometry": {"type": "LineString", "coordinates": [[-0.4029771, 39.468593], [-0.4033415, 39.4674277]]}}, {"type": "Feature", "properties": {"u": 254992941, "v": 255007144, "key": 0, "osmid": "156468744", "highway": "secondary", "lanes": null, "maxspeed": null, "name": "Carrer de Tres Forques", "oneway": true, "reversed": "False", "length": 144.30930553448576, "width": null, "junction": null, "bridge": null, "tunnel": null, "access": null, "ref": null}, "geometry": {"type": "LineString", "coordinates": [[-0.4035251, 39.4635987], [-0.401847, 39.4636753]]}}, {"type": "Feature", "properties": {"u": 254993090, "v": 8303843312, "key": 0, "osmid": "893438865", "highway": "residential", "lanes": null, "maxspeed": null, "name": "Carrer de Lle\u00f3", "oneway": false, "reversed": "False", "length": 82.44402903480177, "width": null, "junction": null, "bridge": null, "tunnel": null, "access": null, "ref": null}, "geometry": {"type": "LineString", "coordinates": [[-0.4025766, 39.467827], [-0.4016413, 39.4676585]]}}, {"type": "Feature", "properties": {"u": 255007077, "v": 255007131, "key": 0, "osmid": "23549995", "highway": "residential", "lanes": null, "maxspeed": null, "name": "Carrer de Fontanars dels Alforins", "oneway": true, "reversed": "False", "length": 28.198055203147398, "width": null, "junction": null, "bridge": null, "tunnel": null, "access": null, "ref": null}, "geometry": {"type": "LineString", "coordinates": [[-0.3973805, 39.4630758], [-0.3973474, 39.4628235]]}}, {"type": "Feature", "properties": {"u": 255007102, "v": 255007139, "key": 0, "osmid": "737256874", "highway": "secondary", "lanes": "3", "maxspeed": "50", "name": "Carrer de l'Arxiduc Carles", "oneway": true, "reversed": "False", "length": 98.02204089139879, "width": null, "junction": null, "bridge": null, "tunnel": null, "access": null, "ref": null}, "geometry": {"type": "LineString", "coordinates": [[-0.3999773, 39.4604183], [-0.4005004, 39.4599305], [-0.4005303, 39.4599026], [-0.4007093, 39.4597418]]}}, {"type": "Feature", "properties": {"u": 255007146, "v": 255007150, "key": 1, "osmid": "23550003", "highway": "residential", "lanes": null, "maxspeed": null, "name": "Carrer de l'Arxiduc Carles", "oneway": true, "reversed": "False", "length": 75.33520500389173, "width": null, "junction": null, "bridge": null, "tunnel": null, "access": null, "ref": null}, "geometry": {"type": "LineString", "coordinates": [[-0.4013934, 39.4591175], [-0.401933, 39.4589568], [-0.4017932, 39.4587526]]}}, {"type": "Feature", "properties": {"u": 255007215, "v": 254902087, "key": 0, "osmid": "23539796", "highway": "secondary", "lanes": null, "maxspeed": null, "name": "Carrer de Tres Forques", "oneway": true, "reversed": "False", "length": 31.915059239774322, "width": null, "junction": null, "bridge": null, "tunnel": null, "access": null, "ref": null}, "geometry": {"type": "LineString", "coordinates": [[-0.3915359, 39.4640963], [-0.3911646, 39.4641108]]}}, {"type": "Feature", "properties": {"u": 255099238, "v": 231516872, "key": 0, "osmid": [1125704883, 289656995], "highway": "primary", "lanes": "1", "maxspeed": null, "name": "Avinguda de P\u00e9rez Gald\u00f3s", "oneway": true, "reversed": "False", "length": 37.78326761980699, "width": null, "junction": null, "bridge": null, "tunnel": null, "access": null, "ref": null}, "geometry": {"type": "LineString", "coordinates": [[-0.393141, 39.4711957], [-0.3930623, 39.4710845], [-0.3930437, 39.4710555], [-0.3930042, 39.4709943], [-0.3929319, 39.4708968]]}}, {"type": "Feature", "properties": {"u": 255099312, "v": 6093157391, "key": 0, "osmid": "23557375", "highway": "residential", "lanes": "1", "maxspeed": null, "name": "Carrer de l'Art Major de la Seda", "oneway": true, "reversed": "False", "length": 6.971550927922368, "width": null, "junction": null, "bridge": null, "tunnel": null, "access": null, "ref": null}, "geometry": {"type": "LineString", "coordinates": [[-0.3991836, 39.4703224], [-0.3991033, 39.470313]]}}, {"type": "Feature", "properties": {"u": 255099379, "v": 255099384, "key": 0, "osmid": "1393798548", "highway": "residential", "lanes": null, "maxspeed": null, "name": "Carrer del Rac\u00f3 d'Adem\u00fas", "oneway": true, "reversed": "False", "length": 49.65847040796521, "width": null, "junction": null, "bridge": null, "tunnel": null, "access": null, "ref": null}, "geometry": {"type": "LineString", "coordinates": [[-0.4026685, 39.4708114], [-0.4025789, 39.4703702]]}}, {"type": "Feature", "properties": {"u": 255172074, "v": 255172072, "key": 0, "osmid": "23565079", "highway": "residential", "lanes": null, "maxspeed": null, "name": "Pla\u00e7a de l'Escultor Frechina", "oneway": true, "reversed": "False", "length": 48.98246428487754, "width": null, "junction": null, "bridge": null, "tunnel": null, "access": null, "ref": null}, "geometry": {"type": "LineString", "coordinates": [[-0.3896104, 39.4513557], [-0.3900872, 39.4514199], [-0.3901724, 39.4514314]]}}, {"type": "Feature", "properties": {"u": 255172202, "v": 255172201, "key": 0, "osmid": "23565105", "highway": "residential", "lanes": null, "maxspeed": null, "name": "Carrer d'Altamira", "oneway": false, "reversed": "True", "length": 67.96199805060277, "width": null, "junction": null, "bridge": null, "tunnel": null, "access": null, "ref": null}, "geometry": {"type": "LineString", "coordinates": [[-0.385441, 39.4489264], [-0.3853565, 39.4489116], [-0.3846691, 39.4487912]]}}, {"type": "Feature", "properties": {"u": 255172230, "v": 255172284, "key": 0, "osmid": "52346059", "highway": "residential", "lanes": null, "maxspeed": "50", "name": "Carrer d'Olt\u00e0", "oneway": true, "reversed": "False", "length": 54.379226822503874, "width": null, "junction": null, "bridge": null, "tunnel": null, "access": null, "ref": null}, "geometry": {"type": "LineString", "coordinates": [[-0.3786177, 39.4527582], [-0.3785132, 39.452751], [-0.3784705, 39.4527484], [-0.3784595, 39.4527477], [-0.378066, 39.4527116], [-0.3779877, 39.4527119]]}}, {"type": "Feature", "properties": {"u": 255298283, "v": 1342102393, "key": 0, "osmid": "150997324", "highway": "residential", "lanes": null, "maxspeed": null, "name": "Carrer del Riu Eresma", "oneway": false, "reversed": "False", "length": 28.5116921256214, "width": null, "junction": null, "bridge": null, "tunnel": null, "access": null, "ref": null}, "geometry": {"type": "LineString", "coordinates": [[-0.3781402, 39.4483252], [-0.3782728, 39.4483313], [-0.3783713, 39.4483357], [-0.3784717, 39.44834]]}}, {"type": "Feature", "properties": {"u": 255312189, "v": 255312187, "key": 1, "osmid": [186406819, 186406822], "highway": "residential", "lanes": null, "maxspeed": null, "name": "Carrer de Llucena", "oneway": false, "reversed": "False", "length": 94.94701830030914, "width": null, "junction": null, "bridge": null, "tunnel": null, "access": null, "ref": null}, "geometry": {"type": "LineString", "coordinates": [[-0.3655431, 39.4433271], [-0.3654547, 39.443619], [-0.3651356, 39.4435569], [-0.3652429, 39.4432686]]}}, {"type": "Feature", "properties": {"u": 255312219, "v": 255312218, "key": 0, "osmid": "97109960", "highway": "residential", "lanes": "2", "maxspeed": null, "name": "Carrer del Pare Presentat", "oneway": false, "reversed": "True", "length": 26.144647600995015, "width": null, "junction": null, "bridge": null, "tunnel": null, "access": null, "ref": null}, "geometry": {"type": "LineString", "coordinates": [[-0.3677319, 39.4415541], [-0.3677231, 39.4415833], [-0.367725, 39.4416132], [-0.3677374, 39.4416416], [-0.3677595, 39.4416663], [-0.3678088, 39.4417298], [-0.3678375, 39.4417645]]}}, {"type": "Feature", "properties": {"u": 255312378, "v": 255317506, "key": 0, "osmid": "654363120", "highway": "residential", "lanes": "1", "maxspeed": null, "name": "Carrer del M\u00fasic Cabanilles", "oneway": true, "reversed": "False", "length": 106.11272959319268, "width": null, "junction": null, "bridge": null, "tunnel": null, "access": null, "ref": null}, "geometry": {"type": "LineString", "coordinates": [[-0.3930292, 39.4453848], [-0.3918434, 39.4451162]]}}, {"type": "Feature", "properties": {"u": 255317506, "v": 9685797093, "key": 0, "osmid": "654363120", "highway": "residential", "lanes": "1", "maxspeed": null, "name": "Carrer del M\u00fasic Cabanilles", "oneway": true, "reversed": "False", "length": 93.7313374528253, "width": null, "junction": null, "bridge": null, "tunnel": null, "access": null, "ref": null}, "geometry": {"type": "LineString", "coordinates": [[-0.3918434, 39.4451162], [-0.3907988, 39.4448716]]}}, {"type": "Feature", "properties": {"u": 255317535, "v": 255317502, "key": 0, "osmid": "11828739", "highway": "primary", "lanes": null, "maxspeed": null, "name": "Carrer de Sant Vicent M\u00e0rtir", "oneway": false, "reversed": "True", "length": 9.271903464501344, "width": null, "junction": null, "bridge": null, "tunnel": null, "access": null, "ref": null}, "geometry": {"type": "LineString", "coordinates": [[-0.3867933, 39.4453277], [-0.3867682, 39.4454088]]}}, {"type": "Feature", "properties": {"u": 255433937, "v": 10040407224, "key": 0, "osmid": "1096400439", "highway": "residential", "lanes": null, "maxspeed": null, "name": "Carrer de Gl\u00f2ria Caballero Ganosa (Activista ve\u00efnal)", "oneway": true, "reversed": "False", "length": 20.953219449581006, "width": null, "junction": null, "bridge": null, "tunnel": null, "access": null, "ref": null}, "geometry": {"type": "LineString", "coordinates": [[-0.3353245, 39.4465658], [-0.3355671, 39.4465861]]}}, {"type": "Feature", "properties": {"u": 255434050, "v": 255434003, "key": 0, "osmid": [150853737, 554575394, 150853738], "highway": "tertiary", "lanes": "2", "maxspeed": null, "name": "Carrera del Riu", "oneway": false, "reversed": "False", "length": 240.296291170778, "width": null, "junction": null, "bridge": "yes", "tunnel": null, "access": null, "ref": "CV-5010"}, "geometry": {"type": "LineString", "coordinates": [[-0.341405, 39.4405513], [-0.341172, 39.4408556], [-0.3409764, 39.4411754], [-0.3409021, 39.4413295], [-0.3408256, 39.4415054], [-0.3407503, 39.4417173], [-0.3406939, 39.4419136], [-0.340645, 39.4421405], [-0.3405701, 39.4425898]]}}, {"type": "Feature", "properties": {"u": 255434167, "v": 110594202, "key": 0, "osmid": "8425488", "highway": "primary", "lanes": "4", "maxspeed": "50", "name": "Avinguda d'Antonio Ferrandis (Actor)", "oneway": true, "reversed": "False", "length": 404.35874394329386, "width": null, "junction": null, "bridge": null, "tunnel": null, "access": null, "ref": null}, "geometry": {"type": "LineString", "coordinates": [[-0.3610318, 39.4492428], [-0.3601028, 39.4496323], [-0.358982, 39.4501123], [-0.3582793, 39.4504139], [-0.358251, 39.450423], [-0.3574645, 39.4507641], [-0.3571797, 39.4508876], [-0.3569108, 39.4510025]]}}, {"type": "Feature", "properties": {"u": 255749764, "v": 255434238, "key": 0, "osmid": [692558728, 23614123], "highway": "unclassified", "lanes": null, "maxspeed": null, "name": null, "oneway": false, "reversed": "True", "length": 592.9786571859235, "width": null, "junction": null, "bridge": null, "tunnel": "yes", "access": null, "ref": null}, "geometry": {"type": "LineString", "coordinates": [[-0.3700208, 39.439479], [-0.3695383, 39.4393067], [-0.369587, 39.4383885], [-0.3695624, 39.4382238], [-0.3695074, 39.4380651], [-0.3694097, 39.4379279], [-0.369294, 39.4378153], [-0.3691441, 39.437711], [-0.3689153, 39.4375775], [-0.368432, 39.4372957], [-0.3681003, 39.4371037], [-0.3679517, 39.4370357], [-0.3677705, 39.4369677], [-0.3675423, 39.4369167], [-0.3674022, 39.4369026], [-0.367255, 39.436904], [-0.367101, 39.4369066], [-0.3669432, 39.4369034], [-0.3667341, 39.4368907], [-0.3653101, 39.4367436]]}}, {"type": "Feature", "properties": {"u": 255994880, "v": 255994879, "key": 0, "osmid": "23630474", "highway": "residential", "lanes": null, "maxspeed": null, "name": "Carrer de Pedro Suc\u00edas Historiador", "oneway": false, "reversed": "True", "length": 7.404408553705602, "width": null, "junction": null, "bridge": null, "tunnel": null, "access": null, "ref": null}, "geometry": {"type": "LineString", "coordinates": [[-0.4080662, 39.4641282], [-0.4080727, 39.4641946]]}}, {"type": "Feature", "properties": {"u": 255994916, "v": 1567902375, "key": 0, "osmid": "23697658", "highway": "residential", "lanes": null, "maxspeed": null, "name": "Carrer de la Mare de D\u00e9u de la Fontsanta", "oneway": false, "reversed": "True", "length": 119.7121541694896, "width": null, "junction": null, "bridge": null, "tunnel": null, "access": null, "ref": null}, "geometry": {"type": "LineString", "coordinates": [[-0.4073642, 39.4656579], [-0.4074325, 39.4662538], [-0.4074872, 39.4667303]]}}, {"type": "Feature", "properties": {"u": 256596635, "v": 3715595895, "key": 0, "osmid": "23697633", "highway": "residential", "lanes": null, "maxspeed": null, "name": "Carrer de les Sureres", "oneway": true, "reversed": "False", "length": 78.3343780406147, "width": null, "junction": null, "bridge": null, "tunnel": null, "access": null, "ref": null}, "geometry": {"type": "LineString", "coordinates": [[-0.4128745, 39.4686133], [-0.4129323, 39.4692137], [-0.4129376, 39.4692657], [-0.4129428, 39.4693158]]}}, {"type": "Feature", "properties": {"u": 256626987, "v": 13064124784, "key": 0, "osmid": "23700884", "highway": "residential", "lanes": null, "maxspeed": null, "name": null, "oneway": false, "reversed": "False", "length": 31.77254258702157, "width": null, "junction": null, "bridge": null, "tunnel": null, "access": null, "ref": null}, "geometry": {"type": "LineString", "coordinates": [[-0.4066151, 39.4706391], [-0.4066447, 39.4705759], [-0.406659, 39.4705428], [-0.4066745, 39.4705097], [-0.4066829, 39.4704731], [-0.4066962, 39.4703623]]}}, {"type": "Feature", "properties": {"u": 256627640, "v": 11694977021, "key": 0, "osmid": "23700920", "highway": "residential", "lanes": null, "maxspeed": null, "name": "Carrer d'Eduard Soler i P\u00e9rez", "oneway": true, "reversed": "False", "length": 26.17427921748166, "width": null, "junction": null, "bridge": null, "tunnel": null, "access": null, "ref": null}, "geometry": {"type": "LineString", "coordinates": [[-0.3996636, 39.4770381], [-0.3997384, 39.4772663]]}}, {"type": "Feature", "properties": {"u": 257428792, "v": 257428794, "key": 0, "osmid": "23760918", "highway": "residential", "lanes": null, "maxspeed": null, "name": "Carrer de la Vall de la Ballestera", "oneway": true, "reversed": "False", "length": 64.2958376170592, "width": null, "junction": null, "bridge": null, "tunnel": null, "access": null, "ref": null}, "geometry": {"type": "LineString", "coordinates": [[-0.4001783, 39.4790027], [-0.4002146, 39.4789821], [-0.4002333, 39.4789654], [-0.4002414, 39.4789582], [-0.400256, 39.4789238], [-0.40028, 39.4785368], [-0.4002808, 39.4785234], [-0.4002854, 39.4784487]]}}, {"type": "Feature", "properties": {"u": 257429238, "v": 257429328, "key": 0, "osmid": "144843664", "highway": "residential", "lanes": null, "maxspeed": "30", "name": "Carrer del Pare Barranco", "oneway": false, "reversed": "False", "length": 151.706013698749, "width": null, "junction": null, "bridge": null, "tunnel": null, "access": null, "ref": null}, "geometry": {"type": "LineString", "coordinates": [[-0.3999733, 39.4879217], [-0.4005017, 39.4880137], [-0.4005367, 39.4880191], [-0.400638, 39.4880347], [-0.4014835, 39.4880285], [-0.4016204, 39.4880278], [-0.4017251, 39.4880273]]}}, {"type": "Feature", "properties": {"u": 257429373, "v": 2846561607, "key": 0, "osmid": "23760982", "highway": "residential", "lanes": "2", "maxspeed": null, "name": "Avinguda de les Corts Valencianes", "oneway": true, "reversed": "False", "length": 163.7618763835341, "width": null, "junction": null, "bridge": null, "tunnel": null, "access": null, "ref": null}, "geometry": {"type": "LineString", "coordinates": [[-0.4006408, 39.4927095], [-0.4015632, 39.4939988]]}}, {"type": "Feature", "properties": {"u": 257435699, "v": 69574727, "key": 0, "osmid": "167793289", "highway": "tertiary", "lanes": "3", "maxspeed": null, "name": "Carrer de Bernardo Espa\u00f1a Edo - Espa\u00f1eta", "oneway": true, "reversed": "False", "length": 125.8035471462633, "width": null, "junction": null, "bridge": null, "tunnel": null, "access": null, "ref": null}, "geometry": {"type": "LineString", "coordinates": [[-0.397626, 39.4910963], [-0.3986194, 39.4906865], [-0.3986771, 39.4906627], [-0.398713, 39.4906484], [-0.3988242, 39.4906311], [-0.3989443, 39.4906251]]}}, {"type": "Feature", "properties": {"u": 257435821, "v": 257435812, "key": 0, "osmid": "23761839", "highway": "residential", "lanes": null, "maxspeed": null, "name": "Carrer de Miguel Servet", "oneway": false, "reversed": "False", "length": 83.05639076241025, "width": null, "junction": null, "bridge": null, "tunnel": null, "access": null, "ref": null}, "geometry": {"type": "LineString", "coordinates": [[-0.3937285, 39.4876323], [-0.3939099, 39.487884], [-0.3941991, 39.488285]]}}, {"type": "Feature", "properties": {"u": 257607935, "v": 257607936, "key": 0, "osmid": "23776442", "highway": "tertiary", "lanes": "1", "maxspeed": null, "name": "Carrer de la Serra d'Agullent", "oneway": true, "reversed": "False", "length": 49.877138814179126, "width": null, "junction": null, "bridge": null, "tunnel": null, "access": null, "ref": null}, "geometry": {"type": "LineString", "coordinates": [[-0.398235, 39.4936664], [-0.398162, 39.493714], [-0.3977909, 39.4939558]]}}, {"type": "Feature", "properties": {"u": 257607981, "v": 257607980, "key": 1, "osmid": [186577963, 23776533, 691826766], "highway": "residential", "lanes": null, "maxspeed": null, "name": ["Carrer d'Alfara del Patriarca", "Carrer de Pere Delmonte i Hurtado"], "oneway": true, "reversed": "False", "length": 175.8053473648155, "width": null, "junction": null, "bridge": null, "tunnel": null, "access": null, "ref": null}, "geometry": {"type": "LineString", "coordinates": [[-0.3850364, 39.4928265], [-0.3850913, 39.4928892], [-0.3852843, 39.4934277], [-0.3852977, 39.4934425], [-0.3853174, 39.4934532], [-0.3853377, 39.4934549], [-0.3853593, 39.4934548], [-0.3855866, 39.493406], [-0.3856049, 39.4933971], [-0.3856211, 39.4933817], [-0.3856267, 39.4933645], [-0.3856259, 39.4933457], [-0.3854296, 39.4928169], [-0.3854034, 39.4927474]]}}, {"type": "Feature", "properties": {"u": 257608037, "v": 257607985, "key": 0, "osmid": "1293486948", "highway": "secondary", "lanes": "4", "maxspeed": "50", "name": "Avinguda de Joan XXIII", "oneway": true, "reversed": "False", "length": 101.9435863256166, "width": null, "junction": null, "bridge": null, "tunnel": null, "access": null, "ref": null}, "geometry": {"type": "LineString", "coordinates": [[-0.3828397, 39.492352], [-0.3828654, 39.4924233], [-0.3828781, 39.4924595], [-0.3831041, 39.4930828], [-0.3831176, 39.4931201], [-0.3831593, 39.493235]]}}, {"type": "Feature", "properties": {"u": 257608073, "v": 257608072, "key": 0, "osmid": "112692791", "highway": "residential", "lanes": null, "maxspeed": null, "name": "Carrer de Louis Braille", "oneway": false, "reversed": "False", "length": 26.27214180517877, "width": null, "junction": null, "bridge": null, "tunnel": null, "access": null, "ref": null}, "geometry": {"type": "LineString", "coordinates": [[-0.3949106, 39.4965534], [-0.3951501, 39.4964062]]}}, {"type": "Feature", "properties": {"u": 257608113, "v": 257607981, "key": 0, "osmid": "23776532", "highway": "residential", "lanes": null, "maxspeed": null, "name": "Carrer d'Alfara del Patriarca", "oneway": false, "reversed": "False", "length": 108.12348750137446, "width": null, "junction": null, "bridge": null, "tunnel": null, "access": null, "ref": null}, "geometry": {"type": "LineString", "coordinates": [[-0.3846868, 39.4918923], [-0.3848767, 39.4923999], [-0.3850364, 39.4928265]]}}, {"type": "Feature", "properties": {"u": 257608291, "v": 251048521, "key": 0, "osmid": "191715081", "highway": "residential", "lanes": "2", "maxspeed": "30", "name": "Carrer de F\u00e9lix del R\u00edo (activista ve\u00efnal)", "oneway": true, "reversed": "False", "length": 154.1390850167937, "width": null, "junction": null, "bridge": null, "tunnel": null, "access": null, "ref": null}, "geometry": {"type": "LineString", "coordinates": [[-0.3808786, 39.4917303], [-0.3792949, 39.4920658], [-0.3791482, 39.4921019]]}}, {"type": "Feature", "properties": {"u": 257608631, "v": 10211599110, "key": 0, "osmid": "12337996", "highway": "primary", "lanes": "2", "maxspeed": "50", "name": "Avinguda dels Germans Machado", "oneway": true, "reversed": "False", "length": 77.28245825660215, "width": null, "junction": null, "bridge": null, "tunnel": null, "access": null, "ref": null}, "geometry": {"type": "LineString", "coordinates": [[-0.3707448, 39.4983066], [-0.3712317, 39.4984519], [-0.3714181, 39.4985075], [-0.3714227, 39.4985089], [-0.3715856, 39.4985558]]}}, {"type": "Feature", "properties": {"u": 257612065, "v": 252629829, "key": 0, "osmid": "23776936", "highway": "residential", "lanes": null, "maxspeed": "50", "name": "Carrer de Maria Teresa Oller i Benlloch (Music\u00f2loga)", "oneway": true, "reversed": "False", "length": 73.66522454494934, "width": null, "junction": null, "bridge": null, "tunnel": null, "access": null, "ref": null}, "geometry": {"type": "LineString", "coordinates": [[-0.3797963, 39.4976249], [-0.3795542, 39.4969893]]}}, {"type": "Feature", "properties": {"u": 257821246, "v": 257821206, "key": 0, "osmid": "23793745", "highway": "residential", "lanes": null, "maxspeed": null, "name": "Carrer de Sant Vicent de Pa\u00fcl", "oneway": true, "reversed": "False", "length": 273.7288678408068, "width": null, "junction": null, "bridge": null, "tunnel": null, "access": null, "ref": null}, "geometry": {"type": "LineString", "coordinates": [[-0.3646545, 39.4964069], [-0.3642249, 39.4962289], [-0.3641153, 39.4961951], [-0.364078, 39.4961782], [-0.3640495, 39.4961534], [-0.3640307, 39.4961051], [-0.3640327, 39.496041], [-0.3640461, 39.496014], [-0.364058, 39.49599], [-0.3640885, 39.4959588], [-0.3641349, 39.4959223], [-0.3641868, 39.4958829], [-0.364247, 39.4958327], [-0.3646825, 39.4954869], [-0.3647333, 39.4954514], [-0.36479, 39.4954158], [-0.3648481, 39.4953806], [-0.3648956, 39.4953436], [-0.3655598, 39.4948126], [-0.3656439, 39.4947297]]}}, {"type": "Feature", "properties": {"u": 257821303, "v": 257821293, "key": 0, "osmid": "23793767", "highway": "residential", "lanes": null, "maxspeed": null, "name": "Carrer de Motilla del Palancar", "oneway": true, "reversed": "False", "length": 58.98931441807606, "width": null, "junction": null, "bridge": null, "tunnel": null, "access": null, "ref": null}, "geometry": {"type": "LineString", "coordinates": [[-0.3694977, 39.4898612], [-0.3694349, 39.4899117], [-0.3690813, 39.4901958], [-0.3690577, 39.4902156], [-0.3690242, 39.4902457]]}}, {"type": "Feature", "properties": {"u": 257821345, "v": 257821204, "key": 0, "osmid": "84639055", "highway": "residential", "lanes": "2", "maxspeed": "50", "name": "Carrer de la Beata Santa Genoveva Torres", "oneway": true, "reversed": "False", "length": 208.4871869553315, "width": null, "junction": null, "bridge": null, "tunnel": null, "access": null, "ref": null}, "geometry": {"type": "LineString", "coordinates": [[-0.3650395, 39.4916663], [-0.3649781, 39.4917119], [-0.3641058, 39.4924099], [-0.3634312, 39.4929498], [-0.3633522, 39.4930153]]}}, {"type": "Feature", "properties": {"u": 257843419, "v": 1983129437, "key": 0, "osmid": "23795282", "highway": "residential", "lanes": null, "maxspeed": "20", "name": "Avinguda de Valladolid", "oneway": false, "reversed": "False", "length": 55.59098077005724, "width": null, "junction": null, "bridge": null, "tunnel": null, "access": null, "ref": null}, "geometry": {"type": "LineString", "coordinates": [[-0.3572325, 39.4886898], [-0.357041, 39.4886568], [-0.3565958, 39.4885984]]}}, {"type": "Feature", "properties": {"u": 257843479, "v": 257843494, "key": 0, "osmid": [23795706, 23795294], "highway": "residential", "lanes": null, "maxspeed": "20", "name": ["Carrer del Poeta Asins", "Carrer d'Alegret"], "oneway": true, "reversed": "False", "length": 224.82097000820298, "width": null, "junction": null, "bridge": null, "tunnel": null, "access": null, "ref": null}, "geometry": {"type": "LineString", "coordinates": [[-0.3576492, 39.4869268], [-0.3583065, 39.4870202], [-0.3593569, 39.4871677], [-0.360152, 39.4872774], [-0.3602269, 39.4872877]]}}, {"type": "Feature", "properties": {"u": 257843504, "v": 257843490, "key": 0, "osmid": "23795301", "highway": "residential", "lanes": null, "maxspeed": "20", "name": "Carrer del Reverend Rafael Tramoyeres", "oneway": true, "reversed": "False", "length": 134.97343798798042, "width": null, "junction": null, "bridge": null, "tunnel": null, "access": null, "ref": null}, "geometry": {"type": "LineString", "coordinates": [[-0.3620401, 39.4853646], [-0.3619393, 39.4853348], [-0.3605712, 39.4849308]]}}, {"type": "Feature", "properties": {"u": 257843526, "v": 257843516, "key": 0, "osmid": "588517230", "highway": "residential", "lanes": "1", "maxspeed": "20", "name": "Carrer de Di\u00f3genes L\u00f3pez Mech\u00f3", "oneway": true, "reversed": "False", "length": 74.64721634451561, "width": null, "junction": null, "bridge": null, "tunnel": null, "access": null, "ref": null}, "geometry": {"type": "LineString", "coordinates": [[-0.3539401, 39.4850571], [-0.3539525, 39.4849873], [-0.3539703, 39.4848871], [-0.3539739, 39.484867], [-0.3539889, 39.4847823], [-0.3539929, 39.48476], [-0.354006, 39.4846859], [-0.3540083, 39.4846732], [-0.3540241, 39.4845271], [-0.3540271, 39.4845072], [-0.3540477, 39.4843911]]}}, {"type": "Feature", "properties": {"u": 257843556, "v": 4580998056, "key": 0, "osmid": [29453883, 1242286143], "highway": "tertiary", "lanes": null, "maxspeed": null, "name": "Carrer del Doctor Vicent Zaragoz\u00e0", "oneway": true, "reversed": "False", "length": 170.0383716445463, "width": null, "junction": null, "bridge": null, "tunnel": null, "access": null, "ref": null}, "geometry": {"type": "LineString", "coordinates": [[-0.3562275, 39.482943], [-0.3561179, 39.4829248], [-0.35465, 39.4824966], [-0.3546064, 39.4824831], [-0.3545642, 39.4824707], [-0.3545363, 39.4824601], [-0.3545161, 39.4824482], [-0.3544967, 39.4824369], [-0.3544834, 39.4824291], [-0.3544659, 39.4824064], [-0.3544269, 39.482356]]}}, {"type": "Feature", "properties": {"u": 257843614, "v": 257843617, "key": 0, "osmid": "23795280", "highway": "residential", "lanes": null, "maxspeed": "20", "name": "Avinguda de Valladolid", "oneway": true, "reversed": "False", "length": 103.25842079607058, "width": null, "junction": null, "bridge": null, "tunnel": null, "access": null, "ref": null}, "geometry": {"type": "LineString", "coordinates": [[-0.3578217, 39.4887654], [-0.3585997, 39.4888593], [-0.3588664, 39.4888912], [-0.3590106, 39.4889085]]}}, {"type": "Feature", "properties": {"u": 257843702, "v": 2015601771, "key": 0, "osmid": "23795355", "highway": "residential", "lanes": "2", "maxspeed": null, "name": "Carrer de la Torreta de Miramar", "oneway": false, "reversed": "False", "length": 69.03196327471716, "width": null, "junction": null, "bridge": null, "tunnel": null, "access": null, "ref": null}, "geometry": {"type": "LineString", "coordinates": [[-0.3636268, 39.488388], [-0.3630374, 39.4879655]]}}, {"type": "Feature", "properties": {"u": 257843726, "v": 257843722, "key": 0, "osmid": "23795354", "highway": "residential", "lanes": "1", "maxspeed": null, "name": "Carrer del Poeta Altet", "oneway": true, "reversed": "False", "length": 90.51124673094887, "width": null, "junction": null, "bridge": null, "tunnel": null, "access": null, "ref": null}, "geometry": {"type": "LineString", "coordinates": [[-0.3647119, 39.4862788], [-0.3639842, 39.486868]]}}, {"type": "Feature", "properties": {"u": 257848738, "v": 105882243, "key": 0, "osmid": "150382952", "highway": "residential", "lanes": null, "maxspeed": null, "name": "Carrer d'Amadeu de Desfilis", "oneway": true, "reversed": "False", "length": 79.90660955718643, "width": null, "junction": null, "bridge": null, "tunnel": null, "access": null, "ref": null}, "geometry": {"type": "LineString", "coordinates": [[-0.3951302, 39.4989847], [-0.3952898, 39.4988435], [-0.3958216, 39.4985061]]}}, {"type": "Feature", "properties": {"u": 257848786, "v": 257848794, "key": 0, "osmid": "23796006", "highway": "residential", "lanes": null, "maxspeed": null, "name": "Carrer de Vicent Canet", "oneway": false, "reversed": "False", "length": 40.06480209048613, "width": null, "junction": null, "bridge": null, "tunnel": null, "access": null, "ref": null}, "geometry": {"type": "LineString", "coordinates": [[-0.3929804, 39.5002227], [-0.3926096, 39.5004417]]}}, {"type": "Feature", "properties": {"u": 262499270, "v": 1234740159, "key": 0, "osmid": "1112352247", "highway": "residential", "lanes": null, "maxspeed": null, "name": "Carrer de la Sant\u00edssima Creu", "oneway": false, "reversed": "False", "length": 117.24471019457465, "width": null, "junction": null, "bridge": null, "tunnel": null, "access": null, "ref": null}, "geometry": {"type": "LineString", "coordinates": [[-0.388499, 39.5294273], [-0.3891056, 39.5293704], [-0.3892414, 39.5293639], [-0.3895441, 39.5293445], [-0.3898008, 39.5293301], [-0.3898562, 39.5293149]]}}, {"type": "Feature", "properties": {"u": 266910743, "v": 1798089800, "key": 0, "osmid": "168563833", "highway": "unclassified", "lanes": null, "maxspeed": null, "name": null, "oneway": false, "reversed": "True", "length": 328.0227391861031, "width": null, "junction": null, "bridge": null, "tunnel": null, "access": null, "ref": null}, "geometry": {"type": "LineString", "coordinates": [[-0.3397728, 39.4193195], [-0.339691, 39.4193368], [-0.339616, 39.4193394], [-0.3394806, 39.4193054], [-0.3393485, 39.4193041], [-0.3392447, 39.4193195], [-0.3389074, 39.4194106], [-0.338718, 39.4194395], [-0.3383197, 39.4194754], [-0.337708, 39.4195364], [-0.3374123, 39.4195441], [-0.3371788, 39.4195338], [-0.3369454, 39.4195082], [-0.3364645, 39.4194288], [-0.3363171, 39.4194516], [-0.3360326, 39.4195318]]}}, {"type": "Feature", "properties": {"u": 267930453, "v": 267930450, "key": 0, "osmid": "1418763346", "highway": "primary", "lanes": "2", "maxspeed": null, "name": null, "oneway": true, "reversed": "False", "length": 31.092771289954328, "width": null, "junction": "roundabout", "bridge": null, "tunnel": null, "access": null, "ref": "CV-500"}, "geometry": {"type": "LineString", "coordinates": [[-0.3322847, 39.3765149], [-0.3322318, 39.3764312], [-0.3321489, 39.3763635], [-0.3320436, 39.376318]]}}, {"type": "Feature", "properties": {"u": 277037188, "v": 277036196, "key": 0, "osmid": "441625002", "highway": "primary", "lanes": "2", "maxspeed": null, "name": "Avinguda de les Gavines", "oneway": true, "reversed": "False", "length": 47.05930272023318, "width": null, "junction": null, "bridge": null, "tunnel": null, "access": null, "ref": "CV-500"}, "geometry": {"type": "LineString", "coordinates": [[-0.2983474, 39.3075436], [-0.2980545, 39.3074156], [-0.2978904, 39.3073135]]}}, {"type": "Feature", "properties": {"u": 330795403, "v": 330795402, "key": 0, "osmid": "154006714", "highway": "residential", "lanes": "2", "maxspeed": null, "name": "Carrer del Doctor Constant\u00ed L\u00f3pez", "oneway": false, "reversed": "True", "length": 66.83123461936407, "width": null, "junction": null, "bridge": null, "tunnel": null, "access": null, "ref": null}, "geometry": {"type": "LineString", "coordinates": [[-0.3895566, 39.5157302], [-0.3887961, 39.5155997]]}}, {"type": "Feature", "properties": {"u": 330795429, "v": 330795435, "key": 0, "osmid": [30038200, 693802534], "highway": "residential", "lanes": null, "maxspeed": null, "name": ["Pla\u00e7a del Moreral", "Cam\u00ed de Borbot\u00f3 a Massarrojos"], "oneway": false, "reversed": "True", "length": 13.888972013642586, "width": null, "junction": null, "bridge": null, "tunnel": null, "access": null, "ref": null}, "geometry": {"type": "LineString", "coordinates": [[-0.3906857, 39.5159487], [-0.3907049, 39.5159069], [-0.390752, 39.515835]]}}, {"type": "Feature", "properties": {"u": 343505205, "v": 344427607, "key": 0, "osmid": "366232684", "highway": "residential", "lanes": null, "maxspeed": null, "name": "Carrer d'Elies Tormo", "oneway": true, "reversed": "False", "length": 112.55609511949456, "width": null, "junction": null, "bridge": null, "tunnel": null, "access": null, "ref": null}, "geometry": {"type": "LineString", "coordinates": [[-0.4185647, 39.4985889], [-0.4185507, 39.4986323], [-0.4185578, 39.4986532], [-0.4189582, 39.4995], [-0.4189787, 39.4995416]]}}, {"type": "Feature", "properties": {"u": 343515763, "v": 343515765, "key": 0, "osmid": "562640492", "highway": "residential", "lanes": null, "maxspeed": null, "name": "Carrer del Miniaturista Messeguer", "oneway": true, "reversed": "False", "length": 34.69688669394029, "width": null, "junction": null, "bridge": null, "tunnel": null, "access": null, "ref": null}, "geometry": {"type": "LineString", "coordinates": [[-0.4171094, 39.5018193], [-0.4169881, 39.5018029], [-0.4167109, 39.5017662]]}}, {"type": "Feature", "properties": {"u": 344066055, "v": 343130280, "key": 0, "osmid": "30933568", "highway": "residential", "lanes": "3", "maxspeed": null, "name": "Carrer de l'Ave Maria", "oneway": true, "reversed": "False", "length": 93.509161433773, "width": null, "junction": null, "bridge": null, "tunnel": null, "access": null, "ref": null}, "geometry": {"type": "LineString", "coordinates": [[-0.4248908, 39.5024625], [-0.4249398, 39.5025284], [-0.4251907, 39.5028652], [-0.4253794, 39.5031185], [-0.4253945, 39.5031387], [-0.4254339, 39.5031916]]}}, {"type": "Feature", "properties": {"u": 344427631, "v": 344427633, "key": 0, "osmid": "191774898", "highway": "residential", "lanes": "2", "maxspeed": null, "name": "Carrer de Rafael Tenes Escrich", "oneway": false, "reversed": "False", "length": 29.622067262207267, "width": null, "junction": null, "bridge": null, "tunnel": null, "access": null, "ref": null}, "geometry": {"type": "LineString", "coordinates": [[-0.4168734, 39.499564], [-0.4165916, 39.4997179]]}}, {"type": "Feature", "properties": {"u": 344427847, "v": 344427742, "key": 0, "osmid": "30974558", "highway": "residential", "lanes": null, "maxspeed": null, "name": "Carrer del Castell", "oneway": false, "reversed": "True", "length": 30.02510961424921, "width": null, "junction": null, "bridge": null, "tunnel": null, "access": null, "ref": null}, "geometry": {"type": "LineString", "coordinates": [[-0.4183022, 39.4971223], [-0.4182651, 39.4973908]]}}, {"type": "Feature", "properties": {"u": 367108350, "v": 1801774952, "key": 0, "osmid": "693838614", "highway": "unclassified", "lanes": null, "maxspeed": "30", "name": "Cam\u00ed de Carpesa a Montcada", "oneway": false, "reversed": "True", "length": 9.592663442130593, "width": null, "junction": null, "bridge": null, "tunnel": null, "access": null, "ref": null}, "geometry": {"type": "LineString", "coordinates": [[-0.3763387, 39.5151604], [-0.3763815, 39.5150807]]}}, {"type": "Feature", "properties": {"u": 428941284, "v": 132010732, "key": 0, "osmid": "204188047", "highway": "primary", "lanes": "4", "maxspeed": null, "name": "Avinguda de Catalunya", "oneway": true, "reversed": "False", "length": 147.4674094576564, "width": null, "junction": null, "bridge": null, "tunnel": null, "access": null, "ref": null}, "geometry": {"type": "LineString", "coordinates": [[-0.3529387, 39.4808801], [-0.3531269, 39.4807621], [-0.3536174, 39.4803608], [-0.354075, 39.4798915]]}}, {"type": "Feature", "properties": {"u": 429652629, "v": 429652601, "key": 0, "osmid": "210674519", "highway": "tertiary", "lanes": "1", "maxspeed": null, "name": "Carrera del Riu", "oneway": true, "reversed": "False", "length": 40.42799985009505, "width": null, "junction": null, "bridge": null, "tunnel": null, "access": null, "ref": "CV-5010"}, "geometry": {"type": "LineString", "coordinates": [[-0.3356256, 39.4101143], [-0.3356049, 39.409885], [-0.335674, 39.4097624]]}}, {"type": "Feature", "properties": {"u": 430012797, "v": 110575996, "key": 0, "osmid": "23454496", "highway": "tertiary", "lanes": null, "maxspeed": null, "name": "Carrer del Pintor Maella", "oneway": true, "reversed": "False", "length": 38.15608587159466, "width": null, "junction": null, "bridge": null, "tunnel": null, "access": null, "ref": null}, "geometry": {"type": "LineString", "coordinates": [[-0.347881, 39.457136], [-0.3478566, 39.4570996], [-0.3478241, 39.4570329], [-0.3478094, 39.4569676], [-0.3478057, 39.4569295], [-0.3478031, 39.4569024], [-0.3478054, 39.4568514], [-0.3478124, 39.4568035]]}}, {"type": "Feature", "properties": {"u": 430676804, "v": 254992877, "key": 0, "osmid": "52391674", "highway": "tertiary", "lanes": null, "maxspeed": null, "name": "Carrer del M\u00fasic Ayll\u00f3n", "oneway": true, "reversed": "False", "length": 9.216475777956354, "width": null, "junction": null, "bridge": null, "tunnel": null, "access": null, "ref": null}, "geometry": {"type": "LineString", "coordinates": [[-0.4003702, 39.4662213], [-0.400476, 39.4662354]]}}, {"type": "Feature", "properties": {"u": 434698667, "v": 111968605, "key": 0, "osmid": "468909322", "highway": "primary_link", "lanes": "1", "maxspeed": null, "name": null, "oneway": true, "reversed": "False", "length": 132.08327455408912, "width": null, "junction": null, "bridge": null, "tunnel": null, "access": null, "ref": null}, "geometry": {"type": "LineString", "coordinates": [[-0.4111815, 39.4962288], [-0.4116675, 39.4961515], [-0.4124466, 39.4960812], [-0.4126999, 39.4960406]]}}, {"type": "Feature", "properties": {"u": 460989620, "v": 460989620, "key": 0, "osmid": [38833260, 1418697963, 1418697964], "highway": "unclassified", "lanes": null, "maxspeed": null, "name": null, "oneway": true, "reversed": "False", "length": 94.1851821681136, "width": null, "junction": "roundabout", "bridge": null, "tunnel": null, "access": null, "ref": null}, "geometry": {"type": "LineString", "coordinates": [[-0.3276712, 39.3878675], [-0.3277128, 39.3877976], [-0.3276988, 39.3877215], [-0.3276336, 39.3876633], [-0.3275536, 39.3876423], [-0.3274701, 39.3876525], [-0.3274054, 39.3876887], [-0.3273681, 39.3877432], [-0.3273658, 39.3878049], [-0.3273989, 39.3878611], [-0.3274574, 39.3878989], [-0.3275312, 39.387914], [-0.3276063, 39.3879037], [-0.3276712, 39.3878675]]}}, {"type": "Feature", "properties": {"u": 475337846, "v": 1154523914, "key": 0, "osmid": "208720502", "highway": "tertiary", "lanes": "1", "maxspeed": null, "name": "Avinguda dels Pinars", "oneway": true, "reversed": "False", "length": 99.45953970213003, "width": null, "junction": null, "bridge": null, "tunnel": null, "access": null, "ref": "CV-5010"}, "geometry": {"type": "LineString", "coordinates": [[-0.3323146, 39.381731], [-0.3323321, 39.3824557], [-0.3323323, 39.3824623], [-0.332243, 39.38261]]}}, {"type": "Feature", "properties": {"u": 476021531, "v": 476021524, "key": 0, "osmid": "39702177", "highway": "residential", "lanes": null, "maxspeed": null, "name": "Carrer Dehesa", "oneway": true, "reversed": "False", "length": 118.24695136202524, "width": null, "junction": null, "bridge": null, "tunnel": null, "access": null, "ref": null}, "geometry": {"type": "LineString", "coordinates": [[-0.3327653, 39.3836409], [-0.3327648, 39.3835985], [-0.3327587, 39.3830906], [-0.3327753, 39.3826204], [-0.332777, 39.3825777]]}}, {"type": "Feature", "properties": {"u": 476339238, "v": 255434090, "key": 0, "osmid": "23588342", "highway": "residential", "lanes": "2", "maxspeed": "30", "name": "Avinguda de Jes\u00fas Morante Borr\u00e0s", "oneway": false, "reversed": "False", "length": 47.983737376469115, "width": null, "junction": null, "bridge": null, "tunnel": null, "access": null, "ref": null}, "geometry": {"type": "LineString", "coordinates": [[-0.3438505, 39.4458733], [-0.343878, 39.4458352], [-0.3438661, 39.4454474]]}}, {"type": "Feature", "properties": {"u": 476436560, "v": 255434077, "key": 0, "osmid": "39736885", "highway": "unclassified", "lanes": null, "maxspeed": null, "name": "Cam\u00ed del Valladar", "oneway": false, "reversed": "False", "length": 234.16844121678534, "width": null, "junction": null, "bridge": null, "tunnel": null, "access": null, "ref": null}, "geometry": {"type": "LineString", "coordinates": [[-0.3424368, 39.4503744], [-0.3425184, 39.4503491], [-0.3426495, 39.4502713], [-0.3429298, 39.4500049], [-0.343882, 39.4488185], [-0.3440362, 39.4486953]]}}, {"type": "Feature", "properties": {"u": 480773265, "v": 254524211, "key": 0, "osmid": "191199130", "highway": "residential", "lanes": null, "maxspeed": "30", "name": "Carrer de Cavite", "oneway": true, "reversed": "False", "length": 226.39624613405118, "width": null, "junction": null, "bridge": null, "tunnel": null, "access": null, "ref": null}, "geometry": {"type": "LineString", "coordinates": [[-0.3267457, 39.4813465], [-0.3267005, 39.4825596], [-0.3265901, 39.4833776]]}}, {"type": "Feature", "properties": {"u": 505359517, "v": 88428405, "key": 0, "osmid": "13960791", "highway": "secondary", "lanes": "3", "maxspeed": null, "name": "Carrer del Doctor Josep Juan D\u00f2mine", "oneway": true, "reversed": "False", "length": 68.96998140126637, "width": null, "junction": null, "bridge": null, "tunnel": null, "access": null, "ref": null}, "geometry": {"type": "LineString", "coordinates": [[-0.3296427, 39.4628583], [-0.3296916, 39.462813], [-0.3297405, 39.4627823], [-0.3297719, 39.4627635], [-0.3302833, 39.4624871]]}}, {"type": "Feature", "properties": {"u": 506533695, "v": 506533704, "key": 0, "osmid": "144047126", "highway": "residential", "lanes": "2", "maxspeed": null, "name": "Carrer de Joan Mir\u00f3", "oneway": false, "reversed": "True", "length": 82.84483625377418, "width": null, "junction": null, "bridge": null, "tunnel": null, "access": null, "ref": null}, "geometry": {"type": "LineString", "coordinates": [[-0.3894384, 39.4358721], [-0.389405, 39.4359583], [-0.389379, 39.4359818], [-0.3893449, 39.4360015], [-0.3893169, 39.4360079], [-0.389285, 39.43601], [-0.389228, 39.4360047], [-0.3888789, 39.4359649], [-0.3887967, 39.435955], [-0.3887241, 39.4359451], [-0.3886787, 39.4359342], [-0.3886493, 39.4359142], [-0.3886411, 39.4358966], [-0.3886382, 39.4358765]]}}, {"type": "Feature", "properties": {"u": 506533743, "v": 1576292025, "key": 0, "osmid": "1333154210", "highway": "tertiary", "lanes": "2", "maxspeed": null, "name": "Carretera d'Alba", "oneway": false, "reversed": "False", "length": 33.957802832057716, "width": null, "junction": null, "bridge": null, "tunnel": null, "access": null, "ref": "CV-404"}, "geometry": {"type": "LineString", "coordinates": [[-0.3936315, 39.4356616], [-0.3935088, 39.4356424], [-0.3932425, 39.435607]]}}, {"type": "Feature", "properties": {"u": 513502195, "v": 1576287635, "key": 0, "osmid": "635006797", "highway": "residential", "lanes": null, "maxspeed": null, "name": "Carrer de Sedav\u00ed", "oneway": false, "reversed": "False", "length": 37.258265060297234, "width": null, "junction": null, "bridge": null, "tunnel": null, "access": null, "ref": null}, "geometry": {"type": "LineString", "coordinates": [[-0.3772548, 39.4317446], [-0.3768262, 39.4316928]]}}, {"type": "Feature", "properties": {"u": 513619610, "v": 513502365, "key": 0, "osmid": "41715771", "highway": "tertiary", "lanes": null, "maxspeed": null, "name": "Avinguda d'Europa", "oneway": false, "reversed": "False", "length": 197.50708978411515, "width": null, "junction": null, "bridge": null, "tunnel": null, "access": null, "ref": null}, "geometry": {"type": "LineString", "coordinates": [[-0.3754351, 39.4348265], [-0.3751698, 39.4348158], [-0.3747408, 39.4347665], [-0.3738065, 39.4345099], [-0.3735853, 39.4344477], [-0.3733692, 39.4344096], [-0.3732205, 39.4343864]]}}, {"type": "Feature", "properties": {"u": 559917155, "v": 559917167, "key": 0, "osmid": "442129461", "highway": "unclassified", "lanes": "1", "maxspeed": null, "name": null, "oneway": true, "reversed": "False", "length": 38.642766121170304, "width": null, "junction": null, "bridge": null, "tunnel": null, "access": null, "ref": null}, "geometry": {"type": "LineString", "coordinates": [[-0.3346859, 39.409503], [-0.3342395, 39.4094604]]}}, {"type": "Feature", "properties": {"u": 559917284, "v": 559917203, "key": 0, "osmid": "24548883", "highway": "residential", "lanes": null, "maxspeed": "30", "name": "Travessia de Pinedo al Mar", "oneway": false, "reversed": "True", "length": 85.28053805046075, "width": null, "junction": null, "bridge": null, "tunnel": null, "access": null, "ref": null}, "geometry": {"type": "LineString", "coordinates": [[-0.3382176, 39.4213622], [-0.3372377, 39.4214855]]}}, {"type": "Feature", "properties": {"u": 559918660, "v": 11521246762, "key": 0, "osmid": "714955493", "highway": "tertiary", "lanes": null, "maxspeed": null, "name": null, "oneway": true, "reversed": "False", "length": 12.788983711053577, "width": null, "junction": "roundabout", "bridge": null, "tunnel": null, "access": null, "ref": null}, "geometry": {"type": "LineString", "coordinates": [[-0.3622777, 39.4237015], [-0.3622388, 39.4236777], [-0.3621914, 39.4236663], [-0.3621419, 39.423669]]}}, {"type": "Feature", "properties": {"u": 559949632, "v": 559949620, "key": 0, "osmid": "374148826", "highway": "residential", "lanes": null, "maxspeed": null, "name": "Cam\u00ed del Rib\u00e0s", "oneway": true, "reversed": "False", "length": 33.70518265434776, "width": null, "junction": null, "bridge": null, "tunnel": null, "access": null, "ref": null}, "geometry": {"type": "LineString", "coordinates": [[-0.3595774, 39.4306085], [-0.3595129, 39.4306751], [-0.3593842, 39.4308713]]}}, {"type": "Feature", "properties": {"u": 559965156, "v": 559965150, "key": 0, "osmid": "44047656", "highway": "residential", "lanes": null, "maxspeed": null, "name": "Carrer de la Figuereta", "oneway": false, "reversed": "True", "length": 272.3978640110326, "width": null, "junction": null, "bridge": null, "tunnel": null, "access": null, "ref": null}, "geometry": {"type": "LineString", "coordinates": [[-0.3613148, 39.429829], [-0.3608418, 39.4306886], [-0.3602539, 39.4317604], [-0.3600673, 39.4320812]]}}, {"type": "Feature", "properties": {"u": 559970267, "v": 560100969, "key": 0, "osmid": "44048208", "highway": "residential", "lanes": null, "maxspeed": null, "name": "Carretera del Pi", "oneway": false, "reversed": "True", "length": 45.385573563231326, "width": null, "junction": null, "bridge": null, "tunnel": null, "access": null, "ref": null}, "geometry": {"type": "LineString", "coordinates": [[-0.3622611, 39.4264496], [-0.3617378, 39.426393]]}}, {"type": "Feature", "properties": {"u": 559970541, "v": 559970558, "key": 0, "osmid": "634367092", "highway": "residential", "lanes": null, "maxspeed": null, "name": "Carrer de l'Escultor Frederic Siurana", "oneway": false, "reversed": "False", "length": 66.71117764851455, "width": null, "junction": null, "bridge": null, "tunnel": null, "access": null, "ref": null}, "geometry": {"type": "LineString", "coordinates": [[-0.3636378, 39.4291397], [-0.3637388, 39.4291184], [-0.3644099, 39.4290912]]}}, {"type": "Feature", "properties": {"u": 559970574, "v": 559970544, "key": 0, "osmid": "44048224", "highway": "residential", "lanes": null, "maxspeed": null, "name": "Carrer de la Fortuna", "oneway": true, "reversed": "False", "length": 158.53554650940987, "width": null, "junction": null, "bridge": null, "tunnel": null, "access": null, "ref": null}, "geometry": {"type": "LineString", "coordinates": [[-0.3649487, 39.4303971], [-0.3650943, 39.4289758]]}}, {"type": "Feature", "properties": {"u": 560100957, "v": 560100958, "key": 0, "osmid": "44063862", "highway": "residential", "lanes": null, "maxspeed": null, "name": "Carrer de la Felicitat", "oneway": true, "reversed": "False", "length": 168.7148281483716, "width": null, "junction": null, "bridge": null, "tunnel": null, "access": null, "ref": null}, "geometry": {"type": "LineString", "coordinates": [[-0.3638253, 39.4243122], [-0.3643888, 39.4229324], [-0.3644162, 39.4228652]]}}, {"type": "Feature", "properties": {"u": 560100990, "v": 559918655, "key": 0, "osmid": "44041538", "highway": "tertiary", "lanes": null, "maxspeed": null, "name": "Cam\u00ed del Tremolar", "oneway": false, "reversed": "False", "length": 35.019726082313454, "width": null, "junction": null, "bridge": null, "tunnel": null, "access": null, "ref": null}, "geometry": {"type": "LineString", "coordinates": [[-0.3629952, 39.4238318], [-0.3625968, 39.4237649]]}}, {"type": "Feature", "properties": {"u": 561181222, "v": 561181270, "key": 0, "osmid": "693923231", "highway": "unclassified", "lanes": null, "maxspeed": null, "name": "Entrada a les Cases del Massero", "oneway": false, "reversed": "True", "length": 397.4437721636181, "width": null, "junction": null, "bridge": null, "tunnel": null, "access": null, "ref": null}, "geometry": {"type": "LineString", "coordinates": [[-0.4082027, 39.4431552], [-0.4086131, 39.4425151], [-0.4087365, 39.4423473], [-0.4088143, 39.4423106], [-0.4089122, 39.4422909], [-0.4090825, 39.4422707], [-0.4090771, 39.4419123], [-0.4090711, 39.4415618], [-0.4090853, 39.4412119], [-0.4087076, 39.4412004], [-0.4086763, 39.4411767], [-0.4086494, 39.4410566], [-0.4086328, 39.440875], [-0.4086414, 39.4401783]]}}, {"type": "Feature", "properties": {"u": 571477023, "v": 344427600, "key": 0, "osmid": [45069033, 30974532], "highway": "residential", "lanes": null, "maxspeed": null, "name": "Carrer del Gravador Montfort", "oneway": false, "reversed": "False", "length": 95.0726084468787, "width": null, "junction": null, "bridge": null, "tunnel": null, "access": null, "ref": null}, "geometry": {"type": "LineString", "coordinates": [[-0.4217021, 39.4987369], [-0.4216986, 39.4987026], [-0.4216609, 39.49839], [-0.4216453, 39.4983739], [-0.4216175, 39.4983644], [-0.4210292, 39.4984559]]}}, {"type": "Feature", "properties": {"u": 571526396, "v": 571522869, "key": 0, "osmid": "142497426", "highway": "residential", "lanes": null, "maxspeed": null, "name": "Carrer de Fortaleny", "oneway": true, "reversed": "False", "length": 158.31042719512922, "width": null, "junction": null, "bridge": null, "tunnel": null, "access": null, "ref": null}, "geometry": {"type": "LineString", "coordinates": [[-0.4217958, 39.5028598], [-0.4203113, 39.5035293], [-0.4202659, 39.5035403], [-0.4201878, 39.5035411]]}}, {"type": "Feature", "properties": {"u": 576889862, "v": 6510694442, "key": 0, "osmid": "44063860", "highway": "tertiary", "lanes": "2", "maxspeed": "40", "name": "Cam\u00ed de les Vaques", "oneway": false, "reversed": "False", "length": 69.55406969391512, "width": null, "junction": null, "bridge": null, "tunnel": null, "access": null, "ref": null}, "geometry": {"type": "LineString", "coordinates": [[-0.3650916, 39.4211555], [-0.3653175, 39.4212248], [-0.365801, 39.4214531]]}}, {"type": "Feature", "properties": {"u": 691122207, "v": 30378599, "key": 0, "osmid": "707024129", "highway": "living_street", "lanes": null, "maxspeed": "20", "name": "Pla\u00e7a de la Ciutat de Bruges", "oneway": true, "reversed": "False", "length": 36.620246796581526, "width": "5", "junction": null, "bridge": null, "tunnel": null, "access": null, "ref": null}, "geometry": {"type": "LineString", "coordinates": [[-0.379798, 39.4733452], [-0.3797845, 39.4734109], [-0.3797673, 39.4734574], [-0.3796701, 39.4736583]]}}, {"type": "Feature", "properties": {"u": 720566651, "v": 62841775, "key": 0, "osmid": "58066324", "highway": "residential", "lanes": null, "maxspeed": null, "name": "Carrer dels Gremis", "oneway": false, "reversed": "False", "length": 90.89853020729436, "width": null, "junction": null, "bridge": null, "tunnel": null, "access": null, "ref": null}, "geometry": {"type": "LineString", "coordinates": [[-0.4058176, 39.453043], [-0.4054539, 39.45255], [-0.4053536, 39.4523122]]}}, {"type": "Feature", "properties": {"u": 781137587, "v": 781137574, "key": 0, "osmid": "62680849", "highway": "residential", "lanes": null, "maxspeed": "30", "name": "Carrer de Garc\u00e9s", "oneway": true, "reversed": "False", "length": 71.7777306020097, "width": null, "junction": null, "bridge": null, "tunnel": null, "access": null, "ref": null}, "geometry": {"type": "LineString", "coordinates": [[-0.3780945, 39.5168516], [-0.3772653, 39.516765]]}}, {"type": "Feature", "properties": {"u": 781443014, "v": 1801465975, "key": 0, "osmid": "62717444", "highway": "residential", "lanes": null, "maxspeed": null, "name": "Cam\u00ed de les Cases de Guerra", "oneway": false, "reversed": "True", "length": 240.040691861618, "width": null, "junction": null, "bridge": null, "tunnel": null, "access": null, "ref": null}, "geometry": {"type": "LineString", "coordinates": [[-0.3831805, 39.5094836], [-0.3831757, 39.5094038], [-0.3831978, 39.5093371], [-0.3833452, 39.5090117], [-0.3834557, 39.5087621], [-0.3836096, 39.5085046], [-0.383681, 39.508381], [-0.3838339, 39.5080582], [-0.3839448, 39.5078589], [-0.3839985, 39.5077596], [-0.3840843, 39.5076546], [-0.384137, 39.5076119], [-0.3842415, 39.5075953], [-0.3842949, 39.5075686]]}}, {"type": "Feature", "properties": {"u": 935911250, "v": 935911232, "key": 0, "osmid": "80207955", "highway": "unclassified", "lanes": "1", "maxspeed": null, "name": null, "oneway": true, "reversed": "False", "length": 28.92891326656923, "width": null, "junction": null, "bridge": null, "tunnel": null, "access": null, "ref": null}, "geometry": {"type": "LineString", "coordinates": [[-0.2790217, 39.2797954], [-0.2787794, 39.2799757]]}}, {"type": "Feature", "properties": {"u": 1085888383, "v": 1085888728, "key": 0, "osmid": "93602122", "highway": "residential", "lanes": null, "maxspeed": null, "name": "Carrer de Sant Jaume Ap\u00f2stol", "oneway": false, "reversed": "False", "length": 69.71083276429714, "width": null, "junction": null, "bridge": null, "tunnel": null, "access": null, "ref": null}, "geometry": {"type": "LineString", "coordinates": [[-0.4048499, 39.4957155], [-0.4048294, 39.4963061], [-0.4048282, 39.4963422]]}}, {"type": "Feature", "properties": {"u": 1132162707, "v": 1827079008, "key": 0, "osmid": "917168337", "highway": "primary", "lanes": "5", "maxspeed": "50", "name": "Avinguda d'Ausi\u00e0s March", "oneway": true, "reversed": "False", "length": 53.97124614264484, "width": null, "junction": null, "bridge": null, "tunnel": null, "access": null, "ref": null}, "geometry": {"type": "LineString", "coordinates": [[-0.3707606, 39.449919], [-0.370989, 39.4502331], [-0.3710684, 39.4503422]]}}, {"type": "Feature", "properties": {"u": 1154523787, "v": 476021545, "key": 0, "osmid": "99867799", "highway": "residential", "lanes": null, "maxspeed": null, "name": "Carrer del Tallafoc dels Ferros", "oneway": false, "reversed": "True", "length": 41.06287433244534, "width": null, "junction": null, "bridge": null, "tunnel": null, "access": null, "ref": null}, "geometry": {"type": "LineString", "coordinates": [[-0.3325493, 39.3840148], [-0.3327523, 39.3840094], [-0.3329574, 39.3840039], [-0.3330268, 39.384002]]}}, {"type": "Feature", "properties": {"u": 1160312422, "v": 1625494934, "key": 0, "osmid": "1169699159", "highway": "tertiary", "lanes": null, "maxspeed": null, "name": null, "oneway": true, "reversed": "False", "length": 23.953351560864903, "width": null, "junction": "roundabout", "bridge": null, "tunnel": null, "access": null, "ref": null}, "geometry": {"type": "LineString", "coordinates": [[-0.3961559, 39.4567144], [-0.3962062, 39.4566595], [-0.3962394, 39.4565936], [-0.3962476, 39.4565164]]}}, {"type": "Feature", "properties": {"u": 1189715025, "v": 1189716596, "key": 0, "osmid": "103029764", "highway": "tertiary_link", "lanes": null, "maxspeed": null, "name": null, "oneway": false, "reversed": "False", "length": 35.16169936612213, "width": null, "junction": null, "bridge": null, "tunnel": null, "access": null, "ref": null}, "geometry": {"type": "LineString", "coordinates": [[-0.3985668, 39.4594289], [-0.3988394, 39.4591929]]}}, {"type": "Feature", "properties": {"u": 1227088290, "v": 1192498089, "key": 0, "osmid": "100790794", "highway": "residential", "lanes": "2", "maxspeed": null, "name": "Carrer de Sant Pius X", "oneway": false, "reversed": "False", "length": 64.29569720094337, "width": null, "junction": null, "bridge": null, "tunnel": null, "access": null, "ref": null}, "geometry": {"type": "LineString", "coordinates": [[-0.3904075, 39.442677], [-0.3904679, 39.4425054], [-0.3904928, 39.4423788], [-0.3904702, 39.4422462], [-0.3904023, 39.4421179]]}}, {"type": "Feature", "properties": {"u": 1301897869, "v": 112814974, "key": 0, "osmid": "115101135", "highway": "primary", "lanes": "2", "maxspeed": null, "name": "Avinguda de Peris i Valero", "oneway": true, "reversed": "False", "length": 104.36335535736953, "width": null, "junction": null, "bridge": null, "tunnel": null, "access": null, "ref": null}, "geometry": {"type": "LineString", "coordinates": [[-0.3641121, 39.461793], [-0.3631635, 39.4621918], [-0.3630452, 39.4622429]]}}, {"type": "Feature", "properties": {"u": 1328253515, "v": 1624170713, "key": 0, "osmid": "160783068", "highway": "residential", "lanes": null, "maxspeed": null, "name": "Carrer del Bomber Ramon Duart", "oneway": true, "reversed": "False", "length": 181.81329055988712, "width": null, "junction": null, "bridge": null, "tunnel": null, "access": null, "ref": null}, "geometry": {"type": "LineString", "coordinates": [[-0.3637243, 39.4503437], [-0.3637803, 39.4504225], [-0.3646978, 39.4517125], [-0.3647438, 39.4517768]]}}, {"type": "Feature", "properties": {"u": 1334394359, "v": 116762159, "key": 0, "osmid": "1174405086", "highway": "unclassified", "lanes": null, "maxspeed": null, "name": null, "oneway": true, "reversed": "False", "length": 33.800259105410355, "width": null, "junction": null, "bridge": null, "tunnel": null, "access": null, "ref": null}, "geometry": {"type": "LineString", "coordinates": [[-0.3424373, 39.4508691], [-0.3423264, 39.4508524], [-0.3422667, 39.4508607], [-0.3422199, 39.4508819], [-0.3421906, 39.4509079], [-0.3421603, 39.4509339], [-0.3421222, 39.4509505], [-0.3420949, 39.4509635]]}}, {"type": "Feature", "properties": {"u": 1334394476, "v": 1334394360, "key": 0, "osmid": "118695378", "highway": "residential", "lanes": "1", "maxspeed": null, "name": "Carrer de Jos\u00e9 Manaut Viglietti", "oneway": false, "reversed": "True", "length": 89.67509026888968, "width": null, "junction": null, "bridge": null, "tunnel": null, "access": null, "ref": null}, "geometry": {"type": "LineString", "coordinates": [[-0.3379561, 39.4426797], [-0.3379418, 39.4427283], [-0.3378289, 39.4431506], [-0.3377437, 39.4434693]]}}, {"type": "Feature", "properties": {"u": 1334420889, "v": 255994904, "key": 0, "osmid": "623591889", "highway": "tertiary", "lanes": null, "maxspeed": null, "name": null, "oneway": false, "reversed": "False", "length": 11.11047590915888, "width": null, "junction": null, "bridge": null, "tunnel": null, "access": null, "ref": null}, "geometry": {"type": "LineString", "coordinates": [[-0.4063588, 39.4673322], [-0.4064846, 39.4673557]]}}, {"type": "Feature", "properties": {"u": 1341008572, "v": 1341008613, "key": 0, "osmid": "119311254", "highway": "residential", "lanes": null, "maxspeed": null, "name": "Carrer de Carmelo Roda", "oneway": true, "reversed": "False", "length": 51.13072514040474, "width": null, "junction": null, "bridge": null, "tunnel": null, "access": null, "ref": null}, "geometry": {"type": "LineString", "coordinates": [[-0.3910851, 39.4996889], [-0.3912162, 39.4996114], [-0.3914374, 39.4994805], [-0.391558, 39.4994091]]}}, {"type": "Feature", "properties": {"u": 1342102393, "v": 5467243672, "key": 0, "osmid": [568243241, 150997324], "highway": "residential", "lanes": null, "maxspeed": null, "name": ["Cam\u00ed Vell de Malilla", "Carrer del Riu Eresma"], "oneway": false, "reversed": "False", "length": 142.2665001809794, "width": null, "junction": null, "bridge": null, "tunnel": null, "access": null, "ref": null}, "geometry": {"type": "LineString", "coordinates": [[-0.3784717, 39.44834], [-0.3785731, 39.4477967], [-0.3783568, 39.4476532], [-0.3783139, 39.4476121], [-0.3783165, 39.4475734], [-0.3785021, 39.4473005], [-0.3785258, 39.4471915]]}}, {"type": "Feature", "properties": {"u": 1342134049, "v": 1342134034, "key": 0, "osmid": "119441504", "highway": "residential", "lanes": null, "maxspeed": null, "name": null, "oneway": true, "reversed": "False", "length": 16.46728764485608, "width": null, "junction": null, "bridge": null, "tunnel": null, "access": null, "ref": null}, "geometry": {"type": "LineString", "coordinates": [[-0.3712815, 39.4581207], [-0.3713215, 39.4580964], [-0.3713313, 39.4580683], [-0.3713301, 39.4580462], [-0.3713131, 39.4580252], [-0.3712774, 39.4580074]]}}, {"type": "Feature", "properties": {"u": 1559273476, "v": 254526024, "key": 0, "osmid": "23502248", "highway": "residential", "lanes": "2", "maxspeed": "30", "name": "Pla\u00e7a del Llibertador Sim\u00f3n Bol\u00edvar", "oneway": false, "reversed": "True", "length": 30.156205637111686, "width": null, "junction": null, "bridge": null, "tunnel": null, "access": null, "ref": null}, "geometry": {"type": "LineString", "coordinates": [[-0.3275758, 39.4783981], [-0.3275767, 39.4786693]]}}, {"type": "Feature", "properties": {"u": 1562048642, "v": 111164117, "key": 0, "osmid": [1333210887, 469063070, 469063071], "highway": "secondary", "lanes": ["2", "3"], "maxspeed": "70", "name": "Avinguda del Sud", "oneway": true, "reversed": "False", "length": 284.19745900998197, "width": null, "junction": null, "bridge": null, "tunnel": null, "access": null, "ref": "CV-400"}, "geometry": {"type": "LineString", "coordinates": [[-0.3903872, 39.4418731], [-0.3904971, 39.44184], [-0.3905412, 39.4418267], [-0.3905545, 39.4418256], [-0.3910219, 39.441788], [-0.3916446, 39.441785], [-0.3923242, 39.4418159], [-0.3928698, 39.441841], [-0.3930312, 39.4418518], [-0.3932414, 39.4418376], [-0.3934676, 39.4418089], [-0.3936681, 39.4417644]]}}, {"type": "Feature", "properties": {"u": 1562586486, "v": 12175759069, "key": 0, "osmid": [1167334028, 12378356], "highway": "residential", "lanes": "2", "maxspeed": null, "name": "Carrer de Salabert", "oneway": false, "reversed": "True", "length": 157.68439323743527, "width": null, "junction": null, "bridge": null, "tunnel": null, "access": null, "ref": null}, "geometry": {"type": "LineString", "coordinates": [[-0.3946437, 39.463017], [-0.3942949, 39.4628642], [-0.3932652, 39.4624094], [-0.3932346, 39.4623952], [-0.3931502, 39.4623578], [-0.3930344, 39.4623483]]}}, {"type": "Feature", "properties": {"u": 1565937029, "v": 1565937047, "key": 0, "osmid": "191192200", "highway": "primary", "lanes": "5", "maxspeed": "50", "name": "Pla\u00e7a de les Falleres Majors de Val\u00e8ncia", "oneway": true, "reversed": "False", "length": 26.569984375993336, "width": null, "junction": "circular", "bridge": null, "tunnel": null, "access": null, "ref": null}, "geometry": {"type": "LineString", "coordinates": [[-0.3467691, 39.4560348], [-0.3467491, 39.4560799], [-0.3467223, 39.4561777], [-0.3467164, 39.4562689]]}}, {"type": "Feature", "properties": {"u": 1567955423, "v": 1567955490, "key": 0, "osmid": "41396485", "highway": "primary", "lanes": "4", "maxspeed": "50", "name": "Avinguda del Cid", "oneway": true, "reversed": "False", "length": 38.33494208708555, "width": null, "junction": null, "bridge": null, "tunnel": null, "access": null, "ref": null}, "geometry": {"type": "LineString", "coordinates": [[-0.4127839, 39.4694795], [-0.4123389, 39.4695086]]}}, {"type": "Feature", "properties": {"u": 1575853584, "v": 344427659, "key": 0, "osmid": "144002929", "highway": "residential", "lanes": null, "maxspeed": null, "name": "Carrer de Jos\u00e9 Burguete Guillem", "oneway": true, "reversed": "False", "length": 82.56917613464856, "width": null, "junction": null, "bridge": null, "tunnel": null, "access": null, "ref": null}, "geometry": {"type": "LineString", "coordinates": [[-0.4160949, 39.5007919], [-0.4161675, 39.5007973], [-0.4170528, 39.5008632]]}}, {"type": "Feature", "properties": {"u": 1576274849, "v": 506533738, "key": 0, "osmid": [41418042, 1330469266], "highway": "residential", "lanes": "1", "maxspeed": null, "name": "Carrer d'\u00c1lvarez de Sotomayor", "oneway": false, "reversed": "True", "length": 129.40629461382537, "width": null, "junction": null, "bridge": null, "tunnel": null, "access": null, "ref": null}, "geometry": {"type": "LineString", "coordinates": [[-0.3922037, 39.4338408], [-0.3922272, 39.4336959], [-0.3923444, 39.4333103], [-0.3923649, 39.4332429], [-0.3924051, 39.4331105], [-0.3925284, 39.4327051]]}}, {"type": "Feature", "properties": {"u": 1576292020, "v": 506533729, "key": 0, "osmid": "1333154210", "highway": "tertiary", "lanes": "2", "maxspeed": null, "name": "Carretera d'Alba", "oneway": false, "reversed": "False", "length": 30.796804897561277, "width": null, "junction": null, "bridge": null, "tunnel": null, "access": null, "ref": "CV-404"}, "geometry": {"type": "LineString", "coordinates": [[-0.3928536, 39.4355553], [-0.3925002, 39.4355083]]}}, {"type": "Feature", "properties": {"u": 1578564009, "v": 1578564010, "key": 0, "osmid": "144309061", "highway": "residential", "lanes": null, "maxspeed": null, "name": "Carrer de l'Enginyer Rafael Janini", "oneway": true, "reversed": "False", "length": 15.308456425457976, "width": null, "junction": null, "bridge": null, "tunnel": null, "access": null, "ref": null}, "geometry": {"type": "LineString", "coordinates": [[-0.3403049, 39.4704699], [-0.3401377, 39.470422]]}}, {"type": "Feature", "properties": {"u": 1581269310, "v": 2079849932, "key": 0, "osmid": "677746896", "highway": "tertiary", "lanes": "3", "maxspeed": null, "name": "Carrer de la Vall de la Ballestera", "oneway": true, "reversed": "False", "length": 4.36142989377824, "width": null, "junction": null, "bridge": null, "tunnel": null, "access": null, "ref": null}, "geometry": {"type": "LineString", "coordinates": [[-0.3948619, 39.4804279], [-0.3948173, 39.4804467]]}}, {"type": "Feature", "properties": {"u": 1584190764, "v": 11580594520, "key": 0, "osmid": "97020718", "highway": "primary", "lanes": "4", "maxspeed": "50", "name": "Avinguda del Primat Reig", "oneway": true, "reversed": "False", "length": 45.91601158463458, "width": null, "junction": null, "bridge": null, "tunnel": null, "access": null, "ref": null}, "geometry": {"type": "LineString", "coordinates": [[-0.3706817, 39.4896024], [-0.3702975, 39.489315]]}}, {"type": "Feature", "properties": {"u": 1602528790, "v": 1602528770, "key": 0, "osmid": "147061058", "highway": "primary_link", "lanes": null, "maxspeed": null, "name": null, "oneway": true, "reversed": "False", "length": 28.796427302395124, "width": null, "junction": null, "bridge": null, "tunnel": null, "access": null, "ref": null}, "geometry": {"type": "LineString", "coordinates": [[-0.3633268, 39.467804], [-0.3635106, 39.4677294], [-0.3636236, 39.4676833]]}}, {"type": "Feature", "properties": {"u": 1625451471, "v": 110675706, "key": 0, "osmid": "149587748", "highway": "residential", "lanes": null, "maxspeed": null, "name": null, "oneway": true, "reversed": "False", "length": 31.901326820090556, "width": null, "junction": null, "bridge": null, "tunnel": null, "access": null, "ref": null}, "geometry": {"type": "LineString", "coordinates": [[-0.3701174, 39.4557902], [-0.3701691, 39.4557897], [-0.3702143, 39.455784], [-0.3702611, 39.4557716], [-0.3703025, 39.4557552], [-0.3704474, 39.4556753]]}}, {"type": "Feature", "properties": {"u": 1632040453, "v": 1632040485, "key": 0, "osmid": "1226726821", "highway": "residential", "lanes": null, "maxspeed": null, "name": "Avinguda de la Gola del Pujol", "oneway": false, "reversed": "True", "length": 37.320711317271645, "width": null, "junction": null, "bridge": null, "tunnel": null, "access": null, "ref": null}, "geometry": {"type": "LineString", "coordinates": [[-0.3205237, 39.3646723], [-0.320953, 39.3646224]]}}, {"type": "Feature", "properties": {"u": 1633044062, "v": 257848745, "key": 0, "osmid": "23795993", "highway": "residential", "lanes": null, "maxspeed": null, "name": "Carrer del Ninot", "oneway": false, "reversed": "True", "length": 19.666956544163035, "width": null, "junction": null, "bridge": null, "tunnel": null, "access": null, "ref": null}, "geometry": {"type": "LineString", "coordinates": [[-0.3917608, 39.4990272], [-0.3916214, 39.4988868]]}}, {"type": "Feature", "properties": {"u": 1635327630, "v": 254744398, "key": 0, "osmid": "150635324", "highway": "residential", "lanes": "1", "maxspeed": "30", "name": "Carrer de Santa Pola", "oneway": true, "reversed": "False", "length": 138.06809250667072, "width": null, "junction": null, "bridge": null, "tunnel": null, "access": null, "ref": null}, "geometry": {"type": "LineString", "coordinates": [[-0.3332604, 39.4457855], [-0.3332583, 39.4458418], [-0.3325057, 39.4468749]]}}, {"type": "Feature", "properties": {"u": 1635374812, "v": 1635374822, "key": 0, "osmid": "150640393", "highway": "residential", "lanes": null, "maxspeed": null, "name": "Carrer de Josep Soler Carnicer", "oneway": false, "reversed": "True", "length": 37.73307000681428, "width": null, "junction": null, "bridge": null, "tunnel": null, "access": null, "ref": null}, "geometry": {"type": "LineString", "coordinates": [[-0.3342149, 39.4510578], [-0.3346445, 39.4511293]]}}, {"type": "Feature", "properties": {"u": 1635592959, "v": 132172835, "key": 0, "osmid": "150669978", "highway": "tertiary_link", "lanes": null, "maxspeed": null, "name": null, "oneway": true, "reversed": "False", "length": 13.34639949510482, "width": null, "junction": null, "bridge": null, "tunnel": null, "access": null, "ref": null}, "geometry": {"type": "LineString", "coordinates": [[-0.3249468, 39.4787967], [-0.3247913, 39.4787959]]}}, {"type": "Feature", "properties": {"u": 1637216527, "v": 9468107535, "key": 0, "osmid": "23509498", "highway": "unclassified", "lanes": "2", "maxspeed": null, "name": null, "oneway": true, "reversed": "False", "length": 69.04599207995729, "width": null, "junction": "roundabout", "bridge": null, "tunnel": null, "access": null, "ref": null}, "geometry": {"type": "LineString", "coordinates": [[-0.3133124, 39.4235784], [-0.3133786, 39.4236368], [-0.3134657, 39.4236755], [-0.3135643, 39.4236903], [-0.3136639, 39.4236797], [-0.3137536, 39.4236447], [-0.3138237, 39.4235891], [-0.3138668, 39.423519], [-0.3138782, 39.4234419]]}}, {"type": "Feature", "properties": {"u": 1644978459, "v": 1644978853, "key": 0, "osmid": "187152773", "highway": "residential", "lanes": null, "maxspeed": null, "name": "Carrer del Mascar\u00f3", "oneway": true, "reversed": "False", "length": 53.53442562624987, "width": null, "junction": null, "bridge": null, "tunnel": null, "access": null, "ref": null}, "geometry": {"type": "LineString", "coordinates": [[-0.2777488, 39.2792092], [-0.2773566, 39.2791667], [-0.2771322, 39.2791463]]}}, {"type": "Feature", "properties": {"u": 1644979108, "v": 1644978331, "key": 0, "osmid": "58403495", "highway": "residential", "lanes": null, "maxspeed": null, "name": "Avinguda de les Gavines", "oneway": false, "reversed": "True", "length": 68.05180742437153, "width": null, "junction": null, "bridge": null, "tunnel": null, "access": null, "ref": null}, "geometry": {"type": "LineString", "coordinates": [[-0.2981125, 39.3081323], [-0.2986636, 39.3085713]]}}, {"type": "Feature", "properties": {"u": 1644979433, "v": 1644979305, "key": 0, "osmid": "31486288", "highway": "primary", "lanes": "2", "maxspeed": null, "name": "Avinguda de les Gavines", "oneway": false, "reversed": "False", "length": 173.41342769098944, "width": null, "junction": null, "bridge": null, "tunnel": null, "access": null, "ref": "CV-500"}, "geometry": {"type": "LineString", "coordinates": [[-0.295868, 39.3062829], [-0.2951277, 39.3056755], [-0.2944852, 39.3051483]]}}, {"type": "Feature", "properties": {"u": 1666173040, "v": 781137591, "key": 0, "osmid": "154008877", "highway": "residential", "lanes": null, "maxspeed": "30", "name": "Carrer de l'Ermita de Sant Roc", "oneway": true, "reversed": "False", "length": 48.065856832873685, "width": null, "junction": null, "bridge": null, "tunnel": null, "access": null, "ref": null}, "geometry": {"type": "LineString", "coordinates": [[-0.378007, 39.517151], [-0.377898, 39.5172777], [-0.377829, 39.5175528]]}}, {"type": "Feature", "properties": {"u": 1692104851, "v": 255007097, "key": 0, "osmid": "1205046017", "highway": "living_street", "lanes": null, "maxspeed": null, "name": "Carrer de Torrent", "oneway": false, "reversed": "True", "length": 42.60055221637309, "width": null, "junction": null, "bridge": null, "tunnel": null, "access": "no", "ref": null}, "geometry": {"type": "LineString", "coordinates": [[-0.4018654, 39.4617469], [-0.4023609, 39.4617261]]}}, {"type": "Feature", "properties": {"u": 1792898028, "v": 1792898032, "key": 0, "osmid": "32431128", "highway": "residential", "lanes": null, "maxspeed": null, "name": "Carrer del Convent dels Carmelites", "oneway": true, "reversed": "False", "length": 4.348375739177069, "width": null, "junction": null, "bridge": null, "tunnel": null, "access": null, "ref": null}, "geometry": {"type": "LineString", "coordinates": [[-0.369638, 39.4829511], [-0.3695904, 39.4829377]]}}, {"type": "Feature", "properties": {"u": 1798089854, "v": 1798089860, "key": 0, "osmid": "168563813", "highway": "residential", "lanes": null, "maxspeed": null, "name": "Entrada del Rullo", "oneway": false, "reversed": "False", "length": 39.05236444082384, "width": null, "junction": null, "bridge": null, "tunnel": null, "access": null, "ref": null}, "geometry": {"type": "LineString", "coordinates": [[-0.3358558, 39.4213683], [-0.3356574, 39.4216843]]}}, {"type": "Feature", "properties": {"u": 1800312396, "v": 132104423, "key": 0, "osmid": "677297840", "highway": "secondary", "lanes": "4", "maxspeed": "50", "name": "Avinguda de l'Enginyer Manuel Soto", "oneway": false, "reversed": "True", "length": 70.11729901740316, "width": null, "junction": null, "bridge": null, "tunnel": null, "access": null, "ref": null}, "geometry": {"type": "LineString", "coordinates": [[-0.3320759, 39.4581268], [-0.3320112, 39.457976], [-0.3319596, 39.4578707], [-0.3317427, 39.457553]]}}, {"type": "Feature", "properties": {"u": 1801767706, "v": 1801767681, "key": 0, "osmid": "1364979820", "highway": "unclassified", "lanes": null, "maxspeed": null, "name": "Entrada del Mol\u00ed dels Canyars", "oneway": true, "reversed": "False", "length": 19.2273330846946, "width": null, "junction": null, "bridge": null, "tunnel": null, "access": null, "ref": null}, "geometry": {"type": "LineString", "coordinates": [[-0.3721621, 39.5173434], [-0.3721081, 39.5173259], [-0.3720376, 39.517303], [-0.3719731, 39.5172556]]}}, {"type": "Feature", "properties": {"u": 1827071246, "v": 11838360011, "key": 0, "osmid": "722967115", "highway": "trunk", "lanes": "8", "maxspeed": "50", "name": "Avinguda d'Antonio Ferrandis (Actor)", "oneway": true, "reversed": "False", "length": 0.7246808844016438, "width": null, "junction": "circular", "bridge": null, "tunnel": null, "access": null, "ref": null}, "geometry": {"type": "LineString", "coordinates": [[-0.3692383, 39.4457669], [-0.3692311, 39.4457635]]}}, {"type": "Feature", "properties": {"u": 1870400740, "v": 131943255, "key": 0, "osmid": "626724363", "highway": "tertiary", "lanes": null, "maxspeed": null, "name": "Avinguda del Cardenal Benlloch", "oneway": true, "reversed": "False", "length": 11.077290014836858, "width": null, "junction": null, "bridge": null, "tunnel": null, "access": null, "ref": null}, "geometry": {"type": "LineString", "coordinates": [[-0.3546352, 39.4712717], [-0.3546041, 39.4712689], [-0.3545641, 39.4712643], [-0.3545069, 39.4712669]]}}, {"type": "Feature", "properties": {"u": 1886839105, "v": 344427636, "key": 0, "osmid": "45069034", "highway": "residential", "lanes": null, "maxspeed": "20", "name": "Carrer d'Espronceda", "oneway": false, "reversed": "True", "length": 61.00586959548575, "width": null, "junction": null, "bridge": null, "tunnel": null, "access": null, "ref": null}, "geometry": {"type": "LineString", "coordinates": [[-0.4158529, 39.5007537], [-0.4158477, 39.5004909], [-0.4156486, 39.5002854], [-0.4156259, 39.500262]]}}, {"type": "Feature", "properties": {"u": 1938912322, "v": 4581081504, "key": 0, "osmid": "1364983121", "highway": "tertiary", "lanes": "2", "maxspeed": null, "name": null, "oneway": true, "reversed": "False", "length": 13.417107040131896, "width": null, "junction": "roundabout", "bridge": null, "tunnel": null, "access": null, "ref": "CV-3671"}, "geometry": {"type": "LineString", "coordinates": [[-0.4283514, 39.4979272], [-0.4283209, 39.4979646], [-0.4283024, 39.4980121], [-0.4282998, 39.4980389]]}}, {"type": "Feature", "properties": {"u": 1970907301, "v": 1970907291, "key": 0, "osmid": "186406823", "highway": "residential", "lanes": null, "maxspeed": null, "name": null, "oneway": false, "reversed": "True", "length": 30.588665202079994, "width": null, "junction": null, "bridge": null, "tunnel": null, "access": null, "ref": null}, "geometry": {"type": "LineString", "coordinates": [[-0.3650041, 39.4454293], [-0.3652377, 39.4454596], [-0.3652794, 39.445465], [-0.3653554, 39.4454749]]}}, {"type": "Feature", "properties": {"u": 1973990822, "v": 11712294733, "key": 0, "osmid": "623902713", "highway": "secondary", "lanes": "2", "maxspeed": null, "name": "Avinguda de Burjassot", "oneway": true, "reversed": "False", "length": 43.860371923184026, "width": null, "junction": null, "bridge": null, "tunnel": null, "access": null, "ref": null}, "geometry": {"type": "LineString", "coordinates": [[-0.3908713, 39.4899015], [-0.3910185, 39.490045], [-0.3911647, 39.4901918], [-0.3911855, 39.4902126]]}}, {"type": "Feature", "properties": {"u": 1976527524, "v": 254599863, "key": 0, "osmid": "23509483", "highway": "unclassified", "lanes": null, "maxspeed": null, "name": null, "oneway": false, "reversed": "True", "length": 410.86171859904636, "width": null, "junction": null, "bridge": null, "tunnel": null, "access": null, "ref": null}, "geometry": {"type": "LineString", "coordinates": [[-0.319319, 39.4434059], [-0.3195014, 39.4434556], [-0.320408, 39.4437518], [-0.3205527, 39.4438303], [-0.3237226, 39.4448422]]}}, {"type": "Feature", "properties": {"u": 1980219450, "v": 97180274, "key": 0, "osmid": "10905784", "highway": "secondary", "lanes": null, "maxspeed": null, "name": "Avinguda de la Constituci\u00f3", "oneway": true, "reversed": "False", "length": 65.02137734343627, "width": null, "junction": null, "bridge": null, "tunnel": null, "access": null, "ref": null}, "geometry": {"type": "LineString", "coordinates": [[-0.3749078, 39.4907988], [-0.3752698, 39.4902851]]}}, {"type": "Feature", "properties": {"u": 1981264527, "v": 1981264529, "key": 0, "osmid": "187436862", "highway": "residential", "lanes": null, "maxspeed": null, "name": "Carrer de las Navas de Tolosa", "oneway": false, "reversed": "False", "length": 38.61412651163817, "width": null, "junction": null, "bridge": null, "tunnel": null, "access": null, "ref": null}, "geometry": {"type": "LineString", "coordinates": [[-0.3784325, 39.4869969], [-0.378381, 39.4870085], [-0.3780003, 39.4870935]]}}, {"type": "Feature", "properties": {"u": 2079849932, "v": 1581269304, "key": 0, "osmid": "144588607", "highway": "residential", "lanes": null, "maxspeed": null, "name": null, "oneway": true, "reversed": "False", "length": 12.360891102099595, "width": null, "junction": null, "bridge": null, "tunnel": null, "access": null, "ref": null}, "geometry": {"type": "LineString", "coordinates": [[-0.3948173, 39.4804467], [-0.3948952, 39.4805402]]}}, {"type": "Feature", "properties": {"u": 2187340535, "v": 2187340636, "key": 0, "osmid": "237820281", "highway": "residential", "lanes": null, "maxspeed": null, "name": "Carrer d'Andr\u00e9s Rey de Artieda", "oneway": true, "reversed": "False", "length": 22.50264024725052, "width": null, "junction": null, "bridge": null, "tunnel": null, "access": null, "ref": null}, "geometry": {"type": "LineString", "coordinates": [[-0.317652, 39.3097629], [-0.3178158, 39.30979], [-0.3179094, 39.3097971]]}}, {"type": "Feature", "properties": {"u": 2187340620, "v": 2187340548, "key": 0, "osmid": "208711150", "highway": "residential", "lanes": null, "maxspeed": null, "name": "Carrer del Pintor Mart\u00ed Girbes", "oneway": false, "reversed": "False", "length": 48.769092047648805, "width": null, "junction": null, "bridge": null, "tunnel": null, "access": null, "ref": null}, "geometry": {"type": "LineString", "coordinates": [[-0.3183189, 39.3126682], [-0.3183022, 39.3131066]]}}, {"type": "Feature", "properties": {"u": 2187340758, "v": 2187340503, "key": 0, "osmid": "208441554", "highway": "residential", "lanes": null, "maxspeed": null, "name": null, "oneway": false, "reversed": "False", "length": 36.90637777140343, "width": null, "junction": null, "bridge": null, "tunnel": null, "access": null, "ref": null}, "geometry": {"type": "LineString", "coordinates": [[-0.3174453, 39.311616], [-0.3170171, 39.311596]]}}, {"type": "Feature", "properties": {"u": 2207557905, "v": 2207558106, "key": 0, "osmid": "210674524", "highway": "unclassified", "lanes": "1", "maxspeed": null, "name": null, "oneway": true, "reversed": "False", "length": 31.65774060990949, "width": null, "junction": "roundabout", "bridge": null, "tunnel": null, "access": null, "ref": null}, "geometry": {"type": "LineString", "coordinates": [[-0.321488, 39.3517006], [-0.3215968, 39.3517176], [-0.3217112, 39.351661], [-0.3217352, 39.351569]]}}, {"type": "Feature", "properties": {"u": 2207558036, "v": 3716818347, "key": 0, "osmid": "210674523", "highway": "residential", "lanes": null, "maxspeed": null, "name": "Avinguda dels Pinars", "oneway": false, "reversed": "False", "length": 40.2275846338864, "width": null, "junction": null, "bridge": null, "tunnel": null, "access": null, "ref": null}, "geometry": {"type": "LineString", "coordinates": [[-0.3229798, 39.3554743], [-0.3234385, 39.355403]]}}, {"type": "Feature", "properties": {"u": 2213931300, "v": 705425817, "key": 0, "osmid": [99867843, 99867826, 99867828, 56213049, 56213050], "highway": "tertiary", "lanes": null, "maxspeed": "20", "name": "Carretera del Palmar", "oneway": false, "reversed": "True", "length": 1592.1562687050646, "width": null, "junction": null, "bridge": "yes", "tunnel": null, "access": null, "ref": null}, "geometry": {"type": "LineString", "coordinates": [[-0.317885, 39.3218452], [-0.317919, 39.3225561], [-0.3180791, 39.3236316], [-0.3181676, 39.3238162], [-0.3185118, 39.3245345], [-0.3185482, 39.3246728], [-0.3185106, 39.3248105], [-0.3183605, 39.3250076], [-0.3183161, 39.3250771], [-0.3183138, 39.3251707], [-0.3184343, 39.3259555], [-0.3185585, 39.3267335], [-0.3186018, 39.3271701], [-0.3187056, 39.3285903], [-0.3187325, 39.3290839], [-0.3187635, 39.3292006], [-0.3188547, 39.3295228], [-0.3190008, 39.3300633], [-0.3191159, 39.3304588], [-0.3191416, 39.330547], [-0.3193021, 39.3311765], [-0.3193764, 39.3315578], [-0.3194431, 39.3319497], [-0.3196075, 39.3332059], [-0.319929, 39.3350675], [-0.3199536, 39.3353345], [-0.3199666, 39.335648], [-0.32, 39.3359566]]}}, {"type": "Feature", "properties": {"u": 2225560714, "v": 254743803, "key": 0, "osmid": "23524415", "highway": "residential", "lanes": "2", "maxspeed": null, "name": null, "oneway": true, "reversed": "False", "length": 52.51180764047206, "width": null, "junction": "roundabout", "bridge": null, "tunnel": null, "access": "no", "ref": null}, "geometry": {"type": "LineString", "coordinates": [[-0.3350636, 39.4401112], [-0.3350536, 39.4401895], [-0.3350734, 39.4402667], [-0.3351211, 39.4403363], [-0.3351927, 39.4403923], [-0.3352822, 39.4404299], [-0.335382, 39.440446]]}}, {"type": "Feature", "properties": {"u": 2276338687, "v": 10811783654, "key": 0, "osmid": "23565136", "highway": "residential", "lanes": null, "maxspeed": null, "name": "Carrer del Riu Bes\u00f2s", "oneway": false, "reversed": "False", "length": 39.02068792315668, "width": null, "junction": null, "bridge": null, "tunnel": null, "access": null, "ref": null}, "geometry": {"type": "LineString", "coordinates": [[-0.3779078, 39.4531066], [-0.3779614, 39.4528455], [-0.3779789, 39.45276]]}}, {"type": "Feature", "properties": {"u": 2324942878, "v": 257843675, "key": 0, "osmid": "59365570", "highway": "tertiary", "lanes": "3", "maxspeed": null, "name": "Carrer de Dolores Marqu\u00e9s", "oneway": true, "reversed": "False", "length": 37.63696839752849, "width": null, "junction": null, "bridge": null, "tunnel": null, "access": null, "ref": null}, "geometry": {"type": "LineString", "coordinates": [[-0.3608302, 39.4906138], [-0.3609877, 39.4902979]]}}, {"type": "Feature", "properties": {"u": 2456851764, "v": 2187340732, "key": 0, "osmid": "208441535", "highway": "residential", "lanes": null, "maxspeed": null, "name": "Carrer dels Barquers Nelo i Blaio", "oneway": false, "reversed": "True", "length": 51.76646235015458, "width": null, "junction": null, "bridge": null, "tunnel": null, "access": null, "ref": null}, "geometry": {"type": "LineString", "coordinates": [[-0.317692, 39.3138689], [-0.3182937, 39.3138731]]}}, {"type": "Feature", "properties": {"u": 2618066127, "v": 2618066128, "key": 0, "osmid": "445311589", "highway": "residential", "lanes": null, "maxspeed": null, "name": "Carrer de Xalans", "oneway": false, "reversed": "False", "length": 26.335581799555392, "width": null, "junction": null, "bridge": null, "tunnel": null, "access": null, "ref": null}, "geometry": {"type": "LineString", "coordinates": [[-0.3442007, 39.4706524], [-0.344171, 39.4707141], [-0.3440938, 39.4708744]]}}, {"type": "Feature", "properties": {"u": 2723383575, "v": 257821205, "key": 0, "osmid": "23793739", "highway": "tertiary", "lanes": null, "maxspeed": "50", "name": "Carrer de Santiago Rusi\u00f1ol", "oneway": false, "reversed": "False", "length": 198.2012840089792, "width": null, "junction": null, "bridge": null, "tunnel": null, "access": null, "ref": null}, "geometry": {"type": "LineString", "coordinates": [[-0.3638763, 39.4934102], [-0.3644867, 39.4938652], [-0.364985, 39.4942384], [-0.3654698, 39.4946072], [-0.3655336, 39.4946517]]}}, {"type": "Feature", "properties": {"u": 2844482560, "v": 255172257, "key": 0, "osmid": "23565121", "highway": "residential", "lanes": null, "maxspeed": null, "name": "Cam\u00ed d'Almenar", "oneway": false, "reversed": "True", "length": 97.4729240708964, "width": null, "junction": null, "bridge": null, "tunnel": null, "access": null, "ref": null}, "geometry": {"type": "LineString", "coordinates": [[-0.3813202, 39.4485668], [-0.38242, 39.448784]]}}, {"type": "Feature", "properties": {"u": 2905037964, "v": 255758203, "key": 0, "osmid": "23614679", "highway": "residential", "lanes": "2", "maxspeed": null, "name": "Carrer del S\u00edndic Mojol\u00ed", "oneway": false, "reversed": "False", "length": 12.266914829195327, "width": null, "junction": null, "bridge": null, "tunnel": null, "access": null, "ref": null}, "geometry": {"type": "LineString", "coordinates": [[-0.3875886, 39.4401591], [-0.3877261, 39.440189]]}}, {"type": "Feature", "properties": {"u": 3081381436, "v": 3081381438, "key": 0, "osmid": "303738085", "highway": "tertiary", "lanes": null, "maxspeed": null, "name": "Carretra d'Alba", "oneway": true, "reversed": "False", "length": 28.850586890836396, "width": null, "junction": "roundabout", "bridge": null, "tunnel": null, "access": null, "ref": null}, "geometry": {"type": "LineString", "coordinates": [[-0.4031159, 39.4367531], [-0.403071, 39.4367336], [-0.4030203, 39.4367263], [-0.4029694, 39.4367321], [-0.4029235, 39.4367502], [-0.4029012, 39.4367658], [-0.402883, 39.4367844], [-0.4028683, 39.4368087], [-0.4028608, 39.436835]]}}, {"type": "Feature", "properties": {"u": 3316667389, "v": 3316667385, "key": 0, "osmid": "324992026", "highway": "residential", "lanes": null, "maxspeed": null, "name": "Carrer de Pablo Mel\u00e9ndez", "oneway": false, "reversed": "False", "length": 48.13465147489782, "width": null, "junction": null, "bridge": null, "tunnel": null, "access": null, "ref": null}, "geometry": {"type": "LineString", "coordinates": [[-0.3918113, 39.459681], [-0.3921821, 39.4593563]]}}, {"type": "Feature", "properties": {"u": 3645190018, "v": 560100985, "key": 0, "osmid": "44063873", "highway": "residential", "lanes": null, "maxspeed": null, "name": "Carrer del Crist del Refugi", "oneway": false, "reversed": "False", "length": 11.774959966553558, "width": null, "junction": null, "bridge": null, "tunnel": null, "access": null, "ref": null}, "geometry": {"type": "LineString", "coordinates": [[-0.3639989, 39.4246386], [-0.3639343, 39.4245452]]}}, {"type": "Feature", "properties": {"u": 3716818304, "v": 2207557953, "key": 0, "osmid": "210674503", "highway": "residential", "lanes": null, "maxspeed": null, "name": "Avinguda dels Pinars", "oneway": false, "reversed": "True", "length": 35.09271711091668, "width": null, "junction": null, "bridge": null, "tunnel": null, "access": null, "ref": null}, "geometry": {"type": "LineString", "coordinates": [[-0.3228932, 39.3536223], [-0.323291, 39.3535517]]}}, {"type": "Feature", "properties": {"u": 3900288685, "v": 2023503982, "key": 0, "osmid": "191774872", "highway": "trunk", "lanes": "8", "maxspeed": null, "name": null, "oneway": true, "reversed": "False", "length": 15.256629885380612, "width": null, "junction": "circular", "bridge": null, "tunnel": null, "access": null, "ref": null}, "geometry": {"type": "LineString", "coordinates": [[-0.4019509, 39.4945494], [-0.4019387, 39.4946037], [-0.4019359, 39.4946588], [-0.4019381, 39.4946857]]}}, {"type": "Feature", "properties": {"u": 3945383081, "v": 253488512, "key": 0, "osmid": "23413082", "highway": "residential", "lanes": null, "maxspeed": null, "name": "Carrer del Mar\u00ed Albesa", "oneway": true, "reversed": "False", "length": 24.437185410590264, "width": null, "junction": null, "bridge": null, "tunnel": null, "access": null, "ref": null}, "geometry": {"type": "LineString", "coordinates": [[-0.3451198, 39.4659425], [-0.3453871, 39.4660181]]}}, {"type": "Feature", "properties": {"u": 4065136611, "v": 253488177, "key": 0, "osmid": "23413034", "highway": "residential", "lanes": null, "maxspeed": null, "name": null, "oneway": true, "reversed": "False", "length": 1.5048305681256215, "width": null, "junction": "roundabout", "bridge": null, "tunnel": null, "access": null, "ref": null}, "geometry": {"type": "LineString", "coordinates": [[-0.3478193, 39.4711819], [-0.347814, 39.471169]]}}, {"type": "Feature", "properties": {"u": 4278580894, "v": 257608636, "key": 0, "osmid": "1121725619", "highway": "tertiary", "lanes": null, "maxspeed": null, "name": "Carrer del Comte de Lumiares", "oneway": true, "reversed": "False", "length": 56.16105175445827, "width": null, "junction": null, "bridge": null, "tunnel": null, "access": null, "ref": null}, "geometry": {"type": "LineString", "coordinates": [[-0.3713872, 39.4981908], [-0.3714236, 39.4981216], [-0.3714304, 39.4981031], [-0.3714586, 39.4980263], [-0.371479, 39.4979724], [-0.3715943, 39.497712]]}}, {"type": "Feature", "properties": {"u": 4427617838, "v": 4427617839, "key": 0, "osmid": "445311587", "highway": "residential", "lanes": null, "maxspeed": null, "name": "Carrer de l'Explorador Andr\u00e9s", "oneway": false, "reversed": "False", "length": 48.374069962119535, "width": null, "junction": null, "bridge": null, "tunnel": null, "access": null, "ref": null}, "geometry": {"type": "LineString", "coordinates": [[-0.3461937, 39.471907], [-0.346229, 39.4718337], [-0.3463924, 39.4714999]]}}, {"type": "Feature", "properties": {"u": 4585505370, "v": 4585505366, "key": 0, "osmid": "210674495", "highway": "unclassified", "lanes": null, "maxspeed": null, "name": "Avinguda de la Gola del Pujol", "oneway": true, "reversed": "False", "length": 11.032880294684924, "width": null, "junction": null, "bridge": null, "tunnel": null, "access": null, "ref": null}, "geometry": {"type": "LineString", "coordinates": [[-0.3227458, 39.3555514], [-0.3227227, 39.3554538]]}}, {"type": "Feature", "properties": {"u": 4634730553, "v": 112466396, "key": 0, "osmid": [1026223392, 12265289], "highway": "secondary", "lanes": "3", "maxspeed": "70", "name": "Avinguda del Sud", "oneway": true, "reversed": "False", "length": 262.6239508791356, "width": null, "junction": null, "bridge": "yes", "tunnel": null, "access": null, "ref": "CV-400"}, "geometry": {"type": "LineString", "coordinates": [[-0.3952747, 39.4403736], [-0.3958194, 39.4395705], [-0.3966917, 39.4382806]]}}, {"type": "Feature", "properties": {"u": 4799898635, "v": 4799898636, "key": 0, "osmid": "487536010", "highway": "residential", "lanes": null, "maxspeed": null, "name": null, "oneway": false, "reversed": "True", "length": 139.83263675554159, "width": null, "junction": null, "bridge": null, "tunnel": null, "access": null, "ref": null}, "geometry": {"type": "LineString", "coordinates": [[-0.2787319, 39.2825678], [-0.2801355, 39.2819345]]}}, {"type": "Feature", "properties": {"u": 5331770945, "v": 256596629, "key": 0, "osmid": "552197912", "highway": "residential", "lanes": "1", "maxspeed": "50", "name": "Carrer de Cortes d'Aren\u00f3s", "oneway": true, "reversed": "False", "length": 12.548280486550158, "width": null, "junction": null, "bridge": null, "tunnel": null, "access": null, "ref": null}, "geometry": {"type": "LineString", "coordinates": [[-0.4154347, 39.4685916], [-0.4154567, 39.4686259], [-0.4154994, 39.4686525], [-0.4155389, 39.4686629]]}}, {"type": "Feature", "properties": {"u": 5387378262, "v": 266910203, "key": 0, "osmid": [36950237, 89212774, 24548277], "highway": "tertiary", "lanes": "2", "maxspeed": null, "name": "Carrera del Riu", "oneway": false, "reversed": "True", "length": 381.62103898298295, "width": null, "junction": null, "bridge": "yes", "tunnel": null, "access": null, "ref": "CV-5010"}, "geometry": {"type": "LineString", "coordinates": [[-0.3407222, 39.4257682], [-0.3404458, 39.4262295], [-0.3393393, 39.4281003], [-0.339257, 39.4282952], [-0.3392177, 39.4284582], [-0.3392077, 39.428594], [-0.3391975, 39.4286927], [-0.339188, 39.4287683], [-0.3391705, 39.4288584], [-0.3391411, 39.4289496]]}}, {"type": "Feature", "properties": {"u": 5469030007, "v": 5469030008, "key": 0, "osmid": "568477601", "highway": "residential", "lanes": null, "maxspeed": null, "name": null, "oneway": false, "reversed": "False", "length": 36.65386262114933, "width": null, "junction": null, "bridge": null, "tunnel": null, "access": null, "ref": null}, "geometry": {"type": "LineString", "coordinates": [[-0.4054705, 39.4649662], [-0.4053517, 39.4649478], [-0.4050549, 39.4648909]]}}, {"type": "Feature", "properties": {"u": 5783737119, "v": 2207558098, "key": 0, "osmid": "213900651", "highway": "residential", "lanes": null, "maxspeed": null, "name": "Avinguda de la Gola del Pujol", "oneway": false, "reversed": "False", "length": 99.52599265659602, "width": null, "junction": null, "bridge": null, "tunnel": null, "access": null, "ref": null}, "geometry": {"type": "LineString", "coordinates": [[-0.3215703, 39.3527674], [-0.3215694, 39.3527696], [-0.3215284, 39.3528723], [-0.32144, 39.3530941], [-0.3219824, 39.3533199], [-0.3220687, 39.353358]]}}, {"type": "Feature", "properties": {"u": 5902218428, "v": 254902038, "key": 0, "osmid": "23539798", "highway": "tertiary", "lanes": null, "maxspeed": null, "name": "Carrer d'Enguera", "oneway": true, "reversed": "False", "length": 176.27320067585174, "width": null, "junction": null, "bridge": null, "tunnel": null, "access": null, "ref": null}, "geometry": {"type": "LineString", "coordinates": [[-0.3951336, 39.4668928], [-0.3949126, 39.4663638], [-0.3947952, 39.4660804], [-0.3946228, 39.4656766], [-0.3945748, 39.4655599], [-0.394494, 39.4653865]]}}, {"type": "Feature", "properties": {"u": 6004906441, "v": 6004906438, "key": 0, "osmid": "636849860", "highway": "residential", "lanes": null, "maxspeed": null, "name": "Carrer de Ruaya", "oneway": true, "reversed": "False", "length": 32.9349249121265, "width": null, "junction": null, "bridge": null, "tunnel": null, "access": null, "ref": null}, "geometry": {"type": "LineString", "coordinates": [[-0.3781774, 39.4855767], [-0.3782314, 39.4856099], [-0.3782814, 39.4856671], [-0.3783086, 39.4856982], [-0.3783213, 39.4857075], [-0.3783366, 39.4857187], [-0.3783667, 39.4857343], [-0.3784598, 39.4857662]]}}, {"type": "Feature", "properties": {"u": 6267801964, "v": 3759076823, "key": 0, "osmid": "372352253", "highway": "residential", "lanes": null, "maxspeed": null, "name": "Pla\u00e7a de Rojas Clemente", "oneway": false, "reversed": "False", "length": 20.429005588253187, "width": null, "junction": null, "bridge": null, "tunnel": null, "access": null, "ref": null}, "geometry": {"type": "LineString", "coordinates": [[-0.3851977, 39.4731627], [-0.3852014, 39.4733464]]}}, {"type": "Feature", "properties": {"u": 6446724676, "v": 10784664131, "key": 0, "osmid": "687681268", "highway": "residential", "lanes": "1", "maxspeed": null, "name": null, "oneway": true, "reversed": "False", "length": 10.002926996094795, "width": null, "junction": "roundabout", "bridge": null, "tunnel": null, "access": null, "ref": null}, "geometry": {"type": "LineString", "coordinates": [[-0.4075259, 39.4609883], [-0.4075412, 39.4610075], [-0.4075631, 39.4610222], [-0.4075898, 39.4610312], [-0.4076188, 39.4610336]]}}, {"type": "Feature", "properties": {"u": 6499639813, "v": 255312176, "key": 0, "osmid": "1175348688", "highway": "living_street", "lanes": "1", "maxspeed": null, "name": "Entrada de Ponce", "oneway": true, "reversed": "False", "length": 9.158971124979189, "width": null, "junction": null, "bridge": null, "tunnel": null, "access": null, "ref": null}, "geometry": {"type": "LineString", "coordinates": [[-0.3686295, 39.4450861], [-0.3686883, 39.4451034], [-0.3687068, 39.4451087], [-0.3687251, 39.4451207]]}}, {"type": "Feature", "properties": {"u": 6514298146, "v": 781146708, "key": 0, "osmid": "693838620", "highway": "residential", "lanes": null, "maxspeed": "30", "name": null, "oneway": false, "reversed": "True", "length": 31.40793537210549, "width": null, "junction": null, "bridge": null, "tunnel": null, "access": null, "ref": null}, "geometry": {"type": "LineString", "coordinates": [[-0.3791035, 39.5175323], [-0.3792634, 39.5172782]]}}, {"type": "Feature", "properties": {"u": 6720091751, "v": 6720091737, "key": 0, "osmid": "714954073", "highway": "residential", "lanes": null, "maxspeed": null, "name": "Carretera de l'Alter", "oneway": false, "reversed": "True", "length": 15.165878659856348, "width": null, "junction": null, "bridge": null, "tunnel": null, "access": null, "ref": null}, "geometry": {"type": "LineString", "coordinates": [[-0.3620209, 39.4211092], [-0.3621902, 39.4211479]]}}, {"type": "Feature", "properties": {"u": 6812861424, "v": 6812861422, "key": 0, "osmid": "391333855", "highway": "residential", "lanes": null, "maxspeed": null, "name": null, "oneway": true, "reversed": "False", "length": 7.229119867666979, "width": null, "junction": "roundabout", "bridge": null, "tunnel": null, "access": null, "ref": null}, "geometry": {"type": "LineString", "coordinates": [[-0.3449059, 39.466393], [-0.3448776, 39.4664171], [-0.3448589, 39.4664462]]}}, {"type": "Feature", "properties": {"u": 6997545239, "v": 6997545238, "key": 0, "osmid": "747933017", "highway": "residential", "lanes": null, "maxspeed": null, "name": "Calle del Doctor \u00c1lvaro L\u00f3pez", "oneway": false, "reversed": "False", "length": 83.92899511525188, "width": null, "junction": null, "bridge": null, "tunnel": null, "access": null, "ref": null}, "geometry": {"type": "LineString", "coordinates": [[-0.3300849, 39.4840445], [-0.3299271, 39.4847894]]}}, {"type": "Feature", "properties": {"u": 7137111544, "v": 11712294733, "key": 0, "osmid": "1259819664", "highway": "living_street", "lanes": null, "maxspeed": null, "name": "Carrer de la Florista", "oneway": false, "reversed": "False", "length": 103.94446803858489, "width": null, "junction": null, "bridge": null, "tunnel": null, "access": "no", "ref": null}, "geometry": {"type": "LineString", "coordinates": [[-0.3922544, 39.4906475], [-0.3920885, 39.4905639], [-0.3918401, 39.4904499], [-0.3916576, 39.4903723], [-0.3915034, 39.490314], [-0.3913757, 39.49027], [-0.3911855, 39.4902126]]}}, {"type": "Feature", "properties": {"u": 7279935697, "v": 52749454, "key": 0, "osmid": [9273666, 9281460, 9281477], "highway": "primary", "lanes": ["3", "4"], "maxspeed": "50", "name": "Pont d'Arag\u00f3", "oneway": true, "reversed": "False", "length": 231.92979713248846, "width": null, "junction": null, "bridge": "yes", "tunnel": null, "access": null, "ref": null}, "geometry": {"type": "LineString", "coordinates": [[-0.3614221, 39.468996], [-0.3614553, 39.4689879], [-0.3615421, 39.4689684], [-0.3615857, 39.4689608], [-0.361628, 39.4689551], [-0.3617339, 39.4689449], [-0.3619006, 39.468939], [-0.3638245, 39.468854], [-0.3638544, 39.4688527], [-0.363873, 39.4688598], [-0.363902, 39.4688708], [-0.3640863, 39.4689408]]}}, {"type": "Feature", "properties": {"u": 7319110570, "v": 7319110504, "key": 0, "osmid": "23588342", "highway": "residential", "lanes": "2", "maxspeed": "30", "name": "Avinguda de Jes\u00fas Morante Borr\u00e0s", "oneway": false, "reversed": "False", "length": 150.51675035809413, "width": null, "junction": null, "bridge": null, "tunnel": null, "access": null, "ref": null}, "geometry": {"type": "LineString", "coordinates": [[-0.3438614, 39.4436717], [-0.3438737, 39.4429111], [-0.3438554, 39.4423183]]}}, {"type": "Feature", "properties": {"u": 7350308607, "v": 10202597078, "key": 0, "osmid": "1115578806", "highway": "primary", "lanes": "8", "maxspeed": "50", "name": "Pla\u00e7a del Cardenal Vicent Enrique i Taranc\u00f3n", "oneway": true, "reversed": "False", "length": 52.22421758989999, "width": null, "junction": "circular", "bridge": null, "tunnel": null, "access": null, "ref": null}, "geometry": {"type": "LineString", "coordinates": [[-0.3561087, 39.4760833], [-0.356074, 39.4760432], [-0.3560338, 39.476006], [-0.3559373, 39.4759523], [-0.3558281, 39.4759177], [-0.3557053, 39.4758972], [-0.3556341, 39.4758918], [-0.3555851, 39.4758903]]}}, {"type": "Feature", "properties": {"u": 7663660953, "v": 29935873, "key": 0, "osmid": [5002131, 98711565], "highway": "residential", "lanes": ["2", "3"], "maxspeed": "30", "name": "Carrer de les Garrigues", "oneway": true, "reversed": "False", "length": 159.31991439458486, "width": null, "junction": null, "bridge": null, "tunnel": null, "access": null, "ref": null}, "geometry": {"type": "LineString", "coordinates": [[-0.3780557, 39.470598], [-0.3781328, 39.470635], [-0.3788244, 39.4709473], [-0.3793369, 39.4711708], [-0.3794377, 39.4711935], [-0.3795379, 39.4712124], [-0.3795739, 39.4712139], [-0.3797051, 39.4712161]]}}, {"type": "Feature", "properties": {"u": 7982317218, "v": 7982317220, "key": 0, "osmid": "856067097", "highway": "residential", "lanes": null, "maxspeed": null, "name": "Carrer de la Pianista Empar Iturbi", "oneway": true, "reversed": "False", "length": 9.078597632195379, "width": null, "junction": null, "bridge": null, "tunnel": null, "access": null, "ref": null}, "geometry": {"type": "LineString", "coordinates": [[-0.3825691, 39.4548649], [-0.3825988, 39.4548332], [-0.3825857, 39.4547919]]}}, {"type": "Feature", "properties": {"u": 8381728639, "v": 8381728640, "key": 0, "osmid": "902409345", "highway": "residential", "lanes": "2", "maxspeed": null, "name": "Carrer de Gonzalo Tejero Langarita", "oneway": true, "reversed": "False", "length": 103.84404999403104, "width": null, "junction": null, "bridge": null, "tunnel": null, "access": null, "ref": null}, "geometry": {"type": "LineString", "coordinates": [[-0.3834873, 39.4398895], [-0.3833699, 39.4398756], [-0.3833262, 39.4398704], [-0.3824622, 39.4397801], [-0.3824065, 39.4397743], [-0.3822894, 39.439762]]}}, {"type": "Feature", "properties": {"u": 8702510897, "v": 429505327, "key": 0, "osmid": "12346819", "highway": "primary", "lanes": null, "maxspeed": null, "name": "Passeig de l'Albereda", "oneway": true, "reversed": "False", "length": 64.85316204152743, "width": null, "junction": null, "bridge": null, "tunnel": null, "access": null, "ref": null}, "geometry": {"type": "LineString", "coordinates": [[-0.3589397, 39.4647743], [-0.3592184, 39.4653164]]}}, {"type": "Feature", "properties": {"u": 9212933910, "v": 9212933911, "key": 0, "osmid": "997791777", "highway": "residential", "lanes": null, "maxspeed": null, "name": null, "oneway": true, "reversed": "False", "length": 71.33433396949515, "width": null, "junction": null, "bridge": null, "tunnel": null, "access": null, "ref": null}, "geometry": {"type": "LineString", "coordinates": [[-0.337873, 39.458238], [-0.3378792, 39.4582059], [-0.337973, 39.4576895], [-0.3379783, 39.4576563], [-0.3379884, 39.4576027]]}}, {"type": "Feature", "properties": {"u": 9280296398, "v": 506533638, "key": 0, "osmid": [144047120, 754404905, 1352093854], "highway": "residential", "lanes": "1", "maxspeed": null, "name": ["Carrer del Pic Calder\u00f3n", "Avinguda de Federico Garc\u00eda Lorca"], "oneway": true, "reversed": "False", "length": 150.70854055326902, "width": null, "junction": null, "bridge": null, "tunnel": null, "access": null, "ref": null}, "geometry": {"type": "LineString", "coordinates": [[-0.3891037, 39.4335948], [-0.3890276, 39.4335696], [-0.3886991, 39.4334596], [-0.3886702, 39.4334607], [-0.3886355, 39.4334644], [-0.3886137, 39.4334808], [-0.3885992, 39.4335013], [-0.3882768, 39.4343855]]}}, {"type": "Feature", "properties": {"u": 9449372747, "v": 10293601173, "key": 0, "osmid": "178321364", "highway": "residential", "lanes": null, "maxspeed": null, "name": null, "oneway": true, "reversed": "False", "length": 2.2555683836221543, "width": null, "junction": "roundabout", "bridge": null, "tunnel": null, "access": null, "ref": null}, "geometry": {"type": "LineString", "coordinates": [[-0.4140674, 39.5018088], [-0.4140934, 39.5018058]]}}, {"type": "Feature", "properties": {"u": 9685797078, "v": 255317489, "key": 0, "osmid": "23576799", "highway": "tertiary", "lanes": "1", "maxspeed": null, "name": "Carrer de Sant Marcel\u00b7l\u00ed", "oneway": true, "reversed": "False", "length": 78.94575328072787, "width": null, "junction": null, "bridge": null, "tunnel": null, "access": null, "ref": null}, "geometry": {"type": "LineString", "coordinates": [[-0.3902857, 39.4462303], [-0.3902948, 39.4461425], [-0.3905023, 39.4456055], [-0.3905252, 39.4455466]]}}, {"type": "Feature", "properties": {"u": 10040407224, "v": 5907372153, "key": 0, "osmid": [625677536, 1096400438], "highway": "residential", "lanes": ["1", "2"], "maxspeed": "30", "name": "Cam\u00ed del Canal", "oneway": true, "reversed": "False", "length": 194.09868560450644, "width": null, "junction": null, "bridge": null, "tunnel": null, "access": null, "ref": null}, "geometry": {"type": "LineString", "coordinates": [[-0.3355671, 39.4465861], [-0.335532, 39.4467984], [-0.3355482, 39.446869], [-0.3355411, 39.446901], [-0.3354498, 39.4474493], [-0.3353365, 39.4481825], [-0.3353311, 39.4483186]]}}, {"type": "Feature", "properties": {"u": 10139283415, "v": 505359517, "key": 0, "osmid": "640317648", "highway": "secondary", "lanes": "5", "maxspeed": null, "name": "Pla\u00e7a de la Setmana Santa Marinera", "oneway": true, "reversed": "False", "length": 13.164566783039739, "width": null, "junction": "roundabout", "bridge": null, "tunnel": null, "access": null, "ref": null}, "geometry": {"type": "LineString", "coordinates": [[-0.3296298, 39.4629757], [-0.3296453, 39.4629003], [-0.3296427, 39.4628583]]}}, {"type": "Feature", "properties": {"u": 10174652208, "v": 1342143459, "key": 0, "osmid": "97443138", "highway": "primary", "lanes": "3", "maxspeed": null, "name": "Passeig de l'Albereda", "oneway": true, "reversed": "False", "length": 130.50801635537127, "width": null, "junction": null, "bridge": null, "tunnel": null, "access": null, "ref": null}, "geometry": {"type": "LineString", "coordinates": [[-0.3623818, 39.4705795], [-0.3622456, 39.4704107], [-0.3616999, 39.4697345], [-0.3615781, 39.4695832]]}}, {"type": "Feature", "properties": {"u": 10202599511, "v": 84977709, "key": 0, "osmid": "681703018", "highway": "residential", "lanes": "1", "maxspeed": null, "name": "Avinguda de Blasco Ib\u00e1\u00f1ez", "oneway": true, "reversed": "False", "length": 79.6897384129348, "width": null, "junction": null, "bridge": null, "tunnel": null, "access": null, "ref": null}, "geometry": {"type": "LineString", "coordinates": [[-0.3555734, 39.4758913], [-0.3554766, 39.4758134], [-0.3554429, 39.4757959], [-0.3551185, 39.4756996], [-0.3548411, 39.4756165], [-0.354803, 39.4755935], [-0.3547953, 39.4755749], [-0.3548004, 39.4755527]]}}, {"type": "Feature", "properties": {"u": 10241143648, "v": 111132112, "key": 0, "osmid": "97020735", "highway": "primary", "lanes": "3", "maxspeed": null, "name": "Avinguda de P\u00e9rez Gald\u00f3s", "oneway": true, "reversed": "False", "length": 34.86547911258001, "width": null, "junction": null, "bridge": null, "tunnel": null, "access": null, "ref": null}, "geometry": {"type": "LineString", "coordinates": [[-0.3882538, 39.4638977], [-0.3881892, 39.4638643], [-0.3881448, 39.4638463], [-0.3880878, 39.4638277], [-0.3880227, 39.4638159], [-0.3879386, 39.4638075], [-0.3878753, 39.4638178]]}}, {"type": "Feature", "properties": {"u": 10259308256, "v": 74030680, "key": 0, "osmid": "9560300", "highway": "primary", "lanes": "4", "maxspeed": null, "name": "Carrer del Nou d'Octubre", "oneway": true, "reversed": "False", "length": 15.705091593944282, "width": null, "junction": null, "bridge": null, "tunnel": null, "access": null, "ref": null}, "geometry": {"type": "LineString", "coordinates": [[-0.4051159, 39.4704356], [-0.405094, 39.4704678], [-0.405072, 39.4705158], [-0.405062, 39.4705692]]}}, {"type": "Feature", "properties": {"u": 10310772951, "v": 10310772952, "key": 0, "osmid": "1127744671", "highway": "unclassified", "lanes": null, "maxspeed": null, "name": null, "oneway": true, "reversed": "False", "length": 9.144111227324943, "width": null, "junction": null, "bridge": null, "tunnel": null, "access": null, "ref": null}, "geometry": {"type": "LineString", "coordinates": [[-0.3283767, 39.4452325], [-0.3283798, 39.4453147]]}}, {"type": "Feature", "properties": {"u": 10311789871, "v": 8383552442, "key": 0, "osmid": "902624407", "highway": "residential", "lanes": "2", "maxspeed": null, "name": "Carrer de Gonzalo Tejero Langarita", "oneway": true, "reversed": "False", "length": 364.4946151804075, "width": null, "junction": null, "bridge": null, "tunnel": null, "access": null, "ref": null}, "geometry": {"type": "LineString", "coordinates": [[-0.3743423, 39.4390612], [-0.3743861, 39.4390536], [-0.3744306, 39.4390511], [-0.374478, 39.4390544], [-0.374534, 39.4390602], [-0.3753955, 39.4391493], [-0.3754552, 39.4391552], [-0.3764357, 39.4392517], [-0.3764864, 39.4392567], [-0.3772934, 39.4393366], [-0.3773486, 39.4393423], [-0.3783919, 39.4394491], [-0.3784456, 39.4394546], [-0.3785507, 39.4394654]]}}, {"type": "Feature", "properties": {"u": 10688343732, "v": 10688343734, "key": 0, "osmid": "1148834212", "highway": "residential", "lanes": null, "maxspeed": null, "name": "Cam\u00ed del Tremolar", "oneway": false, "reversed": "True", "length": 5.163144758096733, "width": null, "junction": null, "bridge": null, "tunnel": null, "access": null, "ref": null}, "geometry": {"type": "LineString", "coordinates": [[-0.3515207, 39.4224781], [-0.3515808, 39.4224773]]}}, {"type": "Feature", "properties": {"u": 10759017111, "v": 10759017100, "key": 0, "osmid": "160783062", "highway": "residential", "lanes": "2", "maxspeed": null, "name": "Carrer del Poeta Josep Cervera i Grifol", "oneway": false, "reversed": "True", "length": 21.55137694705789, "width": null, "junction": null, "bridge": null, "tunnel": null, "access": null, "ref": null}, "geometry": {"type": "LineString", "coordinates": [[-0.3591532, 39.4542704], [-0.3589339, 39.4543647]]}}, {"type": "Feature", "properties": {"u": 10801639576, "v": 10801639572, "key": 0, "osmid": "1161334569", "highway": "residential", "lanes": null, "maxspeed": null, "name": "Carrer de l'Alqueria de la Comtessa", "oneway": true, "reversed": "False", "length": 55.36889004144973, "width": null, "junction": null, "bridge": null, "tunnel": null, "access": null, "ref": null}, "geometry": {"type": "LineString", "coordinates": [[-0.3809138, 39.4519143], [-0.3813801, 39.4519675], [-0.3814215, 39.4519577], [-0.3814473, 39.4519308], [-0.3814401, 39.4518998], [-0.3814054, 39.4518764]]}}, {"type": "Feature", "properties": {"u": 10829482141, "v": 4034183803, "key": 0, "osmid": "400924718", "highway": "residential", "lanes": null, "maxspeed": null, "name": "Carrer de Vicent Miguel Carceller (Periodista)", "oneway": true, "reversed": "False", "length": 196.40807891689568, "width": null, "junction": null, "bridge": null, "tunnel": null, "access": null, "ref": null}, "geometry": {"type": "LineString", "coordinates": [[-0.37659, 39.4487003], [-0.3765997, 39.4486425], [-0.3766457, 39.4483642], [-0.3767559, 39.4476901], [-0.37687, 39.4470353], [-0.3768857, 39.4469488]]}}, {"type": "Feature", "properties": {"u": 10876268475, "v": 112814855, "key": 0, "osmid": "12403480", "highway": "residential", "lanes": null, "maxspeed": "30", "name": "Pla\u00e7a del Bar\u00f3 de Cort\u00e9s", "oneway": true, "reversed": "False", "length": 26.375776089904527, "width": null, "junction": null, "bridge": null, "tunnel": null, "access": null, "ref": null}, "geometry": {"type": "LineString", "coordinates": [[-0.3717109, 39.4616987], [-0.3716278, 39.4615794], [-0.371587, 39.4615295], [-0.3715472, 39.4614998]]}}, {"type": "Feature", "properties": {"u": 10887187676, "v": 113391506, "key": 0, "osmid": "11993927", "highway": "secondary", "lanes": "4", "maxspeed": "50", "name": "Carrer de Maties Perell\u00f3", "oneway": true, "reversed": "False", "length": 22.74324948391893, "width": null, "junction": null, "bridge": null, "tunnel": null, "access": null, "ref": null}, "geometry": {"type": "LineString", "coordinates": [[-0.3641767, 39.4630028], [-0.364226, 39.4629841], [-0.3642987, 39.4629562], [-0.3643113, 39.4629515], [-0.3644146, 39.4629128]]}}, {"type": "Feature", "properties": {"u": 10896175593, "v": 10887187654, "key": 0, "osmid": "52092241", "highway": "residential", "lanes": "1", "maxspeed": "30", "name": "Carrer de Borriana", "oneway": true, "reversed": "False", "length": 33.831040651391945, "width": null, "junction": null, "bridge": null, "tunnel": null, "access": null, "ref": null}, "geometry": {"type": "LineString", "coordinates": [[-0.3688161, 39.4642286], [-0.368942, 39.4641759], [-0.3689769, 39.464166], [-0.3690153, 39.4641535], [-0.3690748, 39.4641298], [-0.3691665, 39.4640902]]}}, {"type": "Feature", "properties": {"u": 10908640628, "v": 10908640637, "key": 0, "osmid": "1175150115", "highway": "residential", "lanes": null, "maxspeed": null, "name": "Carrer del Pont de les Drassanes", "oneway": true, "reversed": "False", "length": 7.59792644555888, "width": null, "junction": null, "bridge": null, "tunnel": null, "access": null, "ref": null}, "geometry": {"type": "LineString", "coordinates": [[-0.3333847, 39.4524405], [-0.3334715, 39.4524538]]}}, {"type": "Feature", "properties": {"u": 10922882590, "v": 255312197, "key": 0, "osmid": "186406825", "highway": "residential", "lanes": "1", "maxspeed": null, "name": "Carretera de Zorrilla", "oneway": true, "reversed": "False", "length": 54.06371386204485, "width": null, "junction": null, "bridge": null, "tunnel": null, "access": null, "ref": null}, "geometry": {"type": "LineString", "coordinates": [[-0.3678229, 39.4439508], [-0.3677541, 39.44393], [-0.3672352, 39.4437764]]}}, {"type": "Feature", "properties": {"u": 10970804396, "v": 1976527607, "key": 0, "osmid": [85683064, 23509492, 1127744670], "highway": "unclassified", "lanes": null, "maxspeed": null, "name": null, "oneway": true, "reversed": "False", "length": 796.2225465384839, "width": null, "junction": null, "bridge": "yes", "tunnel": null, "access": null, "ref": null}, "geometry": {"type": "LineString", "coordinates": [[-0.3307904, 39.4428339], [-0.3309817, 39.4425849], [-0.3311929, 39.4423447], [-0.3313922, 39.4421107], [-0.3315776, 39.4418944], [-0.3319689, 39.4414177], [-0.3323648, 39.4409594], [-0.3328295, 39.4404487], [-0.3330224, 39.4402162], [-0.3332383, 39.4399347], [-0.3334306, 39.4396691], [-0.3335678, 39.4394727], [-0.3336603, 39.4393267], [-0.333779, 39.4391316], [-0.333849, 39.4390029], [-0.3339422, 39.4388209], [-0.3340202, 39.4386435], [-0.3341191, 39.4383859], [-0.3341835, 39.4381966], [-0.3342454, 39.43798], [-0.3342965, 39.4377603], [-0.3343372, 39.4375406], [-0.3343626, 39.4373346], [-0.3343769, 39.4370919], [-0.3343869, 39.4368597], [-0.3343994, 39.4364032]]}}, {"type": "Feature", "properties": {"u": 11064526384, "v": 11510959182, "key": 0, "osmid": "36993995", "highway": "residential", "lanes": null, "maxspeed": null, "name": "Carrer del Poeta Andr\u00e9s Cabrelles", "oneway": false, "reversed": "True", "length": 98.27732325666157, "width": null, "junction": null, "bridge": null, "tunnel": null, "access": null, "ref": null}, "geometry": {"type": "LineString", "coordinates": [[-0.341519, 39.4705413], [-0.3414786, 39.4706231], [-0.341112, 39.4713674]]}}, {"type": "Feature", "properties": {"u": 11177553385, "v": 107171964, "key": 0, "osmid": [1206233466, 1206233468], "highway": "tertiary", "lanes": "2", "maxspeed": "30", "name": "Cam\u00ed de Vera", "oneway": false, "reversed": "False", "length": 17.19869140983346, "width": null, "junction": null, "bridge": null, "tunnel": null, "access": null, "ref": null}, "geometry": {"type": "LineString", "coordinates": [[-0.3398853, 39.4837488], [-0.3398064, 39.4837592], [-0.3396871, 39.4837715]]}}, {"type": "Feature", "properties": {"u": 11521246750, "v": 559918655, "key": 0, "osmid": "1121875081", "highway": "tertiary", "lanes": null, "maxspeed": null, "name": "Cam\u00ed del Tremolar", "oneway": true, "reversed": "False", "length": 18.07013292371232, "width": null, "junction": null, "bridge": null, "tunnel": null, "access": null, "ref": null}, "geometry": {"type": "LineString", "coordinates": [[-0.3623916, 39.4238005], [-0.3624213, 39.4237939], [-0.3625968, 39.4237649]]}}, {"type": "Feature", "properties": {"u": 11543304185, "v": 257843551, "key": 0, "osmid": "95516899", "highway": "primary", "lanes": "3", "maxspeed": "50", "name": "Avinguda del Primat Reig", "oneway": true, "reversed": "False", "length": 87.17547865783557, "width": null, "junction": null, "bridge": null, "tunnel": null, "access": null, "ref": null}, "geometry": {"type": "LineString", "coordinates": [[-0.3569639, 39.4795519], [-0.3569995, 39.4795778], [-0.3576963, 39.4800951]]}}, {"type": "Feature", "properties": {"u": 11585687405, "v": 252330152, "key": 0, "osmid": [428764931, 428764906, 428764923], "highway": "primary", "lanes": ["2", "5", "3"], "maxspeed": "50", "name": "Avinguda dels Germans Machado", "oneway": true, "reversed": "False", "length": 163.3340114085919, "width": null, "junction": null, "bridge": null, "tunnel": null, "access": null, "ref": null}, "geometry": {"type": "LineString", "coordinates": [[-0.3686355, 39.4976998], [-0.3689313, 39.4977861], [-0.3690673, 39.4978238], [-0.3695281, 39.4979142], [-0.3702748, 39.4981317], [-0.370316, 39.4981444], [-0.3703429, 39.4981529], [-0.3704325, 39.4981791]]}}, {"type": "Feature", "properties": {"u": 11598465577, "v": 191837686, "key": 0, "osmid": "18592810", "highway": "tertiary", "lanes": null, "maxspeed": null, "name": "Carrer de Reus", "oneway": true, "reversed": "False", "length": 33.09441153098295, "width": null, "junction": null, "bridge": null, "tunnel": null, "access": null, "ref": null}, "geometry": {"type": "LineString", "coordinates": [[-0.3831894, 39.4857482], [-0.3831168, 39.4857603], [-0.3830753, 39.4857641], [-0.3830211, 39.4857692], [-0.3829201, 39.485772], [-0.3828062, 39.4857715]]}}, {"type": "Feature", "properties": {"u": 11653906851, "v": 4416400399, "key": 0, "osmid": "1064916365", "highway": "residential", "lanes": null, "maxspeed": null, "name": "Carrer del Pal\u00e0ncia", "oneway": true, "reversed": "False", "length": 44.72685913557689, "width": null, "junction": null, "bridge": null, "tunnel": null, "access": null, "ref": null}, "geometry": {"type": "LineString", "coordinates": [[-0.3515902, 39.4776504], [-0.351723, 39.477685], [-0.3517659, 39.4776965], [-0.3520801, 39.4777874]]}}, {"type": "Feature", "properties": {"u": 11708661069, "v": 206275762, "key": 0, "osmid": "19796919", "highway": "residential", "lanes": null, "maxspeed": null, "name": "Carrer de la Balandra", "oneway": false, "reversed": "True", "length": 63.80608560370787, "width": null, "junction": null, "bridge": null, "tunnel": null, "access": null, "ref": null}, "geometry": {"type": "LineString", "coordinates": [[-0.3840659, 39.4891388], [-0.3842472, 39.4896377], [-0.3842606, 39.4896745], [-0.3842667, 39.4896913]]}}, {"type": "Feature", "properties": {"u": 11747782556, "v": 257429366, "key": 0, "osmid": "23760981", "highway": "residential", "lanes": "2", "maxspeed": null, "name": "Avinguda de les Corts Valencianes", "oneway": true, "reversed": "False", "length": 4.766488743826271, "width": null, "junction": null, "bridge": null, "tunnel": null, "access": null, "ref": null}, "geometry": {"type": "LineString", "coordinates": [[-0.4013223, 39.4924446], [-0.4012947, 39.4924074]]}}, {"type": "Feature", "properties": {"u": 11804767106, "v": 11804767107, "key": 0, "osmid": "1271166681", "highway": "residential", "lanes": null, "maxspeed": "30", "name": "Pla\u00e7a d'Anf\u00f3s Ramon i Garcia (Poeta)", "oneway": false, "reversed": "False", "length": 37.66127732897753, "width": null, "junction": null, "bridge": null, "tunnel": null, "access": null, "ref": null}, "geometry": {"type": "LineString", "coordinates": [[-0.393645, 39.501325], [-0.3936853, 39.5013015], [-0.3939951, 39.5011207]]}}, {"type": "Feature", "properties": {"u": 11811248683, "v": 11811248686, "key": 0, "osmid": "1271915720", "highway": "unclassified", "lanes": null, "maxspeed": null, "name": null, "oneway": true, "reversed": "False", "length": 81.80535441563258, "width": null, "junction": null, "bridge": null, "tunnel": null, "access": null, "ref": null}, "geometry": {"type": "LineString", "coordinates": [[-0.3259932, 39.4508432], [-0.3261626, 39.4509326], [-0.3264326, 39.4510168], [-0.3265191, 39.4510263], [-0.3265908, 39.4510153], [-0.3266488, 39.4509924], [-0.3266971, 39.4509656], [-0.3267416, 39.4509432], [-0.3268542, 39.4509155]]}}, {"type": "Feature", "properties": {"u": 11838205178, "v": 252329875, "key": 0, "osmid": "41058040", "highway": "primary", "lanes": null, "maxspeed": null, "name": "Pla\u00e7a de Don Bosco (Salesi\u00e0)", "oneway": true, "reversed": "False", "length": 18.615459823367733, "width": null, "junction": null, "bridge": null, "tunnel": null, "access": null, "ref": null}, "geometry": {"type": "LineString", "coordinates": [[-0.3738544, 39.491882], [-0.3738211, 39.4918984], [-0.3737847, 39.4919224], [-0.3737651, 39.4919432], [-0.3737458, 39.4919803], [-0.3737412, 39.4920144]]}}]}