{"type": "FeatureCollection", "features": [{"type": "Feature", "geometry": {"type": "Point", "coordinates": [-0.3739551, 39.4708559]}, "properties": {"zona": 1, "descripcion": "PINTOR SOROLLA, Nº 1 (de Poeta Querol a Universidad)"}}, {"type": "Feature", "geometry": {"type": "Point", "coordinates": [-0.3784605, 39.4676453]}, "properties": {"zona": 2, "descripcion": "JÁTIVA, Nº 14 (de Marqués de Sotelo a Arzobispo Mayoral)"}}, {"type": "Feature", "geometry": {"type": "Point", "coordinates": [-0.3801803, 39.468603]}, "properties": {"zona": 3, "descripcion": "GUILLEM DE CASTRO, Nº 2 (de Pl.San Agustín a Jesús)"}}, {"type": "Feature", "geometry": {"type": "Point", "coordinates": [-0.3812876, 39.468506]}, "properties": {"zona": 4, "descripcion": "JESÚS, Nº 1 (de Guillem de Castro a G.V. Ramón y Cajal)"}}, {"type": "Feature", "geometry": {"type": "Point", "coordinates": [-0.3804197, 39.4670063]}, "properties": {"zona": 5, "descripcion": "SAN VICENTE MARTIR, Nº 87 (de Matemático Marzal a Pl. San Agustín)"}}, {"type": "Feature", "geometry": {"type": "Point", "coordinates": [-0.3766562, 39.4677794]}, "properties": {"zona": 6, "descripcion": "MARQUÉS DE SOTELO, Nº 13 (de Játiva a Pl. Ayuntamiento)"}}, {"type": "Feature", "geometry": {"type": "Point", "coordinates": [-0.3772263, 39.4688897]}, "properties": {"zona": 7, "descripcion": "MARQUÉS DE SOTELO, Nº 4 (de Pl. Ayuntamiento a S. Pablo)"}}, {"type": "Feature", "geometry": {"type": "Point", "coordinates": [-0.3736952000000001, 39.4689819]}, "properties": {"zona": 8, "descripcion": "PASCUAL Y GENÍS, Nº 17 (de Lauria a Colón)"}}, {"type": "Feature", "geometry": {"type": "Point", "coordinates": [-0.3734927731527503, 39.46906392509983]}, "properties": {"zona": 9, "descripcion": "LAURIA, Nº 18 (de Pascual y Genís a Colón)"}}, {"type": "Feature", "geometry": {"type": "Point", "coordinates": [-0.3736768, 39.4698919]}, "properties": {"zona": 10, "descripcion": "SAGASTA, Nº 1 (de Pérez Bayer a Pascual y Genís)"}}, {"type": "Feature", "geometry": {"type": "Point", "coordinates": [-0.374068, 39.4703182]}, "properties": {"zona": 11, "descripcion": "PASCUAL Y GENÍS, Nº 2 (de Barcas a Correos)"}}, {"type": "Feature", "geometry": {"type": "Point", "coordinates": [-0.3745156, 39.4716683]}, "properties": {"zona": 12, "descripcion": "POETA QUEROL, Nº 8 (de Salvá a Pintor Sorolla)"}}, {"type": "Feature", "geometry": {"type": "Point", "coordinates": [-0.3752113, 39.4704893]}, "properties": {"zona": 13, "descripcion": "BARCAS, Nº 5 (de Pl. Ayuntamiento a Poeta Querol)"}}, {"type": "Feature", "geometry": {"type": "Point", "coordinates": [-0.3781528, 39.4697186]}, "properties": {"zona": 14, "descripcion": "PERIODISTA AZZATI, Nº 2 (de San Vicente Mártir a Pl. Ayuntamiento)"}}, {"type": "Feature", "geometry": {"type": "Point", "coordinates": [-0.3786812, 39.4700557]}, "properties": {"zona": 15, "descripcion": "SAN VICENTE MARTIR, Nº 62 (de Periodista Azzati a Sangre)"}}, {"type": "Feature", "geometry": {"type": "Point", "coordinates": [-0.3792018, 39.4699026]}, "properties": {"zona": 16, "descripcion": "PADILLA nº 5 (de Av. del Oeste a S. Vicente Mártir)"}}, {"type": "Feature", "geometry": {"type": "Point", "coordinates": [-0.3790928000000001, 39.4689605]}, "properties": {"zona": 17, "descripcion": "SAN VICENTE MARTIR, Nº 69 (de Pl. San Agustín a Periodista Azzati)"}}, {"type": "Feature", "geometry": {"type": "Point", "coordinates": [-0.3809463, 39.46920360000001]}, "properties": {"zona": 18, "descripcion": "QUEVEDO, Nº 20 (de Huesca a Guillem de Castro)"}}, {"type": "Feature", "geometry": {"type": "Point", "coordinates": [-0.3800772, 39.4717718]}, "properties": {"zona": 19, "descripcion": "AV. DEL OESTE nº 28 (de Linterna a Garrigues)"}}, {"type": "Feature", "geometry": {"type": "Point", "coordinates": [-0.3794177, 39.4694434]}, "properties": {"zona": 20, "descripcion": "AV. DEL OESTE nº 47 (de Grabador Selma a Pl. S. Agustín)"}}, {"type": "Feature", "geometry": {"type": "Point", "coordinates": [-0.3819187000000001, 39.4689445]}, "properties": {"zona": 21, "descripcion": "GUILLEM DE CASTRO, Nº 33 (de Jesús a Ángel Guimerá)"}}, {"type": "Feature", "geometry": {"type": "Point", "coordinates": [-0.376528, 39.4675948]}, "properties": {"zona": 22, "descripcion": "JÁTIVA, Nº 15 (de Ruzafa a Marqués de Sotelo)"}}, {"type": "Feature", "geometry": {"type": "Point", "coordinates": [-0.3741094, 39.467926]}, "properties": {"zona": 23, "descripcion": "COLÓN, Nº 9 (de Pascual y Genís a Játiva)"}}, {"type": "Feature", "geometry": {"type": "Point", "coordinates": [-0.3734561, 39.4684368]}, "properties": {"zona": 24, "descripcion": "COLÓN, Nº 13 (de Pizarro a Pascual y Genís)"}}, {"type": "Feature", "geometry": {"type": "Point", "coordinates": [-0.3715223, 39.4696018]}, "properties": {"zona": 25, "descripcion": "COLÓN, Nº 31 (de Isabel la Católica a Lauria)"}}, {"type": "Feature", "geometry": {"type": "Point", "coordinates": [-0.3696235, 39.471236]}, "properties": {"zona": 26, "descripcion": "COLÓN, Nº 43 (de Conde Salvatierra a Sorní)"}}, {"type": "Feature", "geometry": {"type": "Point", "coordinates": [-0.3667711, 39.4701559]}, "properties": {"zona": 27, "descripcion": "SORNÍ, Nº 30 (de Pl. América a Grabador Esteve)"}}, {"type": "Feature", "geometry": {"type": "Point", "coordinates": [-0.3659595, 39.4711156]}, "properties": {"zona": 28, "descripcion": "NAVARRO REVERTER, Nº 17 (de Porta de la Mar a Pl. América)"}}, {"type": "Feature", "geometry": {"type": "Point", "coordinates": [-0.3756348, 39.4738338]}, "properties": {"zona": 29, "descripcion": "PTE. DE LAS FLORES (de Pl. de América a Alameda)"}}, {"type": "Feature", "geometry": {"type": "Point", "coordinates": [-0.3691241, 39.47326899999999]}, "properties": {"zona": 30, "descripcion": "GRAL. PALANCA, Nº 2 (de Pl. Tetuán a Pl. Porta de la Mar)"}}, {"type": "Feature", "geometry": {"type": "Point", "coordinates": [-0.3700432, 39.4719657]}, "properties": {"zona": 31, "descripcion": "PL. ALFONSO EL MAGNÁNIMO, Nº 5 (De Pintor Sorolla a Cerdán de Tallada)"}}, {"type": "Feature", "geometry": {"type": "Point", "coordinates": [-0.3730954, 39.4780827]}, "properties": {"zona": 32, "descripcion": "PINTOR LÓPEZ, Nº 8 (de Pte. De laTrinidad a Poeta Llorente)"}}, {"type": "Feature", "geometry": {"type": "Point", "coordinates": [-0.36883, 39.47047]}, "properties": {"zona": 33, "descripcion": "CONDE SALVATIERRA, Nº 10 (de Sorní a Colón)"}}, {"type": "Feature", "geometry": {"type": "Point", "coordinates": [-0.3699566, 39.4752948]}, "properties": {"zona": 35, "descripcion": "PL. DE TETUAN, Nº 8 (de Pl. de Tetuán a Glorieta )"}}, {"type": "Feature", "geometry": {"type": "Point", "coordinates": [-0.3686098, 39.476479]}, "properties": {"zona": 36, "descripcion": "PTE. DEL REAL (de Pl. Tetuán a Llano Del Real)"}}, {"type": "Feature", "geometry": {"type": "Point", "coordinates": [-0.372656, 39.4790612]}, "properties": {"zona": 37, "descripcion": "PTE. TRINIDAD (de Pintor López a Alboraya)"}}, {"type": "Feature", "geometry": {"type": "Point", "coordinates": [-0.3742297, 39.4786398]}, "properties": {"zona": 38, "descripcion": "CONDE TRENOR, Nº 4 (de Muro de Santa Ana a Pte. Trinidad)"}}, {"type": "Feature", "geometry": {"type": "Point", "coordinates": [-0.3688956, 39.4704328]}, "properties": {"zona": 39, "descripcion": "SORNÍ, Nº 7 (de Conde Salvatierra a Colón)"}}, {"type": "Feature", "geometry": {"type": "Point", "coordinates": [-0.3712422, 39.4770956]}, "properties": {"zona": 40, "descripcion": "PINTOR LÓPEZ, S/N (de Plaza Poeta Llorente a Pte. del Real)"}}, {"type": "Feature", "geometry": {"type": "Point", "coordinates": [-0.3649102, 39.4696214]}, "properties": {"zona": 41, "descripcion": "PL. AMÉRICA, Nº 1 (de Ciudadela a G.V. Marqués del Turia)"}}, {"type": "Feature", "geometry": {"type": "Point", "coordinates": [-0.3655506000000001, 39.4654768]}, "properties": {"zona": 42, "descripcion": "BURRIANA, Nº 32 (de Císcar a Joaquín Costa)"}}, {"type": "Feature", "geometry": {"type": "Point", "coordinates": [-0.3735532, 39.4655593]}, "properties": {"zona": 43, "descripcion": "RUZAFA, Nº 20 (de G.V. Marqués del Turia a Cirilo Amorós)"}}, {"type": "Feature", "geometry": {"type": "Point", "coordinates": [-0.3725524, 39.4663852]}, "properties": {"zona": 44, "descripcion": "FELIX PIZCUETA, Nº 23 (de Cirilo Amorós a G.V. Marqués del Turia)"}}, {"type": "Feature", "geometry": {"type": "Point", "coordinates": [-0.3726114, 39.4657556]}, "properties": {"zona": 45, "descripcion": "G.V. MARQUÉS DEL TURIA, Nº 17 (de Félix Pizcueta a Ruzafa)"}}, {"type": "Feature", "geometry": {"type": "Point", "coordinates": [-0.3716513, 39.4661564]}, "properties": {"zona": 46, "descripcion": "G.V. MARQUÉS DEL TURIA, Nº 27 (de Pizarro a Félix Pizcueta)"}}, {"type": "Feature", "geometry": {"type": "Point", "coordinates": [-0.3729791, 39.46460039999999]}, "properties": {"zona": 47, "descripcion": "AV. REINO DE VALENCIA, Nº 6 (de G.V. Germanias a Pintor Salvador Abril)"}}, {"type": "Feature", "geometry": {"type": "Point", "coordinates": [-0.3724984, 39.46382029999999]}, "properties": {"zona": 48, "descripcion": "RUZAFA, Nº 51 (de Denia a G.V. Marqués del Turia)"}}, {"type": "Feature", "geometry": {"type": "Point", "coordinates": [-0.3721688, 39.464882]}, "properties": {"zona": 49, "descripcion": "AV. REINO DE VALENCIA, Nº 7 (de Gregorio Mayans a G.V. Marqués del Turia)"}}, {"type": "Feature", "geometry": {"type": "Point", "coordinates": [-0.3717751, 39.465351]}, "properties": {"zona": 50, "descripcion": "GREGORIO MAYANS, Nº 1 (de G.V. Marqués del Turia a Reino de Valencia)"}}, {"type": "Feature", "geometry": {"type": "Point", "coordinates": [-0.3717052, 39.4655035]}, "properties": {"zona": 51, "descripcion": "G.V. MARQUÉS DEL TURIA, Nº 12 (de Gregorio Mayans a Taquígrafo Martí)"}}, {"type": "Feature", "geometry": {"type": "Point", "coordinates": [-0.3705848, 39.4672012]}, "properties": {"zona": 52, "descripcion": "HERNÁN CORTÉS, Nº 27 (de Cirilo Amorós a G.V. Marqués del Turia)"}}, {"type": "Feature", "geometry": {"type": "Point", "coordinates": [-0.3700409, 39.46682149999999]}, "properties": {"zona": 53, "descripcion": "G.V. MARQUÉS DEL TURIA, Nº 41 (de Isabel La Católica a Hernán Cortés)"}}, {"type": "Feature", "geometry": {"type": "Point", "coordinates": [-0.3687121, 39.4668058]}, "properties": {"zona": 54, "descripcion": "G.V. MARQUÉS DEL TURIA, Nº 46 (de Almirante Cadarso a Joaquín Costa)"}}, {"type": "Feature", "geometry": {"type": "Point", "coordinates": [-0.3684379, 39.4662095]}, "properties": {"zona": 55, "descripcion": "ALMIRANTE CADARSO, Nº 9 (de Conde Altea a G.V. Marqués del Turia)"}}, {"type": "Feature", "geometry": {"type": "Point", "coordinates": [-0.3674595, 39.4679832]}, "properties": {"zona": 56, "descripcion": "G.V. MARQUÉS DEL TURIA, Nº 61 (de Conde Salvatierra a Jorge Juan)"}}, {"type": "Feature", "geometry": {"type": "Point", "coordinates": [-0.367498, 39.46718810000001]}, "properties": {"zona": 57, "descripcion": "G.V. MARQUÉS DEL TURIA, Nº 58 (de Joaquín Costa a Císcar)"}}, {"type": "Feature", "geometry": {"type": "Point", "coordinates": [-0.3662279, 39.4671486]}, "properties": {"zona": 58, "descripcion": "CÍSCAR, Nº 11 (de Conde Altea a G.V. Marqués del Turia)"}}, {"type": "Feature", "geometry": {"type": "Point", "coordinates": [-0.3650895, 39.4682004]}, "properties": {"zona": 59, "descripcion": "G.V. MARQUÉS DEL TURIA, Nº 78 (de Salamanca a Jacinto Benavente)"}}, {"type": "Feature", "geometry": {"type": "Point", "coordinates": [-0.3747168, 39.4641588]}, "properties": {"zona": 60, "descripcion": "G.V. GERMANíAS, Nº 15 (de Cádiz a Ruzafa)"}}, {"type": "Feature", "geometry": {"type": "Point", "coordinates": [-0.3626537, 39.4689075]}, "properties": {"zona": 61, "descripcion": "PTE. DE ARAGÓN (de G.V. Marqués del Turia a Pl. Zaragoza)"}}, {"type": "Feature", "geometry": {"type": "Point", "coordinates": [-0.367143, 39.4636489]}, "properties": {"zona": 62, "descripcion": "AV. REINO DE VALENCIA, N º 23 (de Martí a Gregorio Mayans)"}}, {"type": "Feature", "geometry": {"type": "Point", "coordinates": [-0.3775489, 39.4630327]}, "properties": {"zona": 63, "descripcion": "G.V. GERMANíAS, Nº 49 (de Cuba a Sueca)"}}, {"type": "Feature", "geometry": {"type": "Point", "coordinates": [-0.3780134, 39.4626929]}, "properties": {"zona": 65, "descripcion": "GIBRALTAR, Nº 1 (de G.V. Germanías a Filipinas)"}}, {"type": "Feature", "geometry": {"type": "Point", "coordinates": [-0.37605, 39.464239]}, "properties": {"zona": 66, "descripcion": "G.V. GERMANíAS, Nº 20 (de Ruzafa a Alicante y a Pza. España)"}}, {"type": "Feature", "geometry": {"type": "Point", "coordinates": [-0.3690611, 39.46430549999999]}, "properties": {"zona": 67, "descripcion": "BURRIANA, Nº 3 (de Maestro Gozalbo a Av. Reino de Valencia)"}}, {"type": "Feature", "geometry": {"type": "Point", "coordinates": [-0.3676452, 39.4633191]}, "properties": {"zona": 68, "descripcion": "PEDRO III EL GRANDE, Nº 19 (de Luis Santangel a Av. Reino de Valencia)"}}, {"type": "Feature", "geometry": {"type": "Point", "coordinates": [-0.3656227, 39.4643365]}, "properties": {"zona": 69, "descripcion": "REINA Dª GERMANA, Nº 13 (de Joaquín Costa a Ciscar)"}}, {"type": "Feature", "geometry": {"type": "Point", "coordinates": [-0.365371, 39.4630126]}, "properties": {"zona": 70, "descripcion": "AV. REINO DE VALENCIA, Nº 68 (de Joaquín Costa a Reina Doña Germana)"}}, {"type": "Feature", "geometry": {"type": "Point", "coordinates": [-0.365651, 39.4637089]}, "properties": {"zona": 71, "descripcion": "JOAQUÍN COSTA, Nº 54 (de Reina Doña Germana a Av. Reino de Valencia)"}}, {"type": "Feature", "geometry": {"type": "Point", "coordinates": [-0.365009, 39.4646789]}, "properties": {"zona": 72, "descripcion": "CÍSCAR, Nº 46 (de Reina Doña Germana a Burriana)"}}, {"type": "Feature", "geometry": {"type": "Point", "coordinates": [-0.3650959, 39.462459]}, "properties": {"zona": 73, "descripcion": "MATIAS PERELLÓ, Nº 58 (de Alejandro VI a Duque de Calabria)"}}, {"type": "Feature", "geometry": {"type": "Point", "coordinates": [-0.3642959, 39.4626814]}, "properties": {"zona": 74, "descripcion": "AV. REINO DE VALENCIA, Nº 74 (de Matías Perelló a Av. Peris y Valero)"}}, {"type": "Feature", "geometry": {"type": "Point", "coordinates": [-0.3620377, 39.4649169]}, "properties": {"zona": 76, "descripcion": "JACINTO BENAVENTE, Nº 24 (de Reina Doña Germana a Mestre Racional)"}}, {"type": "Feature", "geometry": {"type": "Point", "coordinates": [-0.361807, 39.4644221]}, "properties": {"zona": 77, "descripcion": "JACINTO BENAVENTE, Nº 26 (de Mestre Racional a Av. Peris y Valero)"}}, {"type": "Feature", "geometry": {"type": "Point", "coordinates": [-0.3614128, 39.4636504]}, "properties": {"zona": 78, "descripcion": "JACINTO BENAVENTE, Nº 28 (de Pte. Ángel Custodio a Mestre Racional)"}}, {"type": "Feature", "geometry": {"type": "Point", "coordinates": [-0.3632739, 39.4669643]}, "properties": {"zona": 79, "descripcion": "JACINTO BENAVENTE, Nº 12 (de Burriana a Pt. Aragón)"}}, {"type": "Feature", "geometry": {"type": "Point", "coordinates": [-0.3599222, 39.4634362]}, "properties": {"zona": 80, "descripcion": "PTE. ANGEL CUSTODIO (de Av. Peris y Valero a Alameda)"}}, {"type": "Feature", "geometry": {"type": "Point", "coordinates": [-0.3604396, 39.46144779999999]}, "properties": {"zona": 81, "descripcion": "ALCALDE REIG, Nº 7 (de Prof. López Piñero a Pte. Reino de Valencia)"}}, {"type": "Feature", "geometry": {"type": "Point", "coordinates": [-0.3604299, 39.4615844]}, "properties": {"zona": 82, "descripcion": "ALCALDE REIG, Nº 6 (de Luis Oliag a Pedro Aleixandre)"}}, {"type": "Feature", "geometry": {"type": "Point", "coordinates": [-0.3639926, 39.4608187]}, "properties": {"zona": 83, "descripcion": "PEDRO ALEIXANDRE, Nº 14 (de Luis Oliag a Peris y Valero)"}}, {"type": "Feature", "geometry": {"type": "Point", "coordinates": [-0.3644171, 39.4616553]}, "properties": {"zona": 84, "descripcion": "AV. PERIS Y VALERO, Nº 168 (De Alejandro VI a Escultor José Capúz)"}}, {"type": "Feature", "geometry": {"type": "Point", "coordinates": [-0.3609134, 39.4593411]}, "properties": {"zona": 85, "descripcion": "ESCULTOR JOSÉ CAPUZ, Nº 35 (de Pedro Aleixandre a Godofredo Ros)"}}, {"type": "Feature", "geometry": {"type": "Point", "coordinates": [-0.361175, 39.4624737]}, "properties": {"zona": 86, "descripcion": "AV. REINO DE VALENCIA, Nº 87 (de Alcalde Reig a Av. Peris y Valero)"}}, {"type": "Feature", "geometry": {"type": "Point", "coordinates": [-0.3613622, 39.4620506]}, "properties": {"zona": 87, "descripcion": "AV. REINO DE VALENCIA, Nº 98 (de Av. Peris y Valero a Alcalde Reig)"}}, {"type": "Feature", "geometry": {"type": "Point", "coordinates": [-0.3590014, 39.4618716]}, "properties": {"zona": 88, "descripcion": "PTE. REINO VALENCIA (De Alameda a Alcalde Reig)"}}, {"type": "Feature", "geometry": {"type": "Point", "coordinates": [-0.3744593, 39.4556709]}, "properties": {"zona": 89, "descripcion": "AV. AUSIAS MARCH, Nº 15 (de Rubén Vela a Pl. Manuel Sanchis Guarner)"}}, {"type": "Feature", "geometry": {"type": "Point", "coordinates": [-0.371383, 39.4559041]}, "properties": {"zona": 90, "descripcion": "DR.WAKSMAN FRENTE Nº22 (DE FUENTE LA HIGUERA A RUBÉN VELA)"}}, {"type": "Feature", "geometry": {"type": "Point", "coordinates": [-0.3767297, 39.4588008]}, "properties": {"zona": 91, "descripcion": "FILIPINAS, Nº 27 (de Literato Azorín a Centelles)"}}, {"type": "Feature", "geometry": {"type": "Point", "coordinates": [-0.3749561, 39.4582594]}, "properties": {"zona": 92, "descripcion": "CENTELLES, Nº 51 (de Cuba a Filipinas)"}}, {"type": "Feature", "geometry": {"type": "Point", "coordinates": [-0.3737192, 39.457618]}, "properties": {"zona": 93, "descripcion": "AV. PERIS Y VALERO, Nº 48 (de Rubén Vela a Fuente la Higuera)"}}, {"type": "Feature", "geometry": {"type": "Point", "coordinates": [-0.372886, 39.4605725]}, "properties": {"zona": 94, "descripcion": "CADIZ, Nº 68 (de Literato Azorín a Centelles)"}}, {"type": "Feature", "geometry": {"type": "Point", "coordinates": [-0.371745, 39.4595091]}, "properties": {"zona": 95, "descripcion": "CADIZ, Nº 73 (de Centelles a Av. Peris y Valero)"}}, {"type": "Feature", "geometry": {"type": "Point", "coordinates": [-0.3710818, 39.45980060000001]}, "properties": {"zona": 96, "descripcion": "CENTELLES, Nº 13 (de Cabo Jubi a Cádiz)"}}, {"type": "Feature", "geometry": {"type": "Point", "coordinates": [-0.3710371, 39.4587504]}, "properties": {"zona": 97, "descripcion": "AV. PERIS Y VALERO, Nº 80 (de Cª Fuente San Luis a Zapadores)"}}, {"type": "Feature", "geometry": {"type": "Point", "coordinates": [-0.3688806, 39.4586664]}, "properties": {"zona": 98, "descripcion": "ZAPADORES, Nº 14 (de Luis Oliag a Av. Peris y Valero)"}}, {"type": "Feature", "geometry": {"type": "Point", "coordinates": [-0.3695488, 39.4598226]}, "properties": {"zona": 99, "descripcion": "MAESTRO AGUILAR, Nº 30 (de Av. Peris y Valero a Centelles)"}}, {"type": "Feature", "geometry": {"type": "Point", "coordinates": [-0.3692077, 39.4607625]}, "properties": {"zona": 100, "descripcion": "MATIAS PERELLÓ, Nº 6 (de Pintor Salvador Abril a Maestro Aguilar)"}}, {"type": "Feature", "geometry": {"type": "Point", "coordinates": [-0.3672407, 39.46020619999999]}, "properties": {"zona": 101, "descripcion": "AV. PERIS Y VALERO, Nº 138 (de Zapadores a Obispo Jaime Pérez)"}}, {"type": "Feature", "geometry": {"type": "Point", "coordinates": [-0.3654144, 39.4617885]}, "properties": {"zona": 102, "descripcion": "DUQUE DE CALABRIA, Nº 15 (de Av. Peris y Valero a Matías Perelló)"}}, {"type": "Feature", "geometry": {"type": "Point", "coordinates": [-0.3659959, 39.4625789]}, "properties": {"zona": 103, "descripcion": "DUQUE DE CALABRIA, Nº 7 (de Matías Perelló a Reino de Valencia)"}}, {"type": "Feature", "geometry": {"type": "Point", "coordinates": [-0.3759302, 39.4584267]}, "properties": {"zona": 104, "descripcion": "FILIPINAS, S/N - PZA. MANUEL GRANERO (de Centelles a Literato Azorín)"}}, {"type": "Feature", "geometry": {"type": "Point", "coordinates": [-0.3667834, 39.4609601]}, "properties": {"zona": 105, "descripcion": "AV. PERIS Y VALERO, Nº 147 (de Luis Santangel a Dr. Sumsi)"}}, {"type": "Feature", "geometry": {"type": "Point", "coordinates": [-0.3685863, 39.4600961]}, "properties": {"zona": 106, "descripcion": "AV. PERIS Y VALERO, Nº 127 (de Pintor Salvador Abril a Maestro Aguilar)"}}, {"type": "Feature", "geometry": {"type": "Point", "coordinates": [-0.3718582, 39.4587393]}, "properties": {"zona": 107, "descripcion": "AV. PERIS Y VALERO, Nº 87 (de Cádiz a Sueca)"}}, {"type": "Feature", "geometry": {"type": "Point", "coordinates": [-0.3743389, 39.4577568]}, "properties": {"zona": 108, "descripcion": "AV. PERIS Y VALERO, Nº 59 (de Cuba a Pl. Manuel Sanchis Guarner)"}}, {"type": "Feature", "geometry": {"type": "Point", "coordinates": [-0.3746432, 39.4545154]}, "properties": {"zona": 109, "descripcion": "AV. AUSIAS MARCH, Nº 26 (de Amparo Iturbi a Av. de la Plata)"}}, {"type": "Feature", "geometry": {"type": "Point", "coordinates": [-0.3685521, 39.4608472]}, "properties": {"zona": 110, "descripcion": "PINTOR SALVADOR ABRIL, Nº 45 (de Matías Perelló a Av. Peris y Valero)"}}, {"type": "Feature", "geometry": {"type": "Point", "coordinates": [-0.3728209, 39.4533389]}, "properties": {"zona": 111, "descripcion": "AV. AUSIAS MARCH, Nº 35 (de Av. de la Plata a Bernia)"}}, {"type": "Feature", "geometry": {"type": "Point", "coordinates": [-0.3722997, 39.4596796]}, "properties": {"zona": 112, "descripcion": "CENTELLES, Nº 22 (de Cádiz a Sueca)"}}, {"type": "Feature", "geometry": {"type": "Point", "coordinates": [-0.3730786, 39.4590478]}, "properties": {"zona": 113, "descripcion": "CENTELLES, Nº 37 (de Sueca a Cuba)"}}, {"type": "Feature", "geometry": {"type": "Point", "coordinates": [-0.3745634, 39.4572149]}, "properties": {"zona": 114, "descripcion": "AV. PERIS Y VALERO, Nº 40 (de Pl. Manuel Sanchis Guarner a Rubén Vela)"}}, {"type": "Feature", "geometry": {"type": "Point", "coordinates": [-0.3724631, 39.4581269]}, "properties": {"zona": 115, "descripcion": "AV. PERIS Y VALERO, Nº 60 (de Fuente la Higuera a Cª Fuente de San Luis)"}}, {"type": "Feature", "geometry": {"type": "Point", "coordinates": [-0.3765968, 39.4574228]}, "properties": {"zona": 116, "descripcion": "FILIPINAS, Nº 4 (de Puerto Rico a Literato Azorín)"}}, {"type": "Feature", "geometry": {"type": "Point", "coordinates": [-0.3776582, 39.4599162]}, "properties": {"zona": 117, "descripcion": "FILIPINAS, Nº 17 (de Pintor Gisbert a Puerto Rico)"}}, {"type": "Feature", "geometry": {"type": "Point", "coordinates": [-0.3767398, 39.4568559]}, "properties": {"zona": 118, "descripcion": "FILIPINAS, Nº 1 (de Buenos Aires a Denia)"}}, {"type": "Feature", "geometry": {"type": "Point", "coordinates": [-0.3783132914234706, 39.46104954408993]}, "properties": {"zona": 119, "descripcion": "BUENOS AIRES, Nº 38 (de Filipinas a Cuba)"}}, {"type": "Feature", "geometry": {"type": "Point", "coordinates": [-0.3742314, 39.4605997]}, "properties": {"zona": 120, "descripcion": "SUECA, Nº 51 (de Literato Azorín a Puerto Rico)"}}, {"type": "Feature", "geometry": {"type": "Point", "coordinates": [-0.384095, 39.4584878]}, "properties": {"zona": 121, "descripcion": "P.E. AV. GIORGETA (de Av. Giorgeta a Av. Peris y Valero)"}}, {"type": "Feature", "geometry": {"type": "Point", "coordinates": [-0.3839012, 39.4568784]}, "properties": {"zona": 122, "descripcion": "SAN VICENTE MARTIR, Nº 215 (de Millares a Av. Giorgeta)"}}, {"type": "Feature", "geometry": {"type": "Point", "coordinates": [-0.3845938, 39.4590734]}, "properties": {"zona": 124, "descripcion": "AV. GIORGETA, Nº 28 (de Mora de Rubielos a San Vicente Mártir)"}}, {"type": "Feature", "geometry": {"type": "Point", "coordinates": [-0.3861997, 39.4632827]}, "properties": {"zona": 126, "descripcion": "JESÚS, Nº 68 (de Maluquer a Giorgeta)"}}, {"type": "Feature", "geometry": {"type": "Point", "coordinates": [-0.3877363, 39.4634224]}, "properties": {"zona": 127, "descripcion": "AV. PÉREZ GALDÓS, Nº 11 (de Cuenca a Jesús)"}}, {"type": "Feature", "geometry": {"type": "Point", "coordinates": [-0.3813553, 39.464608]}, "properties": {"zona": 129, "descripcion": "RAMON Y CAJAL, 17 - ENTRADA TUNEL (De Ramón y Cajal a Germanías)"}}, {"type": "Feature", "geometry": {"type": "Point", "coordinates": [-0.3822003, 39.46409080000001]}, "properties": {"zona": 130, "descripcion": "SAN VICENTE MARTIR, Nº 128 (de Marvá a Pl. España)"}}, {"type": "Feature", "geometry": {"type": "Point", "coordinates": [-0.383343, 39.4580599]}, "properties": {"zona": 131, "descripcion": "SAN VICENTE MARTIR, Nº237 (de Amparo Iturbi a Uruguay)"}}, {"type": "Feature", "geometry": {"type": "Point", "coordinates": [-0.383211, 39.4595659]}, "properties": {"zona": 132, "descripcion": "SAN VICENTE MARTIR, Nº 188 (de Av. Giorgeta a Maestro Sosa)"}}, {"type": "Feature", "geometry": {"type": "Point", "coordinates": [-0.3832576, 39.4567999]}, "properties": {"zona": 133, "descripcion": "SAN VICENTE MARTIR, Nº 209 (de Av. Giorgeta a Dolores Alcaide)"}}, {"type": "Feature", "geometry": {"type": "Point", "coordinates": [-0.3857221, 39.4604219]}, "properties": {"zona": 134, "descripcion": "AV. GIORGETA, Nº 20 (de Uruguay a Mora de Rubielos)"}}, {"type": "Feature", "geometry": {"type": "Point", "coordinates": [-0.3866514, 39.4618889]}, "properties": {"zona": 135, "descripcion": "AV. GIORGETA, Nº 2 (de Jesús a Carcagente)"}}, {"type": "Feature", "geometry": {"type": "Point", "coordinates": [-0.3829302, 39.4611408]}, "properties": {"zona": 136, "descripcion": "SAN VICENTE MARTIR, Nº 174 (de Maestro Sosa a Marvá)"}}, {"type": "Feature", "geometry": {"type": "Point", "coordinates": [-0.3940643, 39.4638032]}, "properties": {"zona": 139, "descripcion": "AV. TRES FORQUES, Nº 52 (de Enguera a Av. Archiduque Carlos)"}}, {"type": "Feature", "geometry": {"type": "Point", "coordinates": [-0.3946259, 39.46498769999999]}, "properties": {"zona": 141, "descripcion": "AV. ARCHIDUQUE CARLOS, Nº 41 (de Enguera a Av. Tres Forques)"}}, {"type": "Feature", "geometry": {"type": "Point", "coordinates": [-0.3967777, 39.4628716]}, "properties": {"zona": 142, "descripcion": "AV. ARCHIDUQUE CARLOS, Nº 73 (de Fontanares a Av. Tres Forques)"}}, {"type": "Feature", "geometry": {"type": "Point", "coordinates": [-0.3962031, 39.46194029999999]}, "properties": {"zona": 143, "descripcion": "FONTANARES, Nº 64 (de Vicente Clavel a Av. Archiduque Carlos)"}}, {"type": "Feature", "geometry": {"type": "Point", "coordinates": [-0.3971274, 39.4622947]}, "properties": {"zona": 144, "descripcion": "FONTANARES, Nº 69 (de Av. Archiduque Carlos a Vicente Clavel)"}}, {"type": "Feature", "geometry": {"type": "Point", "coordinates": [-0.394381, 39.4658319]}, "properties": {"zona": 145, "descripcion": "ENGUERA, Nº 27 (de Av. Archiduque Carlos a Chiva)"}}, {"type": "Feature", "geometry": {"type": "Point", "coordinates": [-0.4005966, 39.463093]}, "properties": {"zona": 146, "descripcion": "FRAY JUNIPERO SERRA, Nº 80 (de José María Mortes Lerma a Av. Tres Forques)"}}, {"type": "Feature", "geometry": {"type": "Point", "coordinates": [-0.4012018, 39.4645217]}, "properties": {"zona": 147, "descripcion": "STA. CRUZ DE TENERIFE, Nº 18 (de Llombay a Av. Tres Forques)"}}, {"type": "Feature", "geometry": {"type": "Point", "coordinates": [-0.4019162000000001, 39.4663404]}, "properties": {"zona": 148, "descripcion": "TRES FORQUES frente nº 99 (de Maria Montessori a Santa Cruz de Tenerife)"}}, {"type": "Feature", "geometry": {"type": "Point", "coordinates": [-0.3992193, 39.4636694]}, "properties": {"zona": 149, "descripcion": "AV. TRES FORQUES, Nº 97 (de Virgen de la Cabeza a Av. Archiduque Carlos)"}}, {"type": "Feature", "geometry": {"type": "Point", "coordinates": [-0.392447, 39.46624389999999]}, "properties": {"zona": 150, "descripcion": "CHIVA, Nº 29 (de Ayora a Archiduque Carlos)"}}, {"type": "Feature", "geometry": {"type": "Point", "coordinates": [-0.3922923, 39.4664338]}, "properties": {"zona": 151, "descripcion": "AYORA, Nº 14 (de Chiva a Av. del Cid)"}}, {"type": "Feature", "geometry": {"type": "Point", "coordinates": [-0.3943649, 39.4649434]}, "properties": {"zona": 152, "descripcion": "ENGUERA, Nº 8 (de Av. Archiduque Carlos a Av. Tres Forques)"}}, {"type": "Feature", "geometry": {"type": "Point", "coordinates": [-0.3938451, 39.4646475]}, "properties": {"zona": 153, "descripcion": "ENGUERA, Nº 37 (de Av. Tres Forques a Av. Archiduque Carlos)"}}, {"type": "Feature", "geometry": {"type": "Point", "coordinates": [-0.396645, 39.463681]}, "properties": {"zona": 154, "descripcion": "AV. ARCHIDUQUE CARLOS, Nº 28 (de Av. Tres Forques a Fontanares)"}}, {"type": "Feature", "geometry": {"type": "Point", "coordinates": [-0.3972265, 39.4632197]}, "properties": {"zona": 155, "descripcion": "JOSE MARIA MORTES LERMA, Nº 2 (de Av. Archiduque Carlos a Virgen de la Cabeza)"}}, {"type": "Feature", "geometry": {"type": "Point", "coordinates": [-0.3981725, 39.4616358]}, "properties": {"zona": 156, "descripcion": "AV. ARCHIDUQUE CARLOS, Nº 99 (de Virgen de la Cabeza a Fontanares)"}}, {"type": "Feature", "geometry": {"type": "Point", "coordinates": [-0.39874, 39.46189529999999]}, "properties": {"zona": 157, "descripcion": "VIRGEN DE LA CABEZA, Nº 42 (de Torrente a Av. Archiduque Carlos)"}}, {"type": "Feature", "geometry": {"type": "Point", "coordinates": [-0.39874, 39.46189529999999]}, "properties": {"zona": 158, "descripcion": "VIRGEN DE LA CABEZA ,Nº 42 (de Av. Archiduque Carlos a Av. Tres Forques)"}}, {"type": "Feature", "geometry": {"type": "Point", "coordinates": [-0.3989820000000001, 39.4614751]}, "properties": {"zona": 159, "descripcion": "AV. ARCHIDUQUE CARLOS, Nº 58 (de Virgen de la Cabeza a Fray Junípero Serra)"}}, {"type": "Feature", "geometry": {"type": "Point", "coordinates": [-0.3992005, 39.4608181]}, "properties": {"zona": 160, "descripcion": "AV. ARCHIDUQUE CARLOS, Nº 111 (de Fray Junípero Serra a Virgen de la Cabeza)"}}, {"type": "Feature", "geometry": {"type": "Point", "coordinates": [-0.4005508, 39.4601603]}, "properties": {"zona": 161, "descripcion": "AV. ARCHIDUQUE CARLOS, Nº 72 (de Fray Junípero Serra a Puebla de Valverde)"}}, {"type": "Feature", "geometry": {"type": "Point", "coordinates": [-0.4002034, 39.4598142]}, "properties": {"zona": 162, "descripcion": "AV. ARCHIDUQUE CARLOS, Nº 117 (de Músico Gomis a Fray Junípero Serra)"}}, {"type": "Feature", "geometry": {"type": "Point", "coordinates": [-0.401243, 39.4596568]}, "properties": {"zona": 163, "descripcion": "AV. ARCHIDUQUE CARLOS, Nº 82 (de Puebla de Valverde a Av. Tres Cruces)"}}, {"type": "Feature", "geometry": {"type": "Point", "coordinates": [-0.4019162000000001, 39.4663404]}, "properties": {"zona": 164, "descripcion": "TRES FORQUES frente nº 77 (de Archiduque Carlos a Norman Bethune)"}}, {"type": "Feature", "geometry": {"type": "Point", "coordinates": [-0.4013502, 39.4640017]}, "properties": {"zona": 165, "descripcion": "STA. CRUZ DE TENERIFE, Nº 24 (de Av. Tres Forques a Músico Ayllón)"}}, {"type": "Feature", "geometry": {"type": "Point", "coordinates": [-0.401149, 39.4636193]}, "properties": {"zona": 166, "descripcion": "AV. TRES FORQUES, Nº 107 (de Fray Junipero Serra a Virgen de la Cabeza)"}}, {"type": "Feature", "geometry": {"type": "Point", "coordinates": [-0.4011136, 39.46357320000001]}, "properties": {"zona": 167, "descripcion": "FRAY JUNIPERO SERRA, Nº 85 (de Av. Tres Forques a José María Mortes Lerma)"}}, {"type": "Feature", "geometry": {"type": "Point", "coordinates": [-0.4027922, 39.46382759999999]}, "properties": {"zona": 168, "descripcion": "AV. TRES FORQUES, Nº 92ac (de Sta. Cruz de Tenerife a José Maestre)"}}, {"type": "Feature", "geometry": {"type": "Point", "coordinates": [-0.4029954, 39.463461]}, "properties": {"zona": 169, "descripcion": "AV. TRES FORQUES, Nº 123 (de Ceramista Ros a Fray Junípero Serra)"}}, {"type": "Feature", "geometry": {"type": "Point", "coordinates": [-0.4039861, 39.4634411]}, "properties": {"zona": 170, "descripcion": "AV. TRES FORQUES, Nº 129 (de José Maestre a Av. Tres Cruces)"}}, {"type": "Feature", "geometry": {"type": "Point", "coordinates": [-0.4046913, 39.4634396]}, "properties": {"zona": 171, "descripcion": "AV. TRES FORQUES, Nº 139 (de Av. Tres Cruces a Ceramista Ros)"}}, {"type": "Feature", "geometry": {"type": "Point", "coordinates": [-0.4033743, 39.464277]}, "properties": {"zona": 172, "descripcion": "JOSÉ MAESTRE, Nº 31 (de Llombay a Av. Tres Forques)"}}, {"type": "Feature", "geometry": {"type": "Point", "coordinates": [-0.3935971, 39.4638624]}, "properties": {"zona": 173, "descripcion": "AV. TRES FORQUES, Nº 47 (de Venerable Agnesio a Turís)"}}, {"type": "Feature", "geometry": {"type": "Point", "coordinates": [-0.3927474, 39.4642738]}, "properties": {"zona": 174, "descripcion": "AV. TRES FORQUES, Nº 40 (de Maestro Bellver a Ayora)"}}, {"type": "Feature", "geometry": {"type": "Point", "coordinates": [-0.3955393, 39.4638262]}, "properties": {"zona": 175, "descripcion": "AV. TRES FORQUES, Nº 71 (de Av. Archiduque Carlos a Pintor Pascual Capuz)"}}, {"type": "Feature", "geometry": {"type": "Point", "coordinates": [-0.3892508, 39.4655511]}, "properties": {"zona": 178, "descripcion": "AV. PÉREZ GALDÓS, Nº 39 (de Av. del Cid a Tres Forques)"}}, {"type": "Feature", "geometry": {"type": "Point", "coordinates": [-0.3913706, 39.4669913]}, "properties": {"zona": 180, "descripcion": "AV. DEL CID, Nº 7 (de Ayora a Av. Pérez Galdós)"}}, {"type": "Feature", "geometry": {"type": "Point", "coordinates": [-0.3908261, 39.4683524]}, "properties": {"zona": 181, "descripcion": "AV. PÉREZ GALDÓS, Nº 74 (de Héroe Romeu a Ángel Guimerá)"}}, {"type": "Feature", "geometry": {"type": "Point", "coordinates": [-0.3887966, 39.46939769999999]}, "properties": {"zona": 182, "descripcion": "ANGEL GUIMERÁ, Nº 47 (de Buen Orden a Alberique)"}}, {"type": "Feature", "geometry": {"type": "Point", "coordinates": [-0.3902381, 39.469059]}, "properties": {"zona": 183, "descripcion": "ANGEL GUIMERÁ, Nº 65 (de Alberique a Av. Pérez Galdós)"}}, {"type": "Feature", "geometry": {"type": "Point", "coordinates": [-0.3855496375653576, 39.46612540885144]}, "properties": {"zona": 184, "descripcion": "SAN FRANCISCO DE BORJA, Nº 17 (de Salas Quiroga a Jesús)"}}, {"type": "Feature", "geometry": {"type": "Point", "coordinates": [-0.3923389, 39.4705309]}, "properties": {"zona": 185, "descripcion": "P.I. AV. PÉREZ GALDÓS, Nº 96 (de Cartagena a Tres Forques)"}}, {"type": "Feature", "geometry": {"type": "Point", "coordinates": [-0.3934632, 39.4720757]}, "properties": {"zona": 186, "descripcion": "AV. PÉREZ GALDÓS, Nº 116 (de Sta. Micaela a Maestro Guerrero)"}}, {"type": "Feature", "geometry": {"type": "Point", "coordinates": [-0.3926249, 39.4764254]}, "properties": {"zona": 187, "descripcion": "Pº PECHINA, Nº 37 (de Teruel a Norte)"}}, {"type": "Feature", "geometry": {"type": "Point", "coordinates": [-0.3936403, 39.4744067]}, "properties": {"zona": 188, "descripcion": "SAN JOSÉ DE LA MONTAÑA, Nº20 (de González Martí a Pérez Galdós)"}}, {"type": "Feature", "geometry": {"type": "Point", "coordinates": [-0.3948221, 39.4753861]}, "properties": {"zona": 189, "descripcion": "Pº PECHINA, Nº 42 (de Av. Pérez Galdós a Teruel)"}}, {"type": "Feature", "geometry": {"type": "Point", "coordinates": [-0.3935728, 39.46640850000001]}, "properties": {"zona": 190, "descripcion": "AV. ARCHIDUQUE CARLOS, Nº 10 (de Chiva a Enguera)"}}, {"type": "Feature", "geometry": {"type": "Point", "coordinates": [-0.3922198, 39.4828243]}, "properties": {"zona": 191, "descripcion": "PTE. CAMPANAR (SALIDA) (de Pº Pechina a Maestro Rodrigo)"}}, {"type": "Feature", "geometry": {"type": "Point", "coordinates": [-0.3892338, 39.4633761]}, "properties": {"zona": 192, "descripcion": "CUENCA, Nº 86 (de Calamocha a Av. Pérez Galdós)"}}, {"type": "Feature", "geometry": {"type": "Point", "coordinates": [-0.3945239, 39.4724776]}, "properties": {"zona": 193, "descripcion": "AV. PÉREZ GALDÓS, Nº 119 (de Alcalde Albors a Cartagena)"}}, {"type": "Feature", "geometry": {"type": "Point", "coordinates": [-0.3883003, 39.4666812]}, "properties": {"zona": 194, "descripcion": "SAN JOSÉ DE CALASANZ, Nº21 (de Av. Pérez Galdós a Alberique)"}}, {"type": "Feature", "geometry": {"type": "Point", "coordinates": [-0.3906994, 39.4744746]}, "properties": {"zona": 195, "descripcion": "QUART, Nº 131 (de Norte a Juan Llorens)"}}, {"type": "Feature", "geometry": {"type": "Point", "coordinates": [-0.3921993, 39.4683953]}, "properties": {"zona": 196, "descripcion": "LORCA, Nº 6 (de Av. Pérez Galdós a Av. del Cid)"}}, {"type": "Feature", "geometry": {"type": "Point", "coordinates": [-0.3944965, 39.4734918]}, "properties": {"zona": 197, "descripcion": "AV. PÉREZ GALDÓS, Nº 124 (de Maestro Guerrero a San José de la Montaña)"}}, {"type": "Feature", "geometry": {"type": "Point", "coordinates": [-0.3877731, 39.4645922]}, "properties": {"zona": 198, "descripcion": "CUENCA, Nº 59 (de Av. Pérez Galdós a Honorato Juan)"}}, {"type": "Feature", "geometry": {"type": "Point", "coordinates": [-0.3872197, 39.4659058]}, "properties": {"zona": 199, "descripcion": "CUENCA, Nº 56 (de Alberique a San José de Calasanz)"}}, {"type": "Feature", "geometry": {"type": "Point", "coordinates": [-0.387744, 39.4704213]}, "properties": {"zona": 200, "descripcion": "ERUDITO ORELLANA, Nº 15 (de Palleter a Ángel Guimerá)"}}, {"type": "Feature", "geometry": {"type": "Point", "coordinates": [-0.388845, 39.467337]}, "properties": {"zona": 201, "descripcion": "ALBERIQUE, Nº 27 (de Onteniente a Navarro Llorens)"}}, {"type": "Feature", "geometry": {"type": "Point", "coordinates": [-0.3937886, 39.4729838]}, "properties": {"zona": 202, "descripcion": "MAESTRO GUERRERO, Nº 7 (de Av. Pérez Galdós a González Martí)"}}, {"type": "Feature", "geometry": {"type": "Point", "coordinates": [-0.39485, 39.4755917]}, "properties": {"zona": 203, "descripcion": "P.I. Pº PECHINA - MITAD DEL TUNEL (de Torres a Sanchís Bergón)"}}, {"type": "Feature", "geometry": {"type": "Point", "coordinates": [-0.3953362, 39.4685906]}, "properties": {"zona": 204, "descripcion": "AV. DEL CID, Nº 38 (de Totana a Hnos. Rivas)"}}, {"type": "Feature", "geometry": {"type": "Point", "coordinates": [-0.4001103000317104, 39.46901570234328]}, "properties": {"zona": 205, "descripcion": "AV. DEL CID, Nº 78 GIRO A BURGOS (de José Maestre a Burgos)"}}, {"type": "Feature", "geometry": {"type": "Point", "coordinates": [-0.4015794, 39.4694872]}, "properties": {"zona": 206, "descripcion": "AV. DEL CID, Nº 94 GIRO A IZQUIERDA (de Burgos a José Maestre)"}}, {"type": "Feature", "geometry": {"type": "Point", "coordinates": [-0.4054033, 39.4695821]}, "properties": {"zona": 207, "descripcion": "P.I. AV. DEL CID (de Misericordia a José Maestre)"}}, {"type": "Feature", "geometry": {"type": "Point", "coordinates": [-0.4118311, 39.4691147]}, "properties": {"zona": 208, "descripcion": "AV. DEL CID, Nº 75 GIRO IZQUIERDA (de Sureres a Ciudad de Mislata)"}}, {"type": "Feature", "geometry": {"type": "Point", "coordinates": [-0.413281, 39.4699637]}, "properties": {"zona": 209, "descripcion": "AV. DEL CID, Nº 154 GIRO IZQUIERDA (de Ciudad de Mislata a Marconi)"}}, {"type": "Feature", "geometry": {"type": "Point", "coordinates": [-0.413328, 39.4690958]}, "properties": {"zona": 210, "descripcion": "AV. DEL CID Nº 85 (sentido entrada de Marconi a Misericordia)"}}, {"type": "Feature", "geometry": {"type": "Point", "coordinates": [-0.4156094, 39.4689944]}, "properties": {"zona": 211, "descripcion": "AV. DEL CID, Nº 103 (Salida de Mislata a Marconi)"}}, {"type": "Feature", "geometry": {"type": "Point", "coordinates": [-0.4135393, 39.4699711]}, "properties": {"zona": 212, "descripcion": "AV. CID nº 156 (SALIDA) (de Pl. Joan Fuster a Cº. Viejo de Xirivella (Mislata))"}}, {"type": "Feature", "geometry": {"type": "Point", "coordinates": [-0.4054164696102461, 39.47276350326665]}, "properties": {"zona": 213, "descripcion": "9 D'OCTUBRE s/n esquina Democracia (de Democracia a Cieza)"}}, {"type": "Feature", "geometry": {"type": "Point", "coordinates": [-0.4054915398517855, 39.471148316075215]}, "properties": {"zona": 214, "descripcion": "9 D'OCTUBRE, Nº 14 (de Pintor Stolz a Pº Pechina)"}}, {"type": "Feature", "geometry": {"type": "Point", "coordinates": [-0.3756348, 39.4738338]}, "properties": {"zona": 215, "descripcion": "DEMOCRACIA frente nº 93 (de Mislata a 9 d'Octubre)"}}, {"type": "Feature", "geometry": {"type": "Point", "coordinates": [-0.4013832, 39.4728804]}, "properties": {"zona": 216, "descripcion": "DEMOCRACIA s/n (de Rincón Ademúz a 9 d'Octubre)"}}, {"type": "Feature", "geometry": {"type": "Point", "coordinates": [-0.3980516, 39.4742392]}, "properties": {"zona": 217, "descripcion": "Pº PECHINA, Nº 51 (de Torres a Baladre)"}}, {"type": "Feature", "geometry": {"type": "Point", "coordinates": [-0.4059177, 39.4736745]}, "properties": {"zona": 218, "descripcion": "PTE. 9 D'OCTUBRE (de Pº Pechina a Manuel de Falla)"}}, {"type": "Feature", "geometry": {"type": "Point", "coordinates": [-0.394214, 39.4704859]}, "properties": {"zona": 219, "descripcion": "CARTAGENA, Nº 9 (de Totana a Av. Pérez Galdós)"}}, {"type": "Feature", "geometry": {"type": "Point", "coordinates": [-0.3756348, 39.4738338]}, "properties": {"zona": 220, "descripcion": "BRASIL, Nº 31 (de Francisco Moreno Usedo a Pl. Arturo Piera)"}}, {"type": "Feature", "geometry": {"type": "Point", "coordinates": [-0.3915547, 39.4766964]}, "properties": {"zona": 221, "descripcion": "TORRES nº 30 (de Brasil a Democracia)"}}, {"type": "Feature", "geometry": {"type": "Point", "coordinates": [-0.4029789, 39.469743]}, "properties": {"zona": 222, "descripcion": "P.I. AV. DEL CID, Nº 106 (de Burgos a Ciudad de Mislata)"}}, {"type": "Feature", "geometry": {"type": "Point", "coordinates": [-0.39485, 39.4755917]}, "properties": {"zona": 223, "descripcion": "Pº PECHINA, S/N (de 9 d'Octubre a Rincón de Ademuz)"}}, {"type": "Feature", "geometry": {"type": "Point", "coordinates": [-0.4056106, 39.4696779]}, "properties": {"zona": 224, "descripcion": "AV. DEL CID, Nº 39 (de Sta. Cruz de Tenerife a Enguera)"}}, {"type": "Feature", "geometry": {"type": "Point", "coordinates": [-0.3953309, 39.46862489999999]}, "properties": {"zona": 225, "descripcion": "AV. DEL CID, Nº 36 (de Enguera a Av. Archiduque Carlos)"}}, {"type": "Feature", "geometry": {"type": "Point", "coordinates": [-0.3937355, 39.4685002]}, "properties": {"zona": 226, "descripcion": "LINARES, Nº 17 (de Julian Peña a Totana)"}}, {"type": "Feature", "geometry": {"type": "Point", "coordinates": [-0.3980516, 39.4742392]}, "properties": {"zona": 227, "descripcion": "P.I. Pº PECHINA, Nº 51 (entrada a túnel, de Torres a Dr. Sanchis Bergón)"}}, {"type": "Feature", "geometry": {"type": "Point", "coordinates": [-0.4001127, 39.4691484]}, "properties": {"zona": 228, "descripcion": "AV. DEL CID, Nº 78 (de Burgos a Rincón de Ademuz)"}}, {"type": "Feature", "geometry": {"type": "Point", "coordinates": [-0.3993582, 39.4738506]}, "properties": {"zona": 229, "descripcion": "DEMOCRACIA nº 34 (de Torres a Brasil)"}}, {"type": "Feature", "geometry": {"type": "Point", "coordinates": [-0.406592, 39.4695442]}, "properties": {"zona": 230, "descripcion": "AV. DEL CID, Nº 65 (de Misericordia a Av. Tres Cruces)"}}, {"type": "Feature", "geometry": {"type": "Point", "coordinates": [-0.3928221, 39.4803756]}, "properties": {"zona": 231, "descripcion": "AV. PÍO XII, Nº 9 (de Av. Campanar a Tirso de Molina)"}}, {"type": "Feature", "geometry": {"type": "Point", "coordinates": [-0.3906446, 39.4780655]}, "properties": {"zona": 232, "descripcion": "PTE. DE ADEMUZ (de Av. Pío XII a Paseo Pechina)"}}, {"type": "Feature", "geometry": {"type": "Point", "coordinates": [-0.390374, 39.486425]}, "properties": {"zona": 233, "descripcion": "AV. CAMPANAR, Nº 17 (de Gil Roger a Nicasio Benlloch)"}}, {"type": "Feature", "geometry": {"type": "Point", "coordinates": [-0.3922198, 39.4828243]}, "properties": {"zona": 234, "descripcion": "AV. CAMPANAR, FRENTE Nº 3 (de Conchita Piquer a Av. Pío XII)"}}, {"type": "Feature", "geometry": {"type": "Point", "coordinates": [-0.3919411, 39.4878242]}, "properties": {"zona": 235, "descripcion": "AV. GRAL. AVILÉS, Nº 14 (de Nicasio Benlloch a Av. Pío XII)"}}, {"type": "Feature", "geometry": {"type": "Point", "coordinates": [-0.3888456, 39.4871757]}, "properties": {"zona": 236, "descripcion": "NICASIO BENLLOCH, Nº 5 (de Av. Campanar a Av. Burjasot)"}}, {"type": "Feature", "geometry": {"type": "Point", "coordinates": [-0.3883002, 39.487646]}, "properties": {"zona": 237, "descripcion": "AV. BURJASOT, Nº 100 (de San Pancracio a Av. Dr. Peset Aleixandre)"}}, {"type": "Feature", "geometry": {"type": "Point", "coordinates": [-0.3889806, 39.4885624]}, "properties": {"zona": 238, "descripcion": "AV. DR. PESET ALEIXANDRE, Nº 149 (de Av. Burjasot a Goleta)"}}, {"type": "Feature", "geometry": {"type": "Point", "coordinates": [-0.3883551, 39.48909]}, "properties": {"zona": 239, "descripcion": "AV. DR. PESET ALEIXANDRE, Nº 134 (de José Grollo a Av. Burjasot)"}}, {"type": "Feature", "geometry": {"type": "Point", "coordinates": [-0.3838284, 39.4843939]}, "properties": {"zona": 240, "descripcion": "AV. BURJASOT, Nº 36 (de Málaga a Reus)"}}, {"type": "Feature", "geometry": {"type": "Point", "coordinates": [-0.3920727, 39.4812004]}, "properties": {"zona": 241, "descripcion": "AV. PÍO XII, Nº 4 (de Menéndez Pidal a Av. Campanar)"}}, {"type": "Feature", "geometry": {"type": "Point", "coordinates": [-0.3907192, 39.4800023]}, "properties": {"zona": 242, "descripcion": "MENÉNDEZ PIDAL, Nº 15 (de Beltrán Báguena a Av. Pío XII)"}}, {"type": "Feature", "geometry": {"type": "Point", "coordinates": [-0.3845041, 39.4817142]}, "properties": {"zona": 243, "descripcion": "MENÉNDEZ PIDAL, Nº 2 (de Padre Ferris a Ricardo Micó)"}}, {"type": "Feature", "geometry": {"type": "Point", "coordinates": [-0.3830541, 39.4824463]}, "properties": {"zona": 244, "descripcion": "MAURO GUILLEM, Nº 1 (de Pte. de las Artes a Av. Burjasot)"}}, {"type": "Feature", "geometry": {"type": "Point", "coordinates": [-0.380877, 39.4831936]}, "properties": {"zona": 245, "descripcion": "LLANO DE LA ZAIDIA, Nº 17 (de Dr. Oloriz a Av. Burjasot)"}}, {"type": "Feature", "geometry": {"type": "Point", "coordinates": [-0.3866791, 39.4891122]}, "properties": {"zona": 246, "descripcion": "AV. DR. PESET ALEIXANDRE, Nº 129 (de Guillem Ferrer a Francisco Tárrega)"}}, {"type": "Feature", "geometry": {"type": "Point", "coordinates": [-0.3853348, 39.4893752]}, "properties": {"zona": 247, "descripcion": "AV. DR. PESET ALEIXANDRE, Nº 123 (de Francisco Tárrega a Dr. Oloriz)"}}, {"type": "Feature", "geometry": {"type": "Point", "coordinates": [-0.3817261, 39.4902932]}, "properties": {"zona": 249, "descripcion": "AV. DR. PESET ALEIXANDRE FRENTE Nº 127 (de Montduver a José Grollo)"}}, {"type": "Feature", "geometry": {"type": "Point", "coordinates": [-0.3847943, 39.4816065]}, "properties": {"zona": 250, "descripcion": "AV. MENÉNDEZ PIDAL, Nº 4 (de Ricardo Micó a Pte. de las Artes)"}}, {"type": "Feature", "geometry": {"type": "Point", "coordinates": [-0.3834769, 39.4808243]}, "properties": {"zona": 251, "descripcion": "PTE. DE LAS ARTES (de Padre Ferris a Guillem de Castro)"}}, {"type": "Feature", "geometry": {"type": "Point", "coordinates": [-0.3829256, 39.4821576]}, "properties": {"zona": 252, "descripcion": "P.I. MAURO GUILLEM (de Llano de la Zaidia a Av. Menéndez Pidal)"}}, {"type": "Feature", "geometry": {"type": "Point", "coordinates": [-0.3874877, 39.4801368]}, "properties": {"zona": 253, "descripcion": "P.I. MENÉNDEZ PIDAL (de Av. Menéndez Pidal a  Av. Tirso de Molina)"}}, {"type": "Feature", "geometry": {"type": "Point", "coordinates": [-0.3843006, 39.4851396]}, "properties": {"zona": 254, "descripcion": "REUS, Nº 6 (de Av. Burjasot a Alqueria de la Estrella)"}}, {"type": "Feature", "geometry": {"type": "Point", "coordinates": [-0.38349, 39.4855884]}, "properties": {"zona": 255, "descripcion": "REUS, Nº 16 (de Alqueria de la Estrella a Av. Burjasot)"}}, {"type": "Feature", "geometry": {"type": "Point", "coordinates": [-0.3815913, 39.4857349]}, "properties": {"zona": 256, "descripcion": "REUS S/N,  Esquina P. Llorente (De Periodista Llorente a Dr. Oloriz)"}}, {"type": "Feature", "geometry": {"type": "Point", "coordinates": [-0.3798013, 39.4831145]}, "properties": {"zona": 257, "descripcion": "LLANO DE LA ZAIDIA, Nº 15 (de Pte. de San José a Av.Constitución)"}}, {"type": "Feature", "geometry": {"type": "Point", "coordinates": [-0.3796542, 39.483115]}, "properties": {"zona": 258, "descripcion": "LLANO DE LA ZAIDIA, Nº 14 (de Av. Constitución a Dr. Oloriz)"}}, {"type": "Feature", "geometry": {"type": "Point", "coordinates": [-0.3776412, 39.483107]}, "properties": {"zona": 259, "descripcion": "LLANO DE ZAIDIA, Nº 1 (de Visitación a Av. Constitución)"}}, {"type": "Feature", "geometry": {"type": "Point", "coordinates": [-0.3788671, 39.4846651]}, "properties": {"zona": 260, "descripcion": "AV. CONSTITUCIÓN, Nº 23 (de Málaga a Lérida)"}}, {"type": "Feature", "geometry": {"type": "Point", "coordinates": [-0.3766791, 39.4829952]}, "properties": {"zona": 261, "descripcion": "POETA MONMENEU, Nº 16 (de Guadalaviar a Sagunto)"}}, {"type": "Feature", "geometry": {"type": "Point", "coordinates": [-0.3754791, 39.4820975]}, "properties": {"zona": 262, "descripcion": "GUADALAVIAR, Nº 3 (de Pl. Sta. Mónica a Visitación)"}}, {"type": "Feature", "geometry": {"type": "Point", "coordinates": [-0.3748759, 39.4819716]}, "properties": {"zona": 263, "descripcion": "SAGUNTO, Nº 4 (de Pl. Sta. Mónica a Poeta Monmeneu)"}}, {"type": "Feature", "geometry": {"type": "Point", "coordinates": [-0.3759265, 39.4822834]}, "properties": {"zona": 264, "descripcion": "GUADALAVIAR, Nº 6 (de Llano de la Zaidia a Pte. Serranos)"}}, {"type": "Feature", "geometry": {"type": "Point", "coordinates": [-0.3727176, 39.4818283]}, "properties": {"zona": 265, "descripcion": "ALMAZORA, Nº 4 (de Poeta Bodria a Pintor Vilar)"}}, {"type": "Feature", "geometry": {"type": "Point", "coordinates": [-0.3719305, 39.4822214]}, "properties": {"zona": 266, "descripcion": "PINTOR VILAR, Nº 2 (de Almazora a Alboraya)"}}, {"type": "Feature", "geometry": {"type": "Point", "coordinates": [-0.3713303, 39.4823747]}, "properties": {"zona": 267, "descripcion": "PINTOR VILAR, Nº 1 (de Alboraya a Almazora)"}}, {"type": "Feature", "geometry": {"type": "Point", "coordinates": [-0.3716986, 39.4843621]}, "properties": {"zona": 268, "descripcion": "ALMAZORA, Nº 16 (de Pintor a Convento Carmelitas)"}}, {"type": "Feature", "geometry": {"type": "Point", "coordinates": [-0.3705576, 39.4831233]}, "properties": {"zona": 269, "descripcion": "CONVENTO CARMELITAS, Nº 2 (de Almazora a Alboraya)"}}, {"type": "Feature", "geometry": {"type": "Point", "coordinates": [-0.3710439, 39.4841994]}, "properties": {"zona": 270, "descripcion": "ALMAZORA, Nº 42 (de Convento Carmelitas a Jaca)"}}, {"type": "Feature", "geometry": {"type": "Point", "coordinates": [-0.3701133, 39.48494669999999]}, "properties": {"zona": 271, "descripcion": "MOLINELL, Nº 2 (de Almazora a Alboraya)"}}, {"type": "Feature", "geometry": {"type": "Point", "coordinates": [-0.3701635, 39.4853096]}, "properties": {"zona": 272, "descripcion": "MOLINELL, Nº 1 (de Alboraya a Almazora)"}}, {"type": "Feature", "geometry": {"type": "Point", "coordinates": [-0.3699997, 39.48560190000001]}, "properties": {"zona": 273, "descripcion": "ALMAZORA, Nº 52 (de Molinell a Benimuslem)"}}, {"type": "Feature", "geometry": {"type": "Point", "coordinates": [-0.3718112, 39.4854132]}, "properties": {"zona": 274, "descripcion": "PLATERO SUAREZ, Nº 8 (de Almazora a Ministro Luis Mayans)"}}, {"type": "Feature", "geometry": {"type": "Point", "coordinates": [-0.3717044, 39.4848367]}, "properties": {"zona": 275, "descripcion": "ALMAZORA, Nº 43 (de Platero Suárez a San Juan de la Cruz)"}}, {"type": "Feature", "geometry": {"type": "Point", "coordinates": [-0.3903414, 39.4751521]}, "properties": {"zona": 276, "descripcion": "ALMAZORA, FRENTE Nº 8 (de Pintor Vilar a Madre Teresa Jornet)"}}, {"type": "Feature", "geometry": {"type": "Point", "coordinates": [-0.374094, 39.4815841]}, "properties": {"zona": 277, "descripcion": "STA. RITA, Nº 9 (de Madre Teresa Jornet a Cronista Rivelles)"}}, {"type": "Feature", "geometry": {"type": "Point", "coordinates": [-0.3718311, 39.4866856]}, "properties": {"zona": 278, "descripcion": "FRAY PEDRO VIVES, Nº 37 (de Ministro Luis Mayans a Bilbao)"}}, {"type": "Feature", "geometry": {"type": "Point", "coordinates": [-0.3730535, 39.4868545]}, "properties": {"zona": 279, "descripcion": "FRAY PEDRO VIVES, Nº 23 (de Bilbao a Sagunto)"}}, {"type": "Feature", "geometry": {"type": "Point", "coordinates": [-0.3752168, 39.4866294]}, "properties": {"zona": 280, "descripcion": "ACTOR MORA, Nº 2 (de Sagunto a Pobla del Duc)"}}, {"type": "Feature", "geometry": {"type": "Point", "coordinates": [-0.3765527, 39.4865289]}, "properties": {"zona": 281, "descripcion": "ACTOR MORA, Nº 16 (de Pobla del Duc a Av. Constitución)"}}, {"type": "Feature", "geometry": {"type": "Point", "coordinates": [-0.3778473, 39.4860186]}, "properties": {"zona": 282, "descripcion": "ACTOR MORA, Nº 31 (de Av. Constitución a Visitación)"}}, {"type": "Feature", "geometry": {"type": "Point", "coordinates": [-0.3759025, 39.4863153]}, "properties": {"zona": 283, "descripcion": "ACTOR MORA, Nº 11 (de Visitación a Sagunto)"}}, {"type": "Feature", "geometry": {"type": "Point", "coordinates": [-0.3745636, 39.4864313]}, "properties": {"zona": 284, "descripcion": "FRAY PEDRO VIVES, Nº 2 (de Sagunto a Bilbao)"}}, {"type": "Feature", "geometry": {"type": "Point", "coordinates": [-0.3724775, 39.4866157]}, "properties": {"zona": 285, "descripcion": "FRAY PEDRO VIVES, Nº 20 (de Bilbao a Ministro Luis Mayans)"}}, {"type": "Feature", "geometry": {"type": "Point", "coordinates": [-0.3718761, 39.48554]}, "properties": {"zona": 286, "descripcion": "MINISTRO LUIS MAYANS, Nº 14 (de Platero Suárez a Fray Pedro Vives)"}}, {"type": "Feature", "geometry": {"type": "Point", "coordinates": [-0.3713413, 39.4859718]}, "properties": {"zona": 287, "descripcion": "FRAY PEDRO VIVES, Nº 32 (de Ministro Luis Mayans a Almazora)"}}, {"type": "Feature", "geometry": {"type": "Point", "coordinates": [-0.3691372, 39.4865558]}, "properties": {"zona": 288, "descripcion": "COFRENTES, Nº 6 (de Almazora a Alboraya)"}}, {"type": "Feature", "geometry": {"type": "Point", "coordinates": [-0.3728064, 39.486685]}, "properties": {"zona": 289, "descripcion": "FRAY PEDRO VIVES FRENTE, Nº 32 (de Almazora a Ministro Luis Mayans)"}}, {"type": "Feature", "geometry": {"type": "Point", "coordinates": [-0.3756348, 39.4738338]}, "properties": {"zona": 290, "descripcion": "BILBAO FRENTE Nº 22 (de Maximiliano Thous a Fray Pedro Vives)"}}, {"type": "Feature", "geometry": {"type": "Point", "coordinates": [-0.375146, 39.48677230000001]}, "properties": {"zona": 291, "descripcion": "SAGUNTO, Nº 103 (de Fray Pedro Vives a Maximiliano Thous)"}}, {"type": "Feature", "geometry": {"type": "Point", "coordinates": [-0.3760825034233846, 39.48680368191676]}, "properties": {"zona": 292, "descripcion": "PUEBLA DEL DUC, Nº 5 (de Actor Mora a Maximiliano Thous)"}}, {"type": "Feature", "geometry": {"type": "Point", "coordinates": [-0.3719852, 39.4844167]}, "properties": {"zona": 293, "descripcion": "ALMAZORA, Nº 37 (de Juan de la Cruz a Pintor Vilar)"}}, {"type": "Feature", "geometry": {"type": "Point", "coordinates": [-0.3780566, 39.4853015]}, "properties": {"zona": 294, "descripcion": "RUAYA. Nº 37 (de Constitución a Visitación)"}}, {"type": "Feature", "geometry": {"type": "Point", "coordinates": [-0.3772537, 39.485643]}, "properties": {"zona": 295, "descripcion": "RUAYA, Nº 44 (de Visitación a Constitución)"}}, {"type": "Feature", "geometry": {"type": "Point", "coordinates": [-0.376635, 39.48527259999999]}, "properties": {"zona": 296, "descripcion": "RUAYA, Nº 27 (de Visitación a Sagunto)"}}, {"type": "Feature", "geometry": {"type": "Point", "coordinates": [-0.3748194, 39.4854984]}, "properties": {"zona": 297, "descripcion": "RUAYA, Nº 12 (de Sagunto a Visitación)"}}, {"type": "Feature", "geometry": {"type": "Point", "coordinates": [-0.3801508, 39.4860041]}, "properties": {"zona": 298, "descripcion": "REUS nº 31 ( De F. Heredia a Dr. Oloriz)"}}, {"type": "Feature", "geometry": {"type": "Point", "coordinates": [-0.3728331, 39.4849542]}, "properties": {"zona": 299, "descripcion": "PLATERO SUAREZ, Nº 11 (de Milagrosa a Ministro Luis Mayans)"}}, {"type": "Feature", "geometry": {"type": "Point", "coordinates": [-0.3802036, 39.4905501]}, "properties": {"zona": 300, "descripcion": "AV. DR. PESET ALEIXANDRE, Nº 81 (de Luis Crumiere a Cº de Moncada)"}}, {"type": "Feature", "geometry": {"type": "Point", "coordinates": [-0.3792413, 39.4919394]}, "properties": {"zona": 301, "descripcion": "CAMINO DE MONCADA nº 63 (de Félix del Río a Dr. Peset Aleixandre)"}}, {"type": "Feature", "geometry": {"type": "Point", "coordinates": [-0.3776241, 39.4914722]}, "properties": {"zona": 302, "descripcion": "AV. DR. PESET ALEIXANDRE, Nº 44 (de Alcañiz a Cº de Moncada)"}}, {"type": "Feature", "geometry": {"type": "Point", "coordinates": [-0.3754292, 39.4898587]}, "properties": {"zona": 303, "descripcion": "AV. CONSTITUCIÓN nº 130 (de Just Ramírez a Cº. Moncada)"}}, {"type": "Feature", "geometry": {"type": "Point", "coordinates": [-0.3756678, 39.4918317]}, "properties": {"zona": 304, "descripcion": "AV. DR. PESET ALEIXANDRE, Nº 20 (de Conde de Torrefiel a Felipe Rinaldi)"}}, {"type": "Feature", "geometry": {"type": "Point", "coordinates": [-0.3851201, 39.4894589]}, "properties": {"zona": 305, "descripcion": "P.I. AV. DR. PESET ALEIXANDRE, Nº 121 (de Gral. Avilés a Dr. Peset Aleixandre)"}}, {"type": "Feature", "geometry": {"type": "Point", "coordinates": [-0.3838336, 39.4905877]}, "properties": {"zona": 306, "descripcion": "P.I. AV. DR. PESET ALEIXANDRE, Nº 104   (de Dr. Peset Aleixandre a Gral Avilés)"}}, {"type": "Feature", "geometry": {"type": "Point", "coordinates": [-0.3805119, 39.4949186]}, "properties": {"zona": 307, "descripcion": "Cº MONCADA, Nº 109 (de Rio Nervión a Pedro Cabanes)"}}, {"type": "Feature", "geometry": {"type": "Point", "coordinates": [-0.3728033, 39.4914753]}, "properties": {"zona": 308, "descripcion": "AV. PRIMADO REIG, Nº 17 (de San Juan Bosco a Constitución)"}}, {"type": "Feature", "geometry": {"type": "Point", "coordinates": [-0.3737145000000001, 39.4916544]}, "properties": {"zona": 309, "descripcion": "AV. PRIMADO REIG, Nº 2 (de Sagunto a Bilbao)"}}, {"type": "Feature", "geometry": {"type": "Point", "coordinates": [-0.3764583, 39.4913123]}, "properties": {"zona": 310, "descripcion": "P.I. AV. DR. PESET ALEIXANDRE, Nº 39 (de Dr. Peset a Primado Reig)"}}, {"type": "Feature", "geometry": {"type": "Point", "coordinates": [-0.3763263, 39.4914521]}, "properties": {"zona": 311, "descripcion": "AV. DR. PESET ALEIXANDRE, Nº 37 (de C/ Marie Curie (científica) a Av. de la Constitución)"}}, {"type": "Feature", "geometry": {"type": "Point", "coordinates": [-0.3723633, 39.4912059]}, "properties": {"zona": 312, "descripcion": "P.I. AV. PRIMADO REIG, Nº 21 (de Av. Primado Reig a Av. Dr. Peset Aleixandre)"}}, {"type": "Feature", "geometry": {"type": "Point", "coordinates": [-0.3811571, 39.4903292]}, "properties": {"zona": 314, "descripcion": "AV. DR. PESET ALEIXANDRE, Nº 93 (de Juan XXIII a Gayano Lluch)"}}, {"type": "Feature", "geometry": {"type": "Point", "coordinates": [-0.3768231, 39.4878989]}, "properties": {"zona": 315, "descripcion": "AV. CONSTITUCIÓN, Nº 84 (de Maximiliano Thous a Actor Mora)"}}, {"type": "Feature", "geometry": {"type": "Point", "coordinates": [-0.3672484, 39.4859089]}, "properties": {"zona": 316, "descripcion": "PINTOR GENARO LAHUERTA, Nº 45 (de Cofrentes a Molinell)"}}, {"type": "Feature", "geometry": {"type": "Point", "coordinates": [-0.3678955, 39.4862612]}, "properties": {"zona": 317, "descripcion": "COFRENTES, Nº 12 (de Alboraya a Pintor Genaro Lahuerta)"}}, {"type": "Feature", "geometry": {"type": "Point", "coordinates": [-0.3632345, 39.4861005]}, "properties": {"zona": 318, "descripcion": "DOLORES MARQUÉS, Nº 9 (de Albocácer a Dr. Vicente Zaragozá)"}}, {"type": "Feature", "geometry": {"type": "Point", "coordinates": [-0.3706425, 39.4835078]}, "properties": {"zona": 319, "descripcion": "ALBORAYA, Nº 33 (de Convento Carmelitas a Jaca)"}}, {"type": "Feature", "geometry": {"type": "Point", "coordinates": [-0.3668515, 39.4870246]}, "properties": {"zona": 320, "descripcion": "AV. PRIMADO REIG, Nº 83 (de Vinaroz a Villareal)"}}, {"type": "Feature", "geometry": {"type": "Point", "coordinates": [-0.3632771, 39.4866377]}, "properties": {"zona": 321, "descripcion": "DOLORES MARQUÉS, Nº 13 (de Jose Mª Pinazo a Albocácer)"}}, {"type": "Feature", "geometry": {"type": "Point", "coordinates": [-0.3648824, 39.4851503]}, "properties": {"zona": 322, "descripcion": "AV. PRIMADO REIG, Nº 66 (de Cofrentes a Cavanilles)"}}, {"type": "Feature", "geometry": {"type": "Point", "coordinates": [-0.3707323, 39.4823865]}, "properties": {"zona": 323, "descripcion": "ALBORAYA, Nº 23 (de Pintor Vilar a Convento Carmelitas)"}}, {"type": "Feature", "geometry": {"type": "Point", "coordinates": [-0.3756348, 39.4738338]}, "properties": {"zona": 324, "descripcion": "BILBAO, S/N esq. P. Reig (de Av. Primado Reig a Padre Urbano)"}}, {"type": "Feature", "geometry": {"type": "Point", "coordinates": [-0.3711541, 39.4812176]}, "properties": {"zona": 325, "descripcion": "ALBORAYA, Nº 13 (de Poeta Bodria a Pintor Vilar)"}}, {"type": "Feature", "geometry": {"type": "Point", "coordinates": [-0.3682949, 39.4867364]}, "properties": {"zona": 326, "descripcion": "ALBORAYA, Nº 67 (de Cofrentes a Av. Primado Reig)"}}, {"type": "Feature", "geometry": {"type": "Point", "coordinates": [-0.3685807, 39.48674880000001]}, "properties": {"zona": 327, "descripcion": "COFRENTES, Nº 5 (de Alboraya a Almazora)"}}, {"type": "Feature", "geometry": {"type": "Point", "coordinates": [-0.3626853, 39.4873051]}, "properties": {"zona": 328, "descripcion": "DOLORES MARQUÉS, Nº 19 (de Torreta de Miramar a José María Pinazo)"}}, {"type": "Feature", "geometry": {"type": "Point", "coordinates": [-0.3732309, 39.4917724]}, "properties": {"zona": 329, "descripcion": "DR.VICENTE ZARAGOZÁ FRENTE Nº 5, de Primado Reig a  Cavanilles"}}, {"type": "Feature", "geometry": {"type": "Point", "coordinates": [-0.363467, 39.4849629]}, "properties": {"zona": 330, "descripcion": "DR. VICENTE ZARAGOZÁ, Nº 8 (de Dolores Marqués a Poeta Emilio Baró)"}}, {"type": "Feature", "geometry": {"type": "Point", "coordinates": [-0.3640379, 39.4854614]}, "properties": {"zona": 331, "descripcion": "DR. VICENTE ZARAGOZÁ, Nº 9 (de Dolores Marqués a Av. Primado Reig)"}}, {"type": "Feature", "geometry": {"type": "Point", "coordinates": [-0.3668876, 39.4859956]}, "properties": {"zona": 332, "descripcion": "COFRENTES, Nº 18 (de Pintor Genaro Lahuerta a Av. Primado Reig)"}}, {"type": "Feature", "geometry": {"type": "Point", "coordinates": [-0.3662662, 39.4857452]}, "properties": {"zona": 333, "descripcion": "COFRENTES, Nº 24 (de Av. Primado Reig a Pintor Genaro Lahuerta)"}}, {"type": "Feature", "geometry": {"type": "Point", "coordinates": [-0.3675717, 39.4865295]}, "properties": {"zona": 334, "descripcion": "COFRENTES, Nº 13 (de Pintor Genaro Lahuerta a Alboraya)"}}, {"type": "Feature", "geometry": {"type": "Point", "coordinates": [-0.3669945000000001, 39.4865802]}, "properties": {"zona": 335, "descripcion": "PINTOR GENARO LAHUERTA, Nº 47 (de Av. Primado Reig a Cofrentes)"}}, {"type": "Feature", "geometry": {"type": "Point", "coordinates": [-0.3689315, 39.4854511]}, "properties": {"zona": 336, "descripcion": "ALBORAYA, Nº 53 (de Molinell a Cofrentes)"}}, {"type": "Feature", "geometry": {"type": "Point", "coordinates": [-0.3643814, 39.4858616]}, "properties": {"zona": 337, "descripcion": "BENICARLÓ, Nº 40 (de Poeta Altet a Dolores Marqués)"}}, {"type": "Feature", "geometry": {"type": "Point", "coordinates": [-0.3635315, 39.4849208]}, "properties": {"zona": 338, "descripcion": "CAVANILLES, Nº 40 (de Dr. Vicente Zaragozá a Av. Primado Reig)"}}, {"type": "Feature", "geometry": {"type": "Point", "coordinates": [-0.3674056, 39.4869862]}, "properties": {"zona": 339, "descripcion": "AV. PRIMADO REIG, Nº 50 (de Alboraya a Pintor Genaro Lahuerta)"}}, {"type": "Feature", "geometry": {"type": "Point", "coordinates": [-0.3709184, 39.4895509]}, "properties": {"zona": 340, "descripcion": "AV. PRIMADO REIG, Nº 18 (de Bilbao a Ministro Luis Mayans)"}}, {"type": "Feature", "geometry": {"type": "Point", "coordinates": [-0.369213, 39.4888994]}, "properties": {"zona": 341, "descripcion": "AV. PRIMADO REIG, Nº 57 (de Av. Alfahuir a Motilla del Palancar)"}}, {"type": "Feature", "geometry": {"type": "Point", "coordinates": [-0.3703013, 39.4896067]}, "properties": {"zona": 342, "descripcion": "AV. PRIMADO REIG, Nº 47 (de Motilla del Palancar a San Vicente de Paul)"}}, {"type": "Feature", "geometry": {"type": "Point", "coordinates": [-0.3634715, 39.48397509999999]}, "properties": {"zona": 343, "descripcion": "AV. PRIMADO REIG, Nº 70 (de Botánico Cavanilles a Jaume Roig)"}}, {"type": "Feature", "geometry": {"type": "Point", "coordinates": [-0.3650494, 39.484873]}, "properties": {"zona": 344, "descripcion": "MOLINELL, Nº 41 (de Av. Primado Reig a Calderon de la Barca)"}}, {"type": "Feature", "geometry": {"type": "Point", "coordinates": [-0.3685988, 39.4847802]}, "properties": {"zona": 345, "descripcion": "MOLINELL, Nº 12 (de Alboraya a Pintor Genaro Lahuerta)"}}, {"type": "Feature", "geometry": {"type": "Point", "coordinates": [-0.3633646367531283, 39.49116531729966]}, "properties": {"zona": 346, "descripcion": "AV. ALFAHUIR Nº 2 (De Primado Reig a Benicarló)"}}, {"type": "Feature", "geometry": {"type": "Point", "coordinates": [-0.369845, 39.4815849]}, "properties": {"zona": 347, "descripcion": "HUMANISTA FADRIQUE FURIÓ s/nº (De Emilio Baró a Dolores Marqués)"}}, {"type": "Feature", "geometry": {"type": "Point", "coordinates": [-0.36655, 39.4785099]}, "properties": {"zona": 348, "descripcion": "GRAL. ELIO, Nº 6 (de Blasco Ibañez a Llano del Real)"}}, {"type": "Feature", "geometry": {"type": "Point", "coordinates": [-0.3656029, 39.4805595]}, "properties": {"zona": 349, "descripcion": "CAVANILLES, Nº 6 (de Juan Martorell a Av. Blasco Ibáñez)"}}, {"type": "Feature", "geometry": {"type": "Point", "coordinates": [-0.3510932, 39.4748604]}, "properties": {"zona": 350, "descripcion": "AV. BLASCO IBÁÑEZ, S/N (de Dr. Gomez Ferrer a Jaume Roig)"}}, {"type": "Feature", "geometry": {"type": "Point", "coordinates": [-0.363236, 39.477991]}, "properties": {"zona": 351, "descripcion": "AV. BLASCO IBÁÑEZ, Nº 16 (de Severo Ochoa a Dr. Molinell)"}}, {"type": "Feature", "geometry": {"type": "Point", "coordinates": [-0.3628929, 39.4758602]}, "properties": {"zona": 352, "descripcion": "DR. MOLINER, Nº 2 (de Micer Mascó a Artes Gráficas)"}}, {"type": "Feature", "geometry": {"type": "Point", "coordinates": [-0.3651461, 39.4753155]}, "properties": {"zona": 353, "descripcion": "Pº ALAMEDA, Nº 9 (de Palacio Valdés a Micer Mascó)"}}, {"type": "Feature", "geometry": {"type": "Point", "coordinates": [-0.3634422, 39.4754396]}, "properties": {"zona": 354, "descripcion": "MICER MASCÓ, Nº 20 (de Dr. Moliner a Servero Ochoa)"}}, {"type": "Feature", "geometry": {"type": "Point", "coordinates": [-0.3638056, 39.4744675]}, "properties": {"zona": 355, "descripcion": "ARMANDO PALACIO VALDÉS, Nº 7 (de Amadeo de Saboya a Micer Mascó)"}}, {"type": "Feature", "geometry": {"type": "Point", "coordinates": [-0.365326, 39.4756056]}, "properties": {"zona": 356, "descripcion": "Pº ALAMEDA, Nº 6 (de Pte. De la Exposición a Llano del Real)"}}, {"type": "Feature", "geometry": {"type": "Point", "coordinates": [-0.3643824, 39.4850775]}, "properties": {"zona": 357, "descripcion": "AV. PRIMADO REIG FRENTE, Nº 179 (de Gómez Ferrer a Gascó Oliag)"}}, {"type": "Feature", "geometry": {"type": "Point", "coordinates": [-0.3586867, 39.4776483]}, "properties": {"zona": 358, "descripcion": "AV. BLASCO IBÁÑEZ, Nº 23 (de Gascó Oliag a Dr. Gómez Ferrer)"}}, {"type": "Feature", "geometry": {"type": "Point", "coordinates": [-0.3578827, 39.4763102]}, "properties": {"zona": 359, "descripcion": "AV. BLASCO IBÁÑEZ, Nº 48 (de Av. Suecia a Av. Aragón)"}}, {"type": "Feature", "geometry": {"type": "Point", "coordinates": [-0.3795718, 39.4715952]}, "properties": {"zona": 360, "descripcion": "SAN PÍO V, S/N (de Llano del Real a Alboraya)"}}, {"type": "Feature", "geometry": {"type": "Point", "coordinates": [-0.3555297, 39.4781773]}, "properties": {"zona": 361, "descripcion": "AV. CATALUÑA, Nº 5 (de Av. Primado Reig a Av. Blasco Ibáñez)"}}, {"type": "Feature", "geometry": {"type": "Point", "coordinates": [-0.356424, 39.4788012]}, "properties": {"zona": 362, "descripcion": "AV. PRIMADO REIG, Nº 116 (de Gascó Oliag a Av. Cataluña)"}}, {"type": "Feature", "geometry": {"type": "Point", "coordinates": [-0.3545447, 39.4771172]}, "properties": {"zona": 363, "descripcion": "AV. CATALUÑA, Nº 4 (de Av. Blasco Ibáñez a Gorgos)"}}, {"type": "Feature", "geometry": {"type": "Point", "coordinates": [-0.3581179, 39.4806004]}, "properties": {"zona": 364, "descripcion": "AV. PRIMADO REIG, Nº 179 (de Vicente Barrera Cambra a Cº de Vera)"}}, {"type": "Feature", "geometry": {"type": "Point", "coordinates": [-0.3613870388776699, 39.479828706218186]}, "properties": {"zona": 365, "descripcion": "AV. DR. GOMEZ FERRER, Nº 3 (de Menéndez y Pelayo a Alvaro de Bazán)"}}, {"type": "Feature", "geometry": {"type": "Point", "coordinates": [-0.3578599, 39.4722047]}, "properties": {"zona": 366, "descripcion": "AV. ARAGÓN, S/N (de Artes Gráficas a Juan Regla)"}}, {"type": "Feature", "geometry": {"type": "Point", "coordinates": [-0.3563635000000001, 39.4732061]}, "properties": {"zona": 367, "descripcion": "AV. ARAGÓN, Nº 36 (de Ernesto Ferrer a Av. Blasco Ibáñez)"}}, {"type": "Feature", "geometry": {"type": "Point", "coordinates": [-0.3571543, 39.4787229]}, "properties": {"zona": 368, "descripcion": "GASCÓ OLIAG, Nº 10 (de Menéndez y Pelayo a Av. Primado Reig)"}}, {"type": "Feature", "geometry": {"type": "Point", "coordinates": [-0.3591666, 39.4748798]}, "properties": {"zona": 369, "descripcion": "AV. SUECIA, FRENTE Nº 29 (de Artes Gráficas a Av. Blasco Ibáñez)"}}, {"type": "Feature", "geometry": {"type": "Point", "coordinates": [-0.3587664, 39.47651889999999]}, "properties": {"zona": 370, "descripcion": "AV. SUECIA, Nº 35 (de Av. Blasco Ibáñez a Artes Gráficas)"}}, {"type": "Feature", "geometry": {"type": "Point", "coordinates": [-0.3594995, 39.4759801]}, "properties": {"zona": 371, "descripcion": "ARTES GRÁFICAS, Nº 23 (de Rodriguez Fornós a Av. Suecia)"}}, {"type": "Feature", "geometry": {"type": "Point", "coordinates": [-0.3584919, 39.4643774]}, "properties": {"zona": 372, "descripcion": "Pº ALAMEDA, FRENTE Nº 11 (de Llano del Real a Pte. Exposición)"}}, {"type": "Feature", "geometry": {"type": "Point", "coordinates": [-0.3516086, 39.4810958]}, "properties": {"zona": 373, "descripcion": "AV. CATALUÑA, S/N (de Guardia Civil a Av. Primado Reig)"}}, {"type": "Feature", "geometry": {"type": "Point", "coordinates": [-0.3668442, 39.4777204]}, "properties": {"zona": 374, "descripcion": "GRAL. ELIO, Nº 2 (de Llano del Real a Av. Blasco Ibáñez)"}}, {"type": "Feature", "geometry": {"type": "Point", "coordinates": [-0.3658386, 39.4732012]}, "properties": {"zona": 375, "descripcion": "PTE. DE LA EXPOSICIÓN (de Pº Ciudadela a Alameda)"}}, {"type": "Feature", "geometry": {"type": "Point", "coordinates": [-0.3543095, 39.4753745]}, "properties": {"zona": 376, "descripcion": "AV. BLASCO IBÁÑEZ, Nº 64 (de Bélgica a Av. Cardenal Benlloch)"}}, {"type": "Feature", "geometry": {"type": "Point", "coordinates": [-0.3609274, 39.4701117]}, "properties": {"zona": 377, "descripcion": "ALAMEDA, Nº 29 - Lateral (de Pl. Zaragoza a Serrano Flores)"}}, {"type": "Feature", "geometry": {"type": "Point", "coordinates": [-0.3609274, 39.4701117]}, "properties": {"zona": 378, "descripcion": "Pº ALAMEDA, Nº 29 (de Pl. Zaragoza a Pte. De las Flores)"}}, {"type": "Feature", "geometry": {"type": "Point", "coordinates": [-0.3591036, 39.4690569]}, "properties": {"zona": 379, "descripcion": "AV. ARAGÓN, Nº 8 (de Pl. Zaragoza a Sancho Tello)"}}, {"type": "Feature", "geometry": {"type": "Point", "coordinates": [-0.3558388, 39.4688448]}, "properties": {"zona": 380, "descripcion": "AV. CARDENAL BENLLOCH, Nº 33 (de Dr. Ferran a Av. del Puerto)"}}, {"type": "Feature", "geometry": {"type": "Point", "coordinates": [-0.3551406, 39.4694179]}, "properties": {"zona": 381, "descripcion": "AV. CARDENAL BENLLOCH, Nº 46 (de Rodríguez de Cepeda a Puebla de Farnals)"}}, {"type": "Feature", "geometry": {"type": "Point", "coordinates": [-0.3541521, 39.4725234]}, "properties": {"zona": 382, "descripcion": "AV. CARDENAL BENLLOCH, Nº 75 (de Caravaca a Ernesto Ferrer)"}}, {"type": "Feature", "geometry": {"type": "Point", "coordinates": [-0.3576227, 39.4644379]}, "properties": {"zona": 385, "descripcion": "AV. EDUARDO BOSCÁ, Nº 31 (de Baleares a Asturias)"}}, {"type": "Feature", "geometry": {"type": "Point", "coordinates": [-0.3565434, 39.4666583]}, "properties": {"zona": 386, "descripcion": "AV. EDUARDO BOSCÁ, Nº 1 (de I.Canarias a Av. del Puerto)"}}, {"type": "Feature", "geometry": {"type": "Point", "coordinates": [-0.3532688, 39.4729934]}, "properties": {"zona": 387, "descripcion": "AV. CARDENAL BENLLOCH, Nº 84 (de Campoamor a Vicente Pallarés)"}}, {"type": "Feature", "geometry": {"type": "Point", "coordinates": [-0.3588446, 39.4710907]}, "properties": {"zona": 388, "descripcion": "AV. ARAGÓN, Nº 13 (de Finlandia a Alameda)"}}, {"type": "Feature", "geometry": {"type": "Point", "coordinates": [-0.3602519, 39.472833]}, "properties": {"zona": 389, "descripcion": "FINLANDIA, Nº 1 (de Gil Dolz a Serrano Flores)"}}, {"type": "Feature", "geometry": {"type": "Point", "coordinates": [-0.3538938, 39.4751699]}, "properties": {"zona": 390, "descripcion": "AV. BLASCO IBÁÑEZ, Nº 66 (de Polo y Peyrolon a Av. Cardenal Benlloch)"}}, {"type": "Feature", "geometry": {"type": "Point", "coordinates": [-0.3584919, 39.4643774]}, "properties": {"zona": 391, "descripcion": "Pº ALAMEDA (lateral), Nº 21 (de General Gil Dolz a Armando Palacio Valdés)"}}, {"type": "Feature", "geometry": {"type": "Point", "coordinates": [-0.3626374, 39.473011]}, "properties": {"zona": 392, "descripcion": "Pº ALAMEDA, Nº 21 (de General Gil Dolz a Armando Palacio Valdés)"}}, {"type": "Feature", "geometry": {"type": "Point", "coordinates": [-0.3595739, 39.4674895]}, "properties": {"zona": 393, "descripcion": "Pº ALAMEDA, Nº 32 (de Pte Ángel Custodio a Pl. Zaragoza)"}}, {"type": "Feature", "geometry": {"type": "Point", "coordinates": [-0.3584919, 39.4643774]}, "properties": {"zona": 394, "descripcion": "Pº ALAMEDA, Nº36 (de Pl. Zaragoza a Pte. Ángel Custodio)"}}, {"type": "Feature", "geometry": {"type": "Point", "coordinates": [-0.3570349, 39.4719995]}, "properties": {"zona": 395, "descripcion": "AV. ARAGÓN, Nº 30 (de Eolo a Ernesto Ferrer)"}}, {"type": "Feature", "geometry": {"type": "Point", "coordinates": [-0.3584919, 39.4643774]}, "properties": {"zona": 396, "descripcion": "Pº ALAMEDA, FRENTE Nº 18 (de Pte. Exposición a Pl. Galicia)"}}, {"type": "Feature", "geometry": {"type": "Point", "coordinates": [-0.3537827, 39.4720938]}, "properties": {"zona": 397, "descripcion": "AV. CARDENAL BENLLOCH, Nº 76 (de Yecla a Campoamor)"}}, {"type": "Feature", "geometry": {"type": "Point", "coordinates": [-0.3576685, 39.4651626]}, "properties": {"zona": 398, "descripcion": "EDUARDO BOSCÁ, Nº 28 (de Islas Canarias a Alameda)"}}, {"type": "Feature", "geometry": {"type": "Point", "coordinates": [-0.3534894, 39.4738368]}, "properties": {"zona": 399, "descripcion": "AV. CARDENAL BENLLOCH, Nº 95 (de Ciudad de Mula a Caravaca)"}}, {"type": "Feature", "geometry": {"type": "Point", "coordinates": [-0.3552495, 39.4701865]}, "properties": {"zona": 400, "descripcion": "AV. CARDENAL BENLLOCH, Nº 49 (de Eolo a Sancho Tello)"}}, {"type": "Feature", "geometry": {"type": "Point", "coordinates": [-0.3499876, 39.4781169]}, "properties": {"zona": 401, "descripcion": "ALBALAT DELS TARONGERS, Nº 10 (de Vinalopó a Pl. Vicente Gaos)"}}, {"type": "Feature", "geometry": {"type": "Point", "coordinates": [-0.3552303000000001, 39.4719375]}, "properties": {"zona": 402, "descripcion": "ERNESTO FERRER, Nº 13 (de Av. Cardenal Benlloch a Polo y Peyrolón)"}}, {"type": "Feature", "geometry": {"type": "Point", "coordinates": [-0.3418744, 39.464368]}, "properties": {"zona": 403, "descripcion": "MAESTRO VALLS, Nº 16 (de Juan Bautista Perales a Av. del Puerto)"}}, {"type": "Feature", "geometry": {"type": "Point", "coordinates": [-0.3430658, 39.4654395]}, "properties": {"zona": 404, "descripcion": "INDUSTRIA, Nº 23 (de Mariano Albesa a Jerónimo Monsoriu)"}}, {"type": "Feature", "geometry": {"type": "Point", "coordinates": [-0.3435855, 39.4655403]}, "properties": {"zona": 405, "descripcion": "MARINO ALBESA, Nº 47 (de Industria a Conserva)"}}, {"type": "Feature", "geometry": {"type": "Point", "coordinates": [-0.3442892, 39.4656011]}, "properties": {"zona": 406, "descripcion": "CONSERVA, Nº 20 (de Marino Albesa a Av. del Puerto)"}}, {"type": "Feature", "geometry": {"type": "Point", "coordinates": [-0.4001181, 39.4815729]}, "properties": {"zona": 407, "descripcion": "MAESTRO RODRIGO, Nº 32 (de Vall de la Ballestera a Gral. Avilés)"}}, {"type": "Feature", "geometry": {"type": "Point", "coordinates": [-0.3998259, 39.4845544]}, "properties": {"zona": 408, "descripcion": "GRAL. AVILÉS, Nº 58 (de Sta. María a Maestro Rodrigo)"}}, {"type": "Feature", "geometry": {"type": "Point", "coordinates": [-0.3971224, 39.4856239]}, "properties": {"zona": 409, "descripcion": "GRAL. AVILÉS, Nº 42 (de Av. Pío XII a Aparicio Albiñana)"}}, {"type": "Feature", "geometry": {"type": "Point", "coordinates": [-0.3936329, 39.4825108]}, "properties": {"zona": 410, "descripcion": "AV. PÍO XII LATERAL, Nº 54 (de Monestir de Poblet a Gral. Avilés)"}}, {"type": "Feature", "geometry": {"type": "Point", "coordinates": [-0.3979254, 39.4849426]}, "properties": {"zona": 411, "descripcion": "GRAL. AVILÉS, S/N (de Luis Buñuel a Maestro Rodrigo)"}}, {"type": "Feature", "geometry": {"type": "Point", "coordinates": [-0.4048712, 39.4822997]}, "properties": {"zona": 412, "descripcion": "GRAL. AVILÉS, Nº 90 (de Maestro Rodrigo a Pío Baroja)"}}, {"type": "Feature", "geometry": {"type": "Point", "coordinates": [-0.4063719, 39.4777796]}, "properties": {"zona": 413, "descripcion": "PÍO BAROJA, S/N (de General Aviles a Vall de la Ballestera)"}}, {"type": "Feature", "geometry": {"type": "Point", "coordinates": [-0.3432892, 39.4706988]}, "properties": {"zona": 414, "descripcion": "MÚSICO GINÉS, Nº 21 (de Explorador Andrés a Poeta Mas y Ros)"}}, {"type": "Feature", "geometry": {"type": "Point", "coordinates": [-0.3443184, 39.47210520000001]}, "properties": {"zona": 415, "descripcion": "AV. BLASCO IBÁÑEZ, Nº 148 (de Impresor Lamber a Músico Ginés)"}}, {"type": "Feature", "geometry": {"type": "Point", "coordinates": [-0.3423019, 39.4728324]}, "properties": {"zona": 416, "descripcion": "AV. BLASCO IBÁÑEZ, Nº 135 (de Músico Gines a Ramón Llul)"}}, {"type": "Feature", "geometry": {"type": "Point", "coordinates": [-0.3422426, 39.4708816]}, "properties": {"zona": 417, "descripcion": "MÚSICO GINES, Nº 22 (de L´Alger a Av. Blasco Ibáñez)"}}, {"type": "Feature", "geometry": {"type": "Point", "coordinates": [-0.3433694, 39.4691459]}, "properties": {"zona": 418, "descripcion": "MÚSICO GINES, Nº 6 (de Poeta Más y Ros a Campoamor)"}}, {"type": "Feature", "geometry": {"type": "Point", "coordinates": [-0.3460146, 39.47394790000001]}, "properties": {"zona": 419, "descripcion": "AV. BLASCO IBÁÑEZ, Nº 97 (de Músico Gines a Ramón Llul)"}}, {"type": "Feature", "geometry": {"type": "Point", "coordinates": [-0.3361744, 39.470063]}, "properties": {"zona": 420, "descripcion": "AV. BLASCO IBÁÑEZ, Nº 194 (de José María de Haro a Marino Blas de Lezo)"}}, {"type": "Feature", "geometry": {"type": "Point", "coordinates": [-0.3415423, 39.4676311]}, "properties": {"zona": 421, "descripcion": "SANTOS JUSTO Y PASTOR, Nº 118 (de Industria a Maestro Valls)"}}, {"type": "Feature", "geometry": {"type": "Point", "coordinates": [-0.3420519, 39.4681438]}, "properties": {"zona": 422, "descripcion": "SANTOS JUSTO Y PASTOR, Nº 111 (de Industria a Músico Gines)"}}, {"type": "Feature", "geometry": {"type": "Point", "coordinates": [-0.3365225, 39.4711196]}, "properties": {"zona": 423, "descripcion": "AV. BLASCO IBÁÑEZ, Nº 175 (de José Ballester a José María de Haro)"}}, {"type": "Feature", "geometry": {"type": "Point", "coordinates": [-0.3381953, 39.4663]}, "properties": {"zona": 424, "descripcion": "SANTOS JUSTO Y PASTOR, Nº 144 (de Maderas a José María de Haro)"}}, {"type": "Feature", "geometry": {"type": "Point", "coordinates": [-0.3391491, 39.4668237]}, "properties": {"zona": 425, "descripcion": "SANTOS JUSTO Y PASTOR, Nº 138 (de José Aguilar a Maderas)"}}, {"type": "Feature", "geometry": {"type": "Point", "coordinates": [-0.3400231, 39.4674974]}, "properties": {"zona": 426, "descripcion": "SANTOS JUSTO Y PASTOR, Nº 139 (de José Mª Haro a Industria)"}}, {"type": "Feature", "geometry": {"type": "Point", "coordinates": [-0.3390968, 39.4681452]}, "properties": {"zona": 427, "descripcion": "JOSÉ MARÍA DE HARO, Nº 9 (de P. Ferrer Calatayud a Pedro Valencia)"}}, {"type": "Feature", "geometry": {"type": "Point", "coordinates": [-0.3389632, 39.4684357]}, "properties": {"zona": 428, "descripcion": "JOSÉ MARÍA DE HARO, Nº 13 (de Campoamor a Poeta Mas y Ros)"}}, {"type": "Feature", "geometry": {"type": "Point", "coordinates": [-0.3379928, 39.470476]}, "properties": {"zona": 429, "descripcion": "JOSÉ MARÍA DE HARO, Nº 37 (de Av. Blasco Ibañez a L'alguer)"}}, {"type": "Feature", "geometry": {"type": "Point", "coordinates": [-0.3375502, 39.47089280000001]}, "properties": {"zona": 430, "descripcion": "JOSÉ MARÍA DE HARO, Nº 12 (de Pedro de Valencia a Av. Blasco Ibáñez)"}}, {"type": "Feature", "geometry": {"type": "Point", "coordinates": [-0.3900650000000001, 39.479315]}, "properties": {"zona": 431, "descripcion": "L'ALGUER, Nº13 (de Crevillente a Ing. R. Janini)"}}, {"type": "Feature", "geometry": {"type": "Point", "coordinates": [-0.3405024, 39.4647374]}, "properties": {"zona": 432, "descripcion": "JOSÉ AGUILAR, Nº53 (de Jerónimo Monsoriu a Santo Justo y Pastor)"}}, {"type": "Feature", "geometry": {"type": "Point", "coordinates": [-0.388513, 39.4589494]}, "properties": {"zona": 433, "descripcion": "GASPAR AGUILAR, Nº 5 (de Jerónimo Muñoz a Compromiso de Calpe)"}}, {"type": "Feature", "geometry": {"type": "Point", "coordinates": [-0.3916946, 39.4544367]}, "properties": {"zona": 434, "descripcion": "GASPAR AGUILAR, FRENTE Nº 99 (de San Lázaro a Pedro Andreu)"}}, {"type": "Feature", "geometry": {"type": "Point", "coordinates": [-0.393569, 39.4513813]}, "properties": {"zona": 435, "descripcion": "GASPAR AGUILAR, Nº 113 (de Pedro Andreu a Músico Penella)"}}, {"type": "Feature", "geometry": {"type": "Point", "coordinates": [-0.3853132, 39.4497843]}, "properties": {"zona": 436, "descripcion": "SAN VICENTE MARTIR, Nº 318 (de Mossen Febrer a 1º de mayo)"}}, {"type": "Feature", "geometry": {"type": "Point", "coordinates": [-0.3809303, 39.4651916]}, "properties": {"zona": 437, "descripcion": "SAN VICENTE MARTIR FTE. Nº 296 (de Fernández Mesa a Joaquín Navarro)"}}, {"type": "Feature", "geometry": {"type": "Point", "coordinates": [-0.3844575, 39.4541575]}, "properties": {"zona": 438, "descripcion": "SAN VICENTE MARTIR, Nº 256 (de Almudaina a Amparo Iturbi)"}}, {"type": "Feature", "geometry": {"type": "Point", "coordinates": [-0.3910855, 39.4550706]}, "properties": {"zona": 439, "descripcion": "GASPAR AGUILAR, Nº 63 (de Santander a Agustina de Aragón)"}}, {"type": "Feature", "geometry": {"type": "Point", "coordinates": [-0.3916946, 39.4544367]}, "properties": {"zona": 440, "descripcion": "GASPAR AGUILAR, FTE. Nº 63 (de Vicente Parra a Montesa)"}}, {"type": "Feature", "geometry": {"type": "Point", "coordinates": [-0.3883275, 39.4567303]}, "properties": {"zona": 441, "descripcion": "JAIME BELTRÁN, Nº 20 (de Micer Rabasa a Gaspar Aguilar)"}}, {"type": "Feature", "geometry": {"type": "Point", "coordinates": [-0.3877682, 39.45666749999999]}, "properties": {"zona": 442, "descripcion": "JAIME BELTRÁN, Nº 13 (de Juan de Aguilló a Uruguay)"}}, {"type": "Feature", "geometry": {"type": "Point", "coordinates": [-0.3471766, 39.47609629999999]}, "properties": {"zona": 443, "descripcion": "RAMÓN LLULL, Nº 19 (de Serpis a Dr.García Donato)"}}, {"type": "Feature", "geometry": {"type": "Point", "coordinates": [-0.3468901, 39.4753372]}, "properties": {"zona": 444, "descripcion": "SERPIS, Nº 30 (de Ramón Llull a Cº Cabañal)"}}, {"type": "Feature", "geometry": {"type": "Point", "coordinates": [-0.3475013, 39.4755298]}, "properties": {"zona": 445, "descripcion": "RAMÓN LLULL, Nº 7 (de Serpis a Leandro de Saralegui)"}}, {"type": "Feature", "geometry": {"type": "Point", "coordinates": [-0.3470785, 39.4763611]}, "properties": {"zona": 446, "descripcion": "RAMÓN LLULL, Nº 21 (de Dr. García Donato a Serpis)"}}, {"type": "Feature", "geometry": {"type": "Point", "coordinates": [-0.3479656, 39.4760972]}, "properties": {"zona": 447, "descripcion": "SERPIS, Nº 17 (de Ramón Llull a Poeta Artola)"}}, {"type": "Feature", "geometry": {"type": "Point", "coordinates": [-0.3477052, 39.474804]}, "properties": {"zona": 448, "descripcion": "RAMÓN LLULL, Nº 3 (de Leandro de Saralegui a Blasco Ibañez)"}}, {"type": "Feature", "geometry": {"type": "Point", "coordinates": [-0.347319, 39.4754147]}, "properties": {"zona": 449, "descripcion": "RAMÓN LLULL, Nº 2 (de Av. Blasco Ibáñez a Escultor Alonso Gabino)"}}, {"type": "Feature", "geometry": {"type": "Point", "coordinates": [-0.3471402, 39.4750279]}, "properties": {"zona": 450, "descripcion": "RAMÓN LLULL, Nº 6 (de Escultor Alfonso Gabino a Serpis)"}}, {"type": "Feature", "geometry": {"type": "Point", "coordinates": [-0.3467547, 39.4747319]}, "properties": {"zona": 451, "descripcion": "ESCULTOR ALFONSO GABINO, Nº 11 (de Pl. Honduras a Ramón Llull)"}}, {"type": "Feature", "geometry": {"type": "Point", "coordinates": [-0.3484533, 39.4730836]}, "properties": {"zona": 452, "descripcion": "DR. MANUEL CANDELA, Nº 79 (de Yecla a Explorador Andrés)"}}, {"type": "Feature", "geometry": {"type": "Point", "coordinates": [-0.3487615, 39.4722525]}, "properties": {"zona": 453, "descripcion": "DR. MANUEL CANDELA, Nº 69 (de Explorador Andrés a Campoamor)"}}, {"type": "Feature", "geometry": {"type": "Point", "coordinates": [-0.3480118, 39.4727335]}, "properties": {"zona": 454, "descripcion": "DR. MANUEL CANDELA, Nº 72 (de Explorador Andrés a Av. Blasco Ibáñez)"}}, {"type": "Feature", "geometry": {"type": "Point", "coordinates": [-0.3475157, 39.4722312]}, "properties": {"zona": 455, "descripcion": "EXPLORADOR ANDRÉS, Nº 6 (de Pl. de Cedro a Dr. Manuel Candela)"}}, {"type": "Feature", "geometry": {"type": "Point", "coordinates": [-0.3487452, 39.4710965]}, "properties": {"zona": 456, "descripcion": "DR. MANUEL CANDELA, Nº 60 (de Campoamor a Poeta Mas y Ros)"}}, {"type": "Feature", "geometry": {"type": "Point", "coordinates": [-0.3483864, 39.4719141]}, "properties": {"zona": 457, "descripcion": "DR. MANUEL CANDELA, Nº 64 (de Campoamor a Explorador Andrés)"}}, {"type": "Feature", "geometry": {"type": "Point", "coordinates": [-0.3481557, 39.471529]}, "properties": {"zona": 458, "descripcion": "CAMPOAMOR, Nº 37 (de Pl. del Cedro a Dr. Manuel Candela)"}}, {"type": "Feature", "geometry": {"type": "Point", "coordinates": [-0.3483579, 39.471207]}, "properties": {"zona": 459, "descripcion": "CAMPOAMOR, Nº 40 (de Dr. Manuel Candela a Pl. del Cedro)"}}, {"type": "Feature", "geometry": {"type": "Point", "coordinates": [-0.3495273, 39.4705182]}, "properties": {"zona": 460, "descripcion": "DR. MANUEL CANDELA, Nº 53 (de Poeta Mas y Ros a Santos Justo y Pastor)"}}, {"type": "Feature", "geometry": {"type": "Point", "coordinates": [-0.3452781, 39.4695576]}, "properties": {"zona": 461, "descripcion": "POETA MAS Y ROS, Nº20 (de R. Reyes a Dr. Manuel Candela)"}}, {"type": "Feature", "geometry": {"type": "Point", "coordinates": [-0.3488664, 39.4708576]}, "properties": {"zona": 462, "descripcion": "DR. MANUEL CANDELA, Nº 56 (de Poeta Mas y Ros a Campoamor)"}}, {"type": "Feature", "geometry": {"type": "Point", "coordinates": [-0.3486942, 39.4704198]}, "properties": {"zona": 463, "descripcion": "POETA MAS Y ROS, Nº 30 (de Dr. Manuel Candela a Los Leones)"}}, {"type": "Feature", "geometry": {"type": "Point", "coordinates": [-0.3490882, 39.4701413]}, "properties": {"zona": 464, "descripcion": "DR. MANUEL CANDELA, Nº 52 (de Santos Justo y Pastor a Poeta Mas y Ros)"}}, {"type": "Feature", "geometry": {"type": "Point", "coordinates": [-0.3489019, 39.4697123]}, "properties": {"zona": 465, "descripcion": "SANTOS JUSTO Y PASTOR, Nº 58 (de Dr. Manuel Candela a Duque de Gaeta)"}}, {"type": "Feature", "geometry": {"type": "Point", "coordinates": [-0.3499129, 39.47035]}, "properties": {"zona": 466, "descripcion": "SANTOS JUSTO Y PASTOR, Nº 27 (de Manuel Candela a Rafael Reyes i Torrent)"}}, {"type": "Feature", "geometry": {"type": "Point", "coordinates": [-0.3501207, 39.4697683]}, "properties": {"zona": 467, "descripcion": "DR. MANUEL CANDELA, Nº 41 (de Santos Justo y Pastor a Puebla de Farnals)"}}, {"type": "Feature", "geometry": {"type": "Point", "coordinates": [-0.350141, 39.4688275]}, "properties": {"zona": 468, "descripcion": "DR. MANUEL CANDELA, Nº 37 (de Pobla de Farnals a Rodríguez de Cepeda)"}}, {"type": "Feature", "geometry": {"type": "Point", "coordinates": [-0.3494684, 39.4692947]}, "properties": {"zona": 469, "descripcion": "DR. MANUEL CANDELA, Nº 44 (de Puebla de Farnals a Santos Justo y Pastor)"}}, {"type": "Feature", "geometry": {"type": "Point", "coordinates": [-0.3503744, 39.4742396]}, "properties": {"zona": 470, "descripcion": "AV. BLASCO IBÁÑEZ, Nº 94 (de República Argentina a Dr. Manuel Candela)"}}, {"type": "Feature", "geometry": {"type": "Point", "coordinates": [-0.3501689, 39.4751395]}, "properties": {"zona": 471, "descripcion": "AV. BLASCO IBÁÑEZ, Nº 59 (de Poeta Artola a Av. Cardenal Benlloch)"}}, {"type": "Feature", "geometry": {"type": "Point", "coordinates": [-0.3526509, 39.4711376]}, "properties": {"zona": 472, "descripcion": "SANTOS JUSTO Y PASTOR, Nº 9 (de República Argentina a Av. Cardenal Benlloch)"}}, {"type": "Feature", "geometry": {"type": "Point", "coordinates": [-0.3482513, 39.47457139999999]}, "properties": {"zona": 473, "descripcion": "AV. BLASCO IBÁÑEZ, Nº 79 (de Ramón Llull a Poeta Artola)"}}, {"type": "Feature", "geometry": {"type": "Point", "coordinates": [-0.3469972, 39.4732354]}, "properties": {"zona": 474, "descripcion": "AV. BLASCO IBÁÑEZ, Nº 120 (de Dr. Manuel Candela a Actriz Encarna Mañez)"}}, {"type": "Feature", "geometry": {"type": "Point", "coordinates": [-0.3487031, 39.4734781]}, "properties": {"zona": 475, "descripcion": "YECLA, Nº 43 (de Dr. Manuel Candela a Vicente Pallares)"}}, {"type": "Feature", "geometry": {"type": "Point", "coordinates": [-0.3918477, 39.4765816]}, "properties": {"zona": 476, "descripcion": "YECLA  frente Nº 39 (de Pl. Olof Palme a Dr. Manuel Candela)"}}, {"type": "Feature", "geometry": {"type": "Point", "coordinates": [-0.3471646, 39.469568]}, "properties": {"zona": 477, "descripcion": "SANTOS JUSTO Y PASTOR, Nº 61 (de los Leones a Dr. Manuel Candela)"}}, {"type": "Feature", "geometry": {"type": "Point", "coordinates": [-0.3506745, 39.470196]}, "properties": {"zona": 478, "descripcion": "SANTOS JUSTO Y PASTOR, Nº 38 (de Aben al Abbar a Dr. Manuel Candela)"}}, {"type": "Feature", "geometry": {"type": "Point", "coordinates": [-0.3466349, 39.4771068]}, "properties": {"zona": 479, "descripcion": "RAMÓN LLULL, frente Nº 27 (de Dr. García Donato a Bernat Fenollar)"}}, {"type": "Feature", "geometry": {"type": "Point", "coordinates": [-0.3466349, 39.4771068]}, "properties": {"zona": 480, "descripcion": "RAMÓN LLULL, S/N (de Av. los Naranjos a Albalat dels Tarongers)"}}, {"type": "Feature", "geometry": {"type": "Point", "coordinates": [-0.3464728, 39.4780881]}, "properties": {"zona": 481, "descripcion": "RAMÓN LLULL, Nº 45 (de Albalat dels Tarongers a Bernat Fenollar)"}}, {"type": "Feature", "geometry": {"type": "Point", "coordinates": [-0.3468003, 39.4770774]}, "properties": {"zona": 482, "descripcion": "RAMÓN LLULL, Nº 31 (de Bernat Fenollar a Dr. García Donato)"}}, {"type": "Feature", "geometry": {"type": "Point", "coordinates": [-0.3466349, 39.4771068]}, "properties": {"zona": 483, "descripcion": "RAMÓN LLULL, frente Nº 37 (de Bernat Fenollar a Albalat dels Tarongers)"}}, {"type": "Feature", "geometry": {"type": "Point", "coordinates": [-0.3392503, 39.4779652]}, "properties": {"zona": 484, "descripcion": "AV. LOS NARANJOS, S/N (de Ramón Llull a Luís Peixó)"}}, {"type": "Feature", "geometry": {"type": "Point", "coordinates": [-0.3392503, 39.4779652]}, "properties": {"zona": 485, "descripcion": "AV. LOS NARANJOS, S/N dup. (de Ramón Llull a Av. Cataluña)"}}, {"type": "Feature", "geometry": {"type": "Point", "coordinates": [-0.3392503, 39.4779652]}, "properties": {"zona": 486, "descripcion": "AV. LOS NARANJOS, Arq. Técnica (de Ramón Llull a Av. Cataluña)"}}, {"type": "Feature", "geometry": {"type": "Point", "coordinates": [-0.3558878, 39.4662111]}, "properties": {"zona": 487, "descripcion": "I.CANARIAS, Nº 36 (de Rodrigo Osona a Eduardo Boscá)"}}, {"type": "Feature", "geometry": {"type": "Point", "coordinates": [-0.3523692, 39.4636711]}, "properties": {"zona": 488, "descripcion": "PADRE TOMÁS MONTAÑANA, Nº 22 (de Asturias a Av. Baleares)"}}, {"type": "Feature", "geometry": {"type": "Point", "coordinates": [-0.3523435, 39.4631605]}, "properties": {"zona": 489, "descripcion": "PADRE TOMÁS DE MONTAÑANA, frente nº 20 (de Asturias a Islas Canarias)"}}, {"type": "Feature", "geometry": {"type": "Point", "coordinates": [-0.3518366, 39.46500959999999]}, "properties": {"zona": 490, "descripcion": "PADRE TOMÁS MONTAÑANA, Nº 6 (de I.Canarias a Asturias)"}}, {"type": "Feature", "geometry": {"type": "Point", "coordinates": [-0.3518509, 39.4681299]}, "properties": {"zona": 491, "descripcion": "RODRIGUEZ CEPEDA, Nº 40 (de Aben al Abbar a Dr. Manuel Candela)"}}, {"type": "Feature", "geometry": {"type": "Point", "coordinates": [-0.3494275, 39.4697947]}, "properties": {"zona": 492, "descripcion": "DR. MANUEL CANDELA, frente Nº 24 dup. (de Rodriguez de Cepeda a Av. del Puerto)"}}, {"type": "Feature", "geometry": {"type": "Point", "coordinates": [-0.3499706, 39.4681595]}, "properties": {"zona": 493, "descripcion": "DR. MANUEL CANDELA, Nº 30 (de Ramiro de Maetzu a Pobla de Farnals)"}}, {"type": "Feature", "geometry": {"type": "Point", "coordinates": [-0.3504903, 39.4667768]}, "properties": {"zona": 494, "descripcion": "DR. MANUEL CANDELA, Nº 18 (de Av. del Puerto a Ramiro de Maetzu)"}}, {"type": "Feature", "geometry": {"type": "Point", "coordinates": [-0.3507779, 39.4661772]}, "properties": {"zona": 495, "descripcion": "DR. MANUEL CANDELA, Nº 8 (de Av. del Puerto a Ramiro Maetzu)"}}, {"type": "Feature", "geometry": {"type": "Point", "coordinates": [-0.3510407, 39.4649805]}, "properties": {"zona": 496, "descripcion": "I.CANARIAS, Nº 78 triplicado (de Lebón a Padre Tomás Montañana)"}}, {"type": "Feature", "geometry": {"type": "Point", "coordinates": [-0.357027, 39.4626541]}, "properties": {"zona": 497, "descripcion": "ALAMEDA, Nº 39 (de Pte. Ángel Custodio a Pte. Reino de Valencia)"}}, {"type": "Feature", "geometry": {"type": "Point", "coordinates": [-0.3593516, 39.4664917]}, "properties": {"zona": 498, "descripcion": "ALAMEDA, Nº 35 (de Pte. Reino de Valencia a Pte. Ángel Custodio)"}}, {"type": "Feature", "geometry": {"type": "Point", "coordinates": [-0.3554354, 39.461154]}, "properties": {"zona": 499, "descripcion": "AV. FRANCIA esq. Rio Escalona (de Río Escalona a Alameda)"}}, {"type": "Feature", "geometry": {"type": "Point", "coordinates": [-0.3584919, 39.4643774]}, "properties": {"zona": 500, "descripcion": "ALAMEDA (de Pte. Reino de Valencia a Pte. Monteolivete)"}}, {"type": "Feature", "geometry": {"type": "Point", "coordinates": [-0.3528826, 39.4608571]}, "properties": {"zona": 501, "descripcion": "PADRE TOMÁS MONTAÑANA, Nº 11 ac. (de Av. Francia a Av. Baleares)"}}, {"type": "Feature", "geometry": {"type": "Point", "coordinates": [-0.3531876, 39.4617571]}, "properties": {"zona": 502, "descripcion": "PADRE TOMÁS MONTAÑANA, Nº 38 (de Av. Baleares a Av. Francia)"}}, {"type": "Feature", "geometry": {"type": "Point", "coordinates": [-0.3552235, 39.4559624]}, "properties": {"zona": 503, "descripcion": "P.I. PROFESOR LÓPEZ PIÑERO (de Entrada a Av. de la Plata)"}}, {"type": "Feature", "geometry": {"type": "Point", "coordinates": [-0.3575843, 39.455412]}, "properties": {"zona": 504, "descripcion": "INSTITUTO OBRERO DE VALENCIA, nº 26 (De Escritor Rafael Ferreres a Profesor López Piñero)"}}, {"type": "Feature", "geometry": {"type": "Point", "coordinates": [-0.3583513, 39.4557605]}, "properties": {"zona": 505, "descripcion": "INST.OBRERO VALENCIANO, Nº 19 (de Profesor López Piñero a Escritor Rafael Ferreres)"}}, {"type": "Feature", "geometry": {"type": "Point", "coordinates": [-0.3588046, 39.4553293]}, "properties": {"zona": 506, "descripcion": "INSTITUTO OBRERO DE VALÈNCIA s/n esquina Rafael Ferreres (de Escritor Rafael Ferreres a Amado Granel"}}, {"type": "Feature", "geometry": {"type": "Point", "coordinates": [-0.3657756, 39.4531886]}, "properties": {"zona": 509, "descripcion": "RAMÓN DUART, esq. Hnos. Maristas (de Hnos. Maristas a Av. de la Plata)"}}, {"type": "Feature", "geometry": {"type": "Point", "coordinates": [-0.3661158, 39.45321089999999]}, "properties": {"zona": 510, "descripcion": "RAMÓN DUART, Nº 6 ac. (de Av. de la Plata a Hns. Maristas)"}}, {"type": "Feature", "geometry": {"type": "Point", "coordinates": [-0.3679098541053111, 39.45145026884987]}, "properties": {"zona": 511, "descripcion": "HNOS. MARISTAS, frente Nº 14 (de Ramón Duart a Cº Fuente San Luis)"}}, {"type": "Feature", "geometry": {"type": "Point", "coordinates": [-0.3671856, 39.4438036]}, "properties": {"zona": 513, "descripcion": "Cª FUENTE SAN LUIS, Nº 106 (de Av. de la Plata a Hnos. Maristas)"}}, {"type": "Feature", "geometry": {"type": "Point", "coordinates": [-0.3671856, 39.4438036]}, "properties": {"zona": 514, "descripcion": "Cª FUENTE SAN LUIS, Nº 114 ac. (de Hnos. Maristas a Paco Pierra)"}}, {"type": "Feature", "geometry": {"type": "Point", "coordinates": [-0.3671856, 39.4438036]}, "properties": {"zona": 515, "descripcion": "Cª FUENTE SAN LUIS, Nº 141 (de Paco Pierra a Hnos. Maristas)"}}, {"type": "Feature", "geometry": {"type": "Point", "coordinates": [-0.3596432, 39.457984]}, "properties": {"zona": 516, "descripcion": "AV. DE LA PLATA, Nº 52 ac. (de Huerto de San Valero a Profesor López Piñero)"}}, {"type": "Feature", "geometry": {"type": "Point", "coordinates": [-0.3605477, 39.4580413]}, "properties": {"zona": 517, "descripcion": "AV. DE LA PLATA, Nº 103 (de Escultor José Capuz a la Señera)"}}, {"type": "Feature", "geometry": {"type": "Point", "coordinates": [-0.3656636, 39.4556026]}, "properties": {"zona": 518, "descripcion": "AV. LA  PLATA frente nº 81 (de Amado Granell Mesado a Oscar Esplá)"}}, {"type": "Feature", "geometry": {"type": "Point", "coordinates": [-0.3627069, 39.4571412]}, "properties": {"zona": 519, "descripcion": "AV. LA  PLATA nº 79 (de La Señera a Av. Amado Granell Mesado)"}}, {"type": "Feature", "geometry": {"type": "Point", "coordinates": [-0.3646811, 39.4561198]}, "properties": {"zona": 520, "descripcion": "AV. LA PLATA s/n esquina Severiano Goig (de Severiano Goig a Av. Amado Granell Mesado)"}}, {"type": "Feature", "geometry": {"type": "Point", "coordinates": [-0.3640107, 39.4567133]}, "properties": {"zona": 521, "descripcion": "AV. LA  PLATA nº 71 (de Av. Amado Granell Mesado a Obispo Jaime Pérez)"}}, {"type": "Feature", "geometry": {"type": "Point", "coordinates": [-0.3700265, 39.448326]}, "properties": {"zona": 522, "descripcion": "AV. AUSIAS MARCH, frente Nº 71 ac. (de Isla Cabrera a Bulevar Sur)"}}, {"type": "Feature", "geometry": {"type": "Point", "coordinates": [-0.3694176, 39.4485849]}, "properties": {"zona": 523, "descripcion": "AV. AUSIAS MARCH, Nº 77 lateral (de vía servicio a Ebanista Caselles)"}}, {"type": "Feature", "geometry": {"type": "Point", "coordinates": [-0.367077, 39.452683]}, "properties": {"zona": 524, "descripcion": "HNOS. MARISTAS, Nº 21(de Ramón Duart a Cº Fuente San Luis)"}}, {"type": "Feature", "geometry": {"type": "Point", "coordinates": [-0.3694176, 39.4485849]}, "properties": {"zona": 525, "descripcion": "AV. AUSIAS MARCH, Nº 77 (de Fdo. Abril Martorell a Ebanista Caselles)"}}, {"type": "Feature", "geometry": {"type": "Point", "coordinates": [-0.3726847, 39.4519181]}, "properties": {"zona": 526, "descripcion": "AV. AUSIAS MARCH, Nº 50 (de Av. de la Plata a I.Cabrera)"}}, {"type": "Feature", "geometry": {"type": "Point", "coordinates": [-0.3720833, 39.4522903]}, "properties": {"zona": 527, "descripcion": "AV. AUSIAS MARCH, Nº 41 (de Ebanista Caselles a Av. de la Plata)"}}, {"type": "Feature", "geometry": {"type": "Point", "coordinates": [-0.3725127, 39.4527161]}, "properties": {"zona": 528, "descripcion": "AV. DE LA PLATA, esq. Ausias March (de Av. Ausias March a Cº Fuente San Luis)"}}, {"type": "Feature", "geometry": {"type": "Point", "coordinates": [-0.3718999, 39.4533384]}, "properties": {"zona": 529, "descripcion": "AV. DE LA PLATA, Nº 7 (de Cº Fuente San Luis a Av. Ausias March)"}}, {"type": "Feature", "geometry": {"type": "Point", "coordinates": [-0.3656636, 39.4556026]}, "properties": {"zona": 530, "descripcion": "AV. DE LA PLATA, frente Nº 11 (de Cº Fuente San Luis a Molina del Palau)"}}, {"type": "Feature", "geometry": {"type": "Point", "coordinates": [-0.370935, 39.4537666]}, "properties": {"zona": 531, "descripcion": "AV. DE LA PLATA, Nº 15 (de Molina Palau a Cº Fuente San Luis)"}}, {"type": "Feature", "geometry": {"type": "Point", "coordinates": [-0.3656636, 39.4556026]}, "properties": {"zona": 532, "descripcion": "AV. DE LA PLATA, colegio (de Cº Fuente San Luis a Ramón Duart)"}}, {"type": "Feature", "geometry": {"type": "Point", "coordinates": [-0.3692936, 39.4544315]}, "properties": {"zona": 533, "descripcion": "AV. DE LA PLATA, Nº 33 (de Alberola a Molina Palau)"}}, {"type": "Feature", "geometry": {"type": "Point", "coordinates": [-0.36848, 39.4543764]}, "properties": {"zona": 534, "descripcion": "AV. DE LA PLATA, esq. Actriz Pepita Serrador (de actriz Pepita Serrador a Ramón Duart)"}}, {"type": "Feature", "geometry": {"type": "Point", "coordinates": [-0.3680908, 39.4548652]}, "properties": {"zona": 535, "descripcion": "AV. DE LA PLATA, Nº 41 AC. (de Av. Dr. Waksman a Alberola)"}}, {"type": "Feature", "geometry": {"type": "Point", "coordinates": [-0.3661849, 39.4550837]}, "properties": {"zona": 536, "descripcion": "AV. DE LA PLATA, Nº 28 (de Bombero Ramón Duart a José Durán Martínez)"}}, {"type": "Feature", "geometry": {"type": "Point", "coordinates": [-0.371383, 39.4559041]}, "properties": {"zona": 537, "descripcion": "AV. DR. WAKSMAN, esq. De Las Nieves (de Av. de la Plata a Cª Fuente San Luis)"}}, {"type": "Feature", "geometry": {"type": "Point", "coordinates": [-0.3694915, 39.4553283]}, "properties": {"zona": 538, "descripcion": "AV. DR. WAKSMAN, Nº 50 (de Puig Campana a Pedro de Valdivia)"}}, {"type": "Feature", "geometry": {"type": "Point", "coordinates": [-0.37524, 39.4506956]}, "properties": {"zona": 539, "descripcion": "JOAQUÍN BENLLOCH, Nº 36 (de Bernat Descoll a I.Cabrera)"}}, {"type": "Feature", "geometry": {"type": "Point", "coordinates": [-0.3750114, 39.4518411]}, "properties": {"zona": 540, "descripcion": "JOAQUÍN BENLLOCH, Nº 45 (de Bernat Descoll a Oltá)"}}, {"type": "Feature", "geometry": {"type": "Point", "coordinates": [-0.3759947, 39.4522815]}, "properties": {"zona": 541, "descripcion": "JOAQUÍN BENLLOCH, Nº 24 ac. (de Oltá a Bernat Descoll)"}}, {"type": "Feature", "geometry": {"type": "Point", "coordinates": [-0.3754396, 39.4524953]}, "properties": {"zona": 542, "descripcion": "OLTÁ, Nº 50 (de Joaquín Benlloch a Juan Ramón Jiménez)"}}, {"type": "Feature", "geometry": {"type": "Point", "coordinates": [-0.3760772, 39.4530428]}, "properties": {"zona": 543, "descripcion": "JOAQUÍN BENLLOCH, Nº 35 (de Oltá a Pedreguer)"}}, {"type": "Feature", "geometry": {"type": "Point", "coordinates": [-0.3765754, 39.4528792]}, "properties": {"zona": 544, "descripcion": "OLTÁ, Nº 37 (de Joaquín Benlloch a Cº Malilla)"}}, {"type": "Feature", "geometry": {"type": "Point", "coordinates": [-0.3767615, 39.4542995]}, "properties": {"zona": 545, "descripcion": "AMPARO ITURBI, Nº 72 ac. (de Joaquín Benlloch a Juan Ramón Jimenez)"}}, {"type": "Feature", "geometry": {"type": "Point", "coordinates": [-0.3770392, 39.4544993]}, "properties": {"zona": 546, "descripcion": "ING. JOAQUÍN BENLLOCH, Nº 19 (de Amparo Iturbi a Av. Peris y Valero)"}}, {"type": "Feature", "geometry": {"type": "Point", "coordinates": [-0.3775105, 39.4551111]}, "properties": {"zona": 547, "descripcion": "ING. JOAQUÍN BENLLOCH, Nº 9 (de Amparo Iturbi a Av. Peris y Valero)"}}, {"type": "Feature", "geometry": {"type": "Point", "coordinates": [-0.3784536, 39.4554924]}, "properties": {"zona": 548, "descripcion": "JOAQUIN BENLLOCH, Nº 2 (de Av. Peris y Valero a Cª Malilla)"}}, {"type": "Feature", "geometry": {"type": "Point", "coordinates": [-0.3803858, 39.4406411]}, "properties": {"zona": 549, "descripcion": "Cª MALILLA, Nº 6 (de Av. Peris y Valero a Amparo Iturbi)"}}, {"type": "Feature", "geometry": {"type": "Point", "coordinates": [-0.378295, 39.45413569999999]}, "properties": {"zona": 550, "descripcion": "AMPARO ITURBI, esq. C. Malilla (de Cº Malilla a Joaquín Benlloch)"}}, {"type": "Feature", "geometry": {"type": "Point", "coordinates": [-0.3803858, 39.4406411]}, "properties": {"zona": 551, "descripcion": "Cª MALILLA, Nº 12 (de Amparo Iturbi a Oltá)"}}, {"type": "Feature", "geometry": {"type": "Point", "coordinates": [-0.3783167, 39.4526384]}, "properties": {"zona": 552, "descripcion": "OLTÁ, Nº 28 (de Cº Malilla a Joaquín Benlloch)"}}, {"type": "Feature", "geometry": {"type": "Point", "coordinates": [-0.3805789, 39.4401042]}, "properties": {"zona": 553, "descripcion": "Cª MALILLA, Nº 26 (de Oltá a Pto. Lumbreras)"}}, {"type": "Feature", "geometry": {"type": "Point", "coordinates": [-0.3806368, 39.4399359]}, "properties": {"zona": 554, "descripcion": "Cª MALILLA, frente Nº 48 (de Bernat Descoll a Oltá)"}}, {"type": "Feature", "geometry": {"type": "Point", "coordinates": [-0.3805789, 39.4401042]}, "properties": {"zona": 556, "descripcion": "Cª MALILLA, Nº 65 (de I.Cabrera a Bernat Descoll)"}}, {"type": "Feature", "geometry": {"type": "Point", "coordinates": [-0.3805789, 39.4401042]}, "properties": {"zona": 557, "descripcion": "Cª MALILLA, Nº 78 (de I.Cabrera a I.Formentera)"}}, {"type": "Feature", "geometry": {"type": "Point", "coordinates": [-0.3805789, 39.4401042]}, "properties": {"zona": 558, "descripcion": "Cª MALILLA, Nº 83 (de I.Formentera a I.Cabrera)"}}, {"type": "Feature", "geometry": {"type": "Point", "coordinates": [-0.3805789, 39.4401042]}, "properties": {"zona": 559, "descripcion": "Cª MALILLA, Nº 98 (de I.Formentera a Fdo. Abril Martorell)"}}, {"type": "Feature", "geometry": {"type": "Point", "coordinates": [-0.403091, 39.4569945]}, "properties": {"zona": 560, "descripcion": "Cº NUEVO PICAÑA, Nº 5 (de Nicolau Primitiu a Av. Tres Cruces)"}}, {"type": "Feature", "geometry": {"type": "Point", "coordinates": [-0.4051119, 39.4548557]}, "properties": {"zona": 561, "descripcion": "ANDREU ALABARTA, Nº 5 (de Andreu Alabarta a Cº Nuevo Picaña)"}}, {"type": "Feature", "geometry": {"type": "Point", "coordinates": [-0.4065024173105567, 39.45723726942167]}, "properties": {"zona": 562, "descripcion": "PEDRAPIQUERS, Nº 10 (dels Velluters a Cº Nuevo de Picaña)"}}, {"type": "Feature", "geometry": {"type": "Point", "coordinates": [-0.4045204000000001, 39.4565742]}, "properties": {"zona": 563, "descripcion": "Cº NUEVO PICAÑA, Nº 6 (de Pedrapiquers a V-30)"}}, {"type": "Feature", "geometry": {"type": "Point", "coordinates": [-0.4059108015747864, 39.45694889876276]}, "properties": {"zona": 564, "descripcion": "PEDRAPIQUERS, Nº 5 (de Cº Nuevo de Picaña a dels Argenters)"}}, {"type": "Feature", "geometry": {"type": "Point", "coordinates": [-0.4012353, 39.4588]}, "properties": {"zona": 565, "descripcion": "AV. ARCHIDUQUE CARLOS, Nº 133 (de Av. Tres Cruces a Músico Gómis)"}}, {"type": "Feature", "geometry": {"type": "Point", "coordinates": [-0.4051277, 39.4560261]}, "properties": {"zona": 566, "descripcion": "Cº NUEVO PICAÑA, Nº 4 (de Av. Tres Cruces a Coeters)"}}, {"type": "Feature", "geometry": {"type": "Point", "coordinates": [-0.4063417, 39.4543808]}, "properties": {"zona": 568, "descripcion": "Cº NUEVO PICAÑA, Nº 49 (de Gremis a Arquitecto Segura Lago)"}}, {"type": "Feature", "geometry": {"type": "Point", "coordinates": [-0.4063146, 39.4549895]}, "properties": {"zona": 569, "descripcion": "Cº NUEVO PICAÑA, Nº 12 (de Els Gremis a Pedrapiquers)"}}, {"type": "Feature", "geometry": {"type": "Point", "coordinates": [-0.4055549, 39.4687097]}, "properties": {"zona": 570, "descripcion": "AV. TRES CRUCES, Nº 99 (de Av. Archiduque Carlos a Pérez Feliu)"}}, {"type": "Feature", "geometry": {"type": "Point", "coordinates": [-0.4055549, 39.4687097]}, "properties": {"zona": 571, "descripcion": "AV. TRES CRUCES Nº 105 (carril bus) (de Av. Archiduque Carlos a Pérez Feliu)"}}, {"type": "Feature", "geometry": {"type": "Point", "coordinates": [-0.4055549, 39.4687097]}, "properties": {"zona": 572, "descripcion": "AV. TRES CRUCES, Nº 54 (de Cº Nuevo de Picaña a Profesor Ángel Lacalle)"}}, {"type": "Feature", "geometry": {"type": "Point", "coordinates": [-0.4055549, 39.4687097]}, "properties": {"zona": 573, "descripcion": "AV. TRES CRUCES  s/n (de Dr. Rafael Bartual a Campos Crespo)"}}, {"type": "Feature", "geometry": {"type": "Point", "coordinates": [-0.3818154, 39.4663978]}, "properties": {"zona": 574, "descripcion": "G.V. RAMÓN Y CAJAL, Nº 16 (de Pl. España a Jesús)"}}, {"type": "Feature", "geometry": {"type": "Point", "coordinates": [-0.3818154, 39.4663978]}, "properties": {"zona": 574, "descripcion": "G.V. RAMÓN Y CAJAL, Nº 16 (de Pl. España a Jesús)"}}, {"type": "Feature", "geometry": {"type": "Point", "coordinates": [-0.3842917943604491, 39.46986551459437]}, "properties": {"zona": 575, "descripcion": "G.V. FERNANDO EL CATÓLICO, Nº 4 (de Cuenca a Angel Guimerá)"}}, {"type": "Feature", "geometry": {"type": "Point", "coordinates": [-0.3756348, 39.4738338]}, "properties": {"zona": 576, "descripcion": "G.V. FERNANDO EL CATÓLICO, Nº 48 (de Simón Ortiz a Lepanto)"}}, {"type": "Feature", "geometry": {"type": "Point", "coordinates": [-0.3874171, 39.4733606]}, "properties": {"zona": 577, "descripcion": "G.V. FERNANDO EL CATÓLICO, Nº 75 (de Quart a Pº Pechina)"}}, {"type": "Feature", "geometry": {"type": "Point", "coordinates": [-0.3874171, 39.4733606]}, "properties": {"zona": 578, "descripcion": "G.V. FERNANDO EL CATÓLICO, Nº 79 (de Dr. Zamenhof a San Jacinto)"}}, {"type": "Feature", "geometry": {"type": "Point", "coordinates": [-0.3756348, 39.4738338]}, "properties": {"zona": 579, "descripcion": "G.V. FERNANDO EL CATÓLICO, Nº 37 (de Gabriel Miró a Calixto III)"}}, {"type": "Feature", "geometry": {"type": "Point", "coordinates": [-0.3756348, 39.4738338]}, "properties": {"zona": 580, "descripcion": "G.V. FERNANDO EL CATÓLICO, Nº 29 (de Erudito Orellana a Angel Guimerá)"}}, {"type": "Feature", "geometry": {"type": "Point", "coordinates": [-0.3828555, 39.4665936]}, "properties": {"zona": 581, "descripcion": "JESÚS, Nº 31 (de G.V. Ramón y Cajal a Pintor Benedito)"}}, {"type": "Feature", "geometry": {"type": "Point", "coordinates": [-0.3831843, 39.4655381]}, "properties": {"zona": 582, "descripcion": "PINTOR BENEDITO, Nº 9 (de Jesús a Pl. España)"}}, {"type": "Feature", "geometry": {"type": "Point", "coordinates": [-0.3839319, 39.4698682]}, "properties": {"zona": 583, "descripcion": "CUENCA, Nº 6 (de G.V. Fernando el Católico a Guillem de Castro)"}}, {"type": "Feature", "geometry": {"type": "Point", "coordinates": [-0.3879534, 39.469945]}, "properties": {"zona": 584, "descripcion": "ANGEL GUIMERÁ, Nº 2 (de Guillem de Castro a G.V. Fernando el Católico)"}}, {"type": "Feature", "geometry": {"type": "Point", "coordinates": [-0.3841987, 39.4717246]}, "properties": {"zona": 585, "descripcion": "GUILLEM DE CASTRO, Nº 77 (de Maestro Palau a Espinosa)"}}, {"type": "Feature", "geometry": {"type": "Point", "coordinates": [-0.3877495, 39.4716832]}, "properties": {"zona": 586, "descripcion": "CALIXTO III, Nº 15 (de Palleter a G.V. Fernando el Católico)"}}, {"type": "Feature", "geometry": {"type": "Point", "coordinates": [-0.3837246, 39.4741637]}, "properties": {"zona": 587, "descripcion": "GUILLEM DE CASTRO, Nº 66 (de Lepanto a Borrull)"}}, {"type": "Feature", "geometry": {"type": "Point", "coordinates": [-0.3851173, 39.475435]}, "properties": {"zona": 588, "descripcion": "QUART, Nº 69 (de Guillem de Castro a Túria)"}}, {"type": "Feature", "geometry": {"type": "Point", "coordinates": [-0.3834145, 39.4788704]}, "properties": {"zona": 589, "descripcion": "GUILLEM DE CASTRO, Nº 116 (de Corona a Pº Pechina)"}}, {"type": "Feature", "geometry": {"type": "Point", "coordinates": [-0.39485, 39.4755917]}, "properties": {"zona": 590, "descripcion": "P.I. Pº PECHINA, nº1 Tunel (de Pº Pechina a Blanquerias)"}}, {"type": "Feature", "geometry": {"type": "Point", "coordinates": [-0.382229, 39.4805697]}, "properties": {"zona": 591, "descripcion": "GUILLEM DE CASTRO, Nº 140 (de Pte. de las Artes a Pte. San José)"}}, {"type": "Feature", "geometry": {"type": "Point", "coordinates": [-0.3799078, 39.4810083]}, "properties": {"zona": 592, "descripcion": "BLANQUERIAS, Nº 24 (de Pte. San José a Torres de Serrano)"}}, {"type": "Feature", "geometry": {"type": "Point", "coordinates": [-0.3860371, 39.4672231]}, "properties": {"zona": 593, "descripcion": "CUENCA, Nº 40 (de Obispo Luis Amigó a Alcira)"}}, {"type": "Feature", "geometry": {"type": "Point", "coordinates": [-0.3829833, 39.4679948]}, "properties": {"zona": 594, "descripcion": "G.V. RAMÓN Y CAJAL, Nº 57 (de Cuenca a Jesús)"}}, {"type": "Feature", "geometry": {"type": "Point", "coordinates": [-0.3816458, 39.4658625]}, "properties": {"zona": 595, "descripcion": "G.V. RAMÓN Y CAJAL, s/n (de Gandia a Cuenca)"}}, {"type": "Feature", "geometry": {"type": "Point", "coordinates": [-0.3828379, 39.4665396]}, "properties": {"zona": 596, "descripcion": "G.V. RAMÓN Y CAJAL, Nº 33 (de Jesús a Pl. España)"}}, {"type": "Feature", "geometry": {"type": "Point", "coordinates": [-0.3858933, 39.4701123]}, "properties": {"zona": 597, "descripcion": "ANGEL GUIMERÁ, Nº 17 (de G.V. Fernando el Católico a Palleter)"}}, {"type": "Feature", "geometry": {"type": "Point", "coordinates": [-0.3756348, 39.4738338]}, "properties": {"zona": 598, "descripcion": "GUILLEN SOROLLA, s/n (de Guillem de Castro a Avda. de L'Oest)"}}, {"type": "Feature", "geometry": {"type": "Point", "coordinates": [-0.3827669, 39.4677589]}, "properties": {"zona": 599, "descripcion": "G.V. RAMÓN Y CAJAL, Nº 32 (de Jesús a Gandía)"}}, {"type": "Feature", "geometry": {"type": "Point", "coordinates": [-0.3835334, 39.479928]}, "properties": {"zona": 600, "descripcion": "Pº PECHINA, Nº 1 (de Turia a Guillem de Castro)"}}, {"type": "Feature", "geometry": {"type": "Point", "coordinates": [-0.3858679, 39.4746355]}, "properties": {"zona": 601, "descripcion": "BORRULL, s/n (de G.V. Fernando el Católico a Dr. Peset Cervera)"}}, {"type": "Feature", "geometry": {"type": "Point", "coordinates": [-0.3837125, 39.4755629]}, "properties": {"zona": 602, "descripcion": "MURILLO, Nº 54 (de Aladrers a Guillem de Castro)"}}, {"type": "Feature", "geometry": {"type": "Point", "coordinates": [-0.3756348, 39.4738338]}, "properties": {"zona": 603, "descripcion": "ACACIAS, Nº 23 (de Montduver a Gil Sumbiela )"}}, {"type": "Feature", "geometry": {"type": "Point", "coordinates": [-0.389151, 39.4897238]}, "properties": {"zona": 605, "descripcion": "JOSÉ GROLLO, Nº 21 (de Montduver a Av. Dr. Peset Aleixandre)"}}, {"type": "Feature", "geometry": {"type": "Point", "coordinates": [-0.3898186, 39.4891577]}, "properties": {"zona": 606, "descripcion": "AV. BURJASOT, Nº 124 (de Av. Dr. Peset Aleixandre a Sierra Martes)"}}, {"type": "Feature", "geometry": {"type": "Point", "coordinates": [-0.393732, 39.4916199]}, "properties": {"zona": 607, "descripcion": "BENICADELL, Nº 8 (de Florista a Av. Burjasot)"}}, {"type": "Feature", "geometry": {"type": "Point", "coordinates": [-0.3941994, 39.4924934]}, "properties": {"zona": 608, "descripcion": "GARBÍ, Nº 5 (de Av. Burjasot a Florista)"}}, {"type": "Feature", "geometry": {"type": "Point", "coordinates": [-0.3959106, 39.4933675]}, "properties": {"zona": 609, "descripcion": "CARRASQUETA, Nº 13 (de Florista a Alquerias de Bellver)"}}, {"type": "Feature", "geometry": {"type": "Point", "coordinates": [-0.3966774, 39.4947935]}, "properties": {"zona": 610, "descripcion": "SIERRA AGULLENT, Nº 6 (de Florista a Av. Burjasot)"}}, {"type": "Feature", "geometry": {"type": "Point", "coordinates": [-0.397758, 39.4951523]}, "properties": {"zona": 611, "descripcion": "CUARTELL, Nº 7 (de Florista a Alquería Bellver)"}}, {"type": "Feature", "geometry": {"type": "Point", "coordinates": [-0.3923622, 39.4910605]}, "properties": {"zona": 612, "descripcion": "AV. BURJASOT, Nº 141 (de Tuéjar a Pintor Matarana)"}}, {"type": "Feature", "geometry": {"type": "Point", "coordinates": [-0.3942446, 39.4929016]}, "properties": {"zona": 613, "descripcion": "AV. BURJASOT, Nº 195 (de Pintor Matarana a Maestro Miguel Galán)"}}, {"type": "Feature", "geometry": {"type": "Point", "coordinates": [-0.3959581, 39.494608]}, "properties": {"zona": 614, "descripcion": "AV. BURJASOT, Nº 241 (de Maestro Miguel Galán a Luis Braile)"}}, {"type": "Feature", "geometry": {"type": "Point", "coordinates": [-0.4001604, 39.4983906]}, "properties": {"zona": 615, "descripcion": "AV. BURJASOT, Nº 301 (Entrada ciudad)"}}, {"type": "Feature", "geometry": {"type": "Point", "coordinates": [-0.3619447, 39.4844808]}, "properties": {"zona": 616, "descripcion": "DR. VICENTE ZARAGOZÁ, Nº 22 (de Poeta Emilio Baró a Cuenca Tramoyeres)"}}, {"type": "Feature", "geometry": {"type": "Point", "coordinates": [-0.3630697, 39.4830744]}, "properties": {"zona": 617, "descripcion": "JAIME ROIG, Nº 24 (de Bachiller a Av. Primado Reig)"}}, {"type": "Feature", "geometry": {"type": "Point", "coordinates": [-0.3611313, 39.4828412]}, "properties": {"zona": 618, "descripcion": "AV. PRIMADO REIG, Nº 149 (de Cuenca Tramoyeres a Vila de Muro)"}}, {"type": "Feature", "geometry": {"type": "Point", "coordinates": [-0.3620652, 39.4850637]}, "properties": {"zona": 619, "descripcion": "POETA EMILIO BARÓ, Nº 14 (de Dr. Vicente Zaragozá a Reverendo Rafael Tramoyeres)"}}, {"type": "Feature", "geometry": {"type": "Point", "coordinates": [-0.3610393, 39.48714349999999]}, "properties": {"zona": 620, "descripcion": "POETA EMILIO BARÓ, Nº 44 (de Manuel Castellanos a Poeta Asins)"}}, {"type": "Feature", "geometry": {"type": "Point", "coordinates": [-0.3377808, 39.4903326]}, "properties": {"zona": 621, "descripcion": "V-21 LATERAL ENTRADA (hacia Ronda Norte)"}}, {"type": "Feature", "geometry": {"type": "Point", "coordinates": [-0.3627386, 39.485123]}, "properties": {"zona": 622, "descripcion": "DR. VICENTE ZARAGOZÁ, Nº 17 (de Poeta Emilio Baró a Dolores Marqués)"}}, {"type": "Feature", "geometry": {"type": "Point", "coordinates": [-0.3607748, 39.4841572]}, "properties": {"zona": 623, "descripcion": "DR. VICENTE ZARAGOZÁ, Nº 32 (de Cuenca Tramoyeres a Puebla Larga)"}}, {"type": "Feature", "geometry": {"type": "Point", "coordinates": [-0.3605007, 39.484787]}, "properties": {"zona": 624, "descripcion": "BARÓN DE SAN PETRILLO, Nº 7 (de Reverendo Rafael Tramoyeres a Doctor Vicente Zaragozá)"}}, {"type": "Feature", "geometry": {"type": "Point", "coordinates": [-0.3610051, 39.484572]}, "properties": {"zona": 625, "descripcion": "DR. VICENTE ZARAGOZÁ, Nº 31 (de Barón de San Petrillo a Poeta Emilio Baró)"}}, {"type": "Feature", "geometry": {"type": "Point", "coordinates": [-0.3596693, 39.483788]}, "properties": {"zona": 626, "descripcion": "PUEBLA LARGA, Nº 1 (de Dr. Vicente Zaragozá a Guardia Civil)"}}, {"type": "Feature", "geometry": {"type": "Point", "coordinates": [-0.3595062000000001, 39.4838007]}, "properties": {"zona": 627, "descripcion": "DR. VICENTE ZARAGOZÁ, Nº 52 (de Puebla Larga a Jaime Esteve)"}}, {"type": "Feature", "geometry": {"type": "Point", "coordinates": [-0.3594652, 39.4841855]}, "properties": {"zona": 628, "descripcion": "JUAN GINER, Nº 4 (de Reverendo Rafael Tramoyeres a Dr. Vicente Zaragozá)"}}, {"type": "Feature", "geometry": {"type": "Point", "coordinates": [-0.3600592, 39.4843279]}, "properties": {"zona": 629, "descripcion": "DR. VICENTE ZARAGOZÁ, Nº 45 (de Juan Giner a Barón de San Petrillo)"}}, {"type": "Feature", "geometry": {"type": "Point", "coordinates": [-0.3587178, 39.4830774]}, "properties": {"zona": 630, "descripcion": "JAIME ESTEVE, s/n (de Guardia Civil a Dr. Vicente Zaragozá)"}}, {"type": "Feature", "geometry": {"type": "Point", "coordinates": [-0.3583059, 39.4834256]}, "properties": {"zona": 631, "descripcion": "DR. VICENTE ZARAGOZÁ, Nº 68 (de Jaime Esteve a Ramón Asencio)"}}, {"type": "Feature", "geometry": {"type": "Point", "coordinates": [-0.3585999, 39.4838769]}, "properties": {"zona": 632, "descripcion": "DR. VICENTE ZARAGOZÁ, Nº 73 (de Mistral a Juan Giner)"}}, {"type": "Feature", "geometry": {"type": "Point", "coordinates": [-0.3584899, 39.4822598]}, "properties": {"zona": 633, "descripcion": "RAMÓN ASENSIO, Nº15 (de Dr. Vicente Zaragozá a Av. Primado Reig)"}}, {"type": "Feature", "geometry": {"type": "Point", "coordinates": [-0.3587386, 39.4837057]}, "properties": {"zona": 634, "descripcion": "DR. VICENTE ZARAGOZÁ, s/n (de Ramón Asensio a Cº de Vera)"}}, {"type": "Feature", "geometry": {"type": "Point", "coordinates": [-0.3572786, 39.4834581]}, "properties": {"zona": 635, "descripcion": "DR. VICENTE ZARAGOZÁ, Nº 83 (de Arquitecto Arnau a Hnos. Villalonga)"}}, {"type": "Feature", "geometry": {"type": "Point", "coordinates": [-0.3572198, 39.4840899]}, "properties": {"zona": 636, "descripcion": "HNOS. VILLALONGA, Nº 8 (de Enrique Navarro a Doctor Vicente Zaragozá)"}}, {"type": "Feature", "geometry": {"type": "Point", "coordinates": [-0.3591718, 39.4905889]}, "properties": {"zona": 637, "descripcion": "POETA EMILIO BARÓ, Nº 82 (de Círculo de Bellas Artes a Poeta Eduardo Buill)"}}, {"type": "Feature", "geometry": {"type": "Point", "coordinates": [-0.3620661, 39.4830478]}, "properties": {"zona": 638, "descripcion": "AV. PRIMADO REIG, Nº 80 (de Río Ebro a Alemania)"}}, {"type": "Feature", "geometry": {"type": "Point", "coordinates": [-0.3641125, 39.4809515]}, "properties": {"zona": 639, "descripcion": "JAIME ROIG, Nº 8 (de Menéndez y Pelayo a Albaro de Bazán)"}}, {"type": "Feature", "geometry": {"type": "Point", "coordinates": [-0.3623244, 39.48371119999999]}, "properties": {"zona": 640, "descripcion": "AV. PRIMADO REIG, Nº 133 (giro de Primado Reig a Villa de Muro)"}}, {"type": "Feature", "geometry": {"type": "Point", "coordinates": [-0.3338259, 39.4743693]}, "properties": {"zona": 643, "descripcion": "LUÍS PEIXÓ, s/n (de Av. los Naranjos a Yañez de Almedina)"}}, {"type": "Feature", "geometry": {"type": "Point", "coordinates": [-0.3339731, 39.47178110000001]}, "properties": {"zona": 645, "descripcion": "BLAS DE LEZO, Nº 24 (de Felipe de Gauna a Antonio Juan)"}}, {"type": "Feature", "geometry": {"type": "Point", "coordinates": [-0.3337751, 39.4726143]}, "properties": {"zona": 646, "descripcion": "ANTONIO JUAN, Nº 2 (de Blas de Lezo a Felipe Vives)"}}, {"type": "Feature", "geometry": {"type": "Point", "coordinates": [-0.3336718, 39.47318920000001]}, "properties": {"zona": 647, "descripcion": "LUÍS PEIXÓ, Nº 8 (de Conde Almenara a Conde de Oliva)"}}, {"type": "Feature", "geometry": {"type": "Point", "coordinates": [-0.333603, 39.4748497]}, "properties": {"zona": 648, "descripcion": "LUÍS PEIXÓ, esq. Conde Melitó (de Conde Melitó a Av. los Naranjos)"}}, {"type": "Feature", "geometry": {"type": "Point", "coordinates": [-0.3324045, 39.4808906]}, "properties": {"zona": 649, "descripcion": "FAUSTO ELIO, s/n (de Av. los Naranjos a San Juan de Dios)"}}, {"type": "Feature", "geometry": {"type": "Point", "coordinates": [-0.3324665, 39.4795189]}, "properties": {"zona": 650, "descripcion": "FAUSTO ELIO, Nº 38 (de San Rafael a Vicente la Roda)"}}, {"type": "Feature", "geometry": {"type": "Point", "coordinates": [-0.3318957, 39.4805081]}, "properties": {"zona": 652, "descripcion": "FAUSTO ELIO, esq. Vte. La Roda (de Vicente la Roda a Mendizábal)"}}, {"type": "Feature", "geometry": {"type": "Point", "coordinates": [-0.3291198, 39.4797929]}, "properties": {"zona": 653, "descripcion": "VICENTE LA RODA, fte. Nº 12 (de Dr. Alvaro López a Fausto Elio)"}}, {"type": "Feature", "geometry": {"type": "Point", "coordinates": [-0.3316324, 39.4842027]}, "properties": {"zona": 654, "descripcion": "FAUSTO ELIO, esq. Mendizabal (De Mendizábal a Vicente la Roda)"}}, {"type": "Feature", "geometry": {"type": "Point", "coordinates": [-0.3304053, 39.4840277]}, "properties": {"zona": 655, "descripcion": "MENDIZÁBAL, Nº 14 (de Alvaro Lopez a Fausto Elio)"}}, {"type": "Feature", "geometry": {"type": "Point", "coordinates": [-0.3510932, 39.4748604]}, "properties": {"zona": 656, "descripcion": "MARINO BLAS DE LEZO, esq. Blasco Ibañez (de Av. Blaso Ibáñez a Pedro de Valencia)"}}, {"type": "Feature", "geometry": {"type": "Point", "coordinates": [-0.3392503, 39.4779652]}, "properties": {"zona": 657, "descripcion": "AV. LOS NARANJOS, s/n (de Ramón Llull a Luís Peixó)"}}, {"type": "Feature", "geometry": {"type": "Point", "coordinates": [-0.3392503, 39.4779652]}, "properties": {"zona": 657, "descripcion": "AV. LOS NARANJOS, s/n (de Ramón Llull a Luís Peixó)"}}, {"type": "Feature", "geometry": {"type": "Point", "coordinates": [-0.3392503, 39.4779652]}, "properties": {"zona": 658, "descripcion": "AV. LOS NARANJOS, junto parada Metro (de Fausto Elio a Ramón Llull)"}}, {"type": "Feature", "geometry": {"type": "Point", "coordinates": [-0.3316072, 39.4722118]}, "properties": {"zona": 659, "descripcion": "PINTOR FERRANDIS, Nº 6 (de Fco. Eiximenis a Luis Despuig)"}}, {"type": "Feature", "geometry": {"type": "Point", "coordinates": [-0.3284401, 39.4720272]}, "properties": {"zona": 660, "descripcion": "PINTOR FERRANDIS, Nº 33 (de Reina a Padre Luis Navarro)"}}, {"type": "Feature", "geometry": {"type": "Point", "coordinates": [-0.3281871, 39.4719172]}, "properties": {"zona": 661, "descripcion": "PINTOR FERRANDIS, s/n (de Dr. Lluch a Eugenia Viñes)"}}, {"type": "Feature", "geometry": {"type": "Point", "coordinates": [-0.3258744000000001, 39.4718165]}, "properties": {"zona": 662, "descripcion": "PINTOR FERRANDIS, Nº 51 (de Eugenia Viñes a Dr. Lluch)"}}, {"type": "Feature", "geometry": {"type": "Point", "coordinates": [-0.3278342, 39.4720464]}, "properties": {"zona": 664, "descripcion": "DR. LLUCH, Nº 239 (de Pintor Ferrandis a Marina)"}}, {"type": "Feature", "geometry": {"type": "Point", "coordinates": [-0.3275869, 39.4734027]}, "properties": {"zona": 665, "descripcion": "DR. LLUCH, Nº 285 (de En Vicent Guillot a Av. los Naranjos)"}}, {"type": "Feature", "geometry": {"type": "Point", "coordinates": [-0.3257365, 39.4793323]}, "properties": {"zona": 666, "descripcion": "ISABEL DE VILLENA, Nº127 (de Fuente Encarroz a Vicente la Roda)"}}, {"type": "Feature", "geometry": {"type": "Point", "coordinates": [-0.3257365, 39.4793323]}, "properties": {"zona": 667, "descripcion": "ISABEL DE VILLENA, Nº45 (de Vicente la Roda a Río Tajo)"}}, {"type": "Feature", "geometry": {"type": "Point", "coordinates": [-0.3257708, 39.473692]}, "properties": {"zona": 668, "descripcion": "EUGENIA VIÑES, Nº 235 (de Vicent Guillot a Pintor Ferrandis)"}}, {"type": "Feature", "geometry": {"type": "Point", "coordinates": [-0.3257121, 39.4716599]}, "properties": {"zona": 669, "descripcion": "EUGENIA VIÑES, Nº 219 (de Pintor Ferrandis a Espadán)"}}, {"type": "Feature", "geometry": {"type": "Point", "coordinates": [-0.3258223, 39.4710825]}, "properties": {"zona": 670, "descripcion": "EUGENIA VIÑES, Nº 207 (de Espadán a Historiador Coloma)"}}, {"type": "Feature", "geometry": {"type": "Point", "coordinates": [-0.3263287, 39.4751772]}, "properties": {"zona": 671, "descripcion": "CAVITE, Nº 12 (de Av. los Naranjos a Río Tajo)"}}, {"type": "Feature", "geometry": {"type": "Point", "coordinates": [-0.3262507, 39.4765763]}, "properties": {"zona": 672, "descripcion": "RÍO TAJO, Nº 21(de Cavite a Isabel de Villena)"}}, {"type": "Feature", "geometry": {"type": "Point", "coordinates": [-0.3268723, 39.47758710000001]}, "properties": {"zona": 673, "descripcion": "CAVITE, Nº 25 (de San Juan de Dios a Vicente la Roda)"}}, {"type": "Feature", "geometry": {"type": "Point", "coordinates": [-0.3275395, 39.4839927]}, "properties": {"zona": 674, "descripcion": "Av. MALVARROSA, Nº 144 (de Arnaldo de Vilanova a Mendizábal)"}}, {"type": "Feature", "geometry": {"type": "Point", "coordinates": [-0.3281476, 39.481987]}, "properties": {"zona": 675, "descripcion": "Av. MALVARROSA, Nº 97 (de I. De Hierro a Fuente Encarroz)"}}, {"type": "Feature", "geometry": {"type": "Point", "coordinates": [-0.3278422, 39.481017]}, "properties": {"zona": 676, "descripcion": "Av. MALVARROSA, Nº 92 (de Fuente Encarroz a Vicente la Roda)"}}, {"type": "Feature", "geometry": {"type": "Point", "coordinates": [-0.3271783, 39.4794547]}, "properties": {"zona": 677, "descripcion": "VICENTE LA RODA, Nº 35 (de Cavite a Antonio Ponz)"}}, {"type": "Feature", "geometry": {"type": "Point", "coordinates": [-0.3279128, 39.4785175]}, "properties": {"zona": 678, "descripcion": "Av. MALVARROSA, Nº 24 (de San Rafael a San Juan de Dios)"}}, {"type": "Feature", "geometry": {"type": "Point", "coordinates": [-0.3276302365189275, 39.47654635479278]}, "properties": {"zona": 679, "descripcion": "RÍO TAJO, Nº7 (de Av. Malvarrosa a Cavite)"}}, {"type": "Feature", "geometry": {"type": "Point", "coordinates": [-0.3278389, 39.4760847]}, "properties": {"zona": 680, "descripcion": "Av. MALVARROSA, Nº 19 (de Río Tajo a Av. los Naranjos)"}}, {"type": "Feature", "geometry": {"type": "Point", "coordinates": [-0.3284801, 39.4771181]}, "properties": {"zona": 681, "descripcion": "PADRE ANTÓN MARTÍN, Nº 36 (de Río Tajo a San Juan de Dios)"}}, {"type": "Feature", "geometry": {"type": "Point", "coordinates": [-0.3292493, 39.476491]}, "properties": {"zona": 682, "descripcion": "RÍO TAJO, Nº 24 (de Beato Juan Grande a Padre Antón Martín)"}}, {"type": "Feature", "geometry": {"type": "Point", "coordinates": [-0.3274471, 39.4759998]}, "properties": {"zona": 683, "descripcion": "RÍO TAJO, Nº 132 (de Padre Antón Martín a Av. Malvarrosa)"}}, {"type": "Feature", "geometry": {"type": "Point", "coordinates": [-0.3287788, 39.4759252]}, "properties": {"zona": 684, "descripcion": "PADRE ANTÓN MARTÍN, Nº 9 (de Av. los Naranjos a Río Tajo)"}}, {"type": "Feature", "geometry": {"type": "Point", "coordinates": [-0.3912519, 39.4760604]}, "properties": {"zona": 685, "descripcion": "REINA, Nº 275 (de Remonta a En Vicent Guillot)"}}, {"type": "Feature", "geometry": {"type": "Point", "coordinates": [-0.3912519, 39.4760604]}, "properties": {"zona": 686, "descripcion": "REINA, Nº 250 (de En Vicent Guillot a Pintor Ferrandis)"}}, {"type": "Feature", "geometry": {"type": "Point", "coordinates": [-0.3912519, 39.4760604]}, "properties": {"zona": 687, "descripcion": "REINA, Nº 202 (De Espadán a Carlos Ros)"}}, {"type": "Feature", "geometry": {"type": "Point", "coordinates": [-0.328647, 39.4740873]}, "properties": {"zona": 688, "descripcion": "PROGRESO, Nº 368 (de Remonta a Av. los Naranjos)"}}, {"type": "Feature", "geometry": {"type": "Point", "coordinates": [-0.3288873, 39.4646604]}, "properties": {"zona": 689, "descripcion": "DR. LLUCH, Nº 25 (de Iglesia del Rosario a Vicente Gallart)"}}, {"type": "Feature", "geometry": {"type": "Point", "coordinates": [-0.3756348, 39.4738338]}, "properties": {"zona": 690, "descripcion": "VICENTE GALLART, s/n (de Reina a Dr. Lluch)"}}, {"type": "Feature", "geometry": {"type": "Point", "coordinates": [-0.3286678000000001, 39.4660976]}, "properties": {"zona": 691, "descripcion": "DR. LLUCH, Nº 59 (de Marina a Justo Vilar)"}}, {"type": "Feature", "geometry": {"type": "Point", "coordinates": [-0.3284984, 39.46713039999999]}, "properties": {"zona": 692, "descripcion": "DR. LLUCH, Nº 83 (de Justo Vilar a Mediterráneo)"}}, {"type": "Feature", "geometry": {"type": "Point", "coordinates": [-0.3727784291293034, 39.42637556474725]}, "properties": {"zona": 693, "descripcion": "Av. MEDITERRÁNEO, Nº 35 (de Dr. Lluch a Eugenia Viñes)"}}, {"type": "Feature", "geometry": {"type": "Point", "coordinates": [-0.3284993, 39.4678844]}, "properties": {"zona": 694, "descripcion": "DR. LLUCH, Nº 101 (de Mediterráneo a Columbretes)"}}, {"type": "Feature", "geometry": {"type": "Point", "coordinates": [-0.3282751, 39.468972]}, "properties": {"zona": 695, "descripcion": "DR. LLUCH, Nº 137 (de Amparo Guillem a Pescadores)"}}, {"type": "Feature", "geometry": {"type": "Point", "coordinates": [-0.3281489, 39.46978910000001]}, "properties": {"zona": 696, "descripcion": "DR. LLUCH, Nº 167 (de Travesía Pescadores a Cura Planelles)"}}, {"type": "Feature", "geometry": {"type": "Point", "coordinates": [-0.3282095, 39.4701161]}, "properties": {"zona": 697, "descripcion": "CURA PLANELLES, Nº 30 (de Dr. Lluch a Reina)"}}, {"type": "Feature", "geometry": {"type": "Point", "coordinates": [-0.3913287, 39.47636809999999]}, "properties": {"zona": 698, "descripcion": "REINA, Nº 76 (de Justo Vilar a Marina)"}}, {"type": "Feature", "geometry": {"type": "Point", "coordinates": [-0.3748456, 39.4637176]}, "properties": {"zona": 699, "descripcion": "REINA, Nº 42 (de Vicente Gallart a Iglesia del Rosario)"}}, {"type": "Feature", "geometry": {"type": "Point", "coordinates": [-0.3258777, 39.4702783]}, "properties": {"zona": 701, "descripcion": "EUGENIA VIÑES, Nº 187 (de Historiado Coloma a Pescadores)"}}, {"type": "Feature", "geometry": {"type": "Point", "coordinates": [-0.3258701, 39.4693429]}, "properties": {"zona": 702, "descripcion": "C/ PESCADORES, Nº 46 (de Eugenia Viñes a Dr. Lluch)"}}, {"type": "Feature", "geometry": {"type": "Point", "coordinates": [-0.3257155, 39.469234]}, "properties": {"zona": 703, "descripcion": "EUGENIA VIÑES, Nº 167 (de Pescadores a Mediterráneo)"}}, {"type": "Feature", "geometry": {"type": "Point", "coordinates": [-0.3257316, 39.4682754]}, "properties": {"zona": 704, "descripcion": "EUGENIA VIÑES, Nº 129 (de Pescadores a Mediterráneo)"}}, {"type": "Feature", "geometry": {"type": "Point", "coordinates": [-0.3251373, 39.4657034]}, "properties": {"zona": 705, "descripcion": "EUGENIA VIÑES, Nº 77 (de Neptuno a Mediterráneo)"}}, {"type": "Feature", "geometry": {"type": "Point", "coordinates": [-0.3251224, 39.465648]}, "properties": {"zona": 706, "descripcion": "EUGENIA VIÑES, Nº 75 (de Virgen del Sufragio a Dr. Marco Sopena)"}}, {"type": "Feature", "geometry": {"type": "Point", "coordinates": [-0.3732799785479773, 39.42543634617487]}, "properties": {"zona": 707, "descripcion": "Av. MEDITERRÁNEO, Nº 57 (de Eugenia Viñes a Dr. Lluch)"}}, {"type": "Feature", "geometry": {"type": "Point", "coordinates": [-0.3743891, 39.4229733]}, "properties": {"zona": 708, "descripcion": "Av. MEDITERRÁNEO, Nº 23 (de Barraca a Padre Luis Navarro)"}}, {"type": "Feature", "geometry": {"type": "Point", "coordinates": [-0.3302825, 39.4557901]}, "properties": {"zona": 710, "descripcion": "ING. MANUEL SOTO Nº 16, de Comandancia de Marina a Juan Verdeguer."}}, {"type": "Feature", "geometry": {"type": "Point", "coordinates": [-0.3319619, 39.4617111]}, "properties": {"zona": 711, "descripcion": "DR. J.J.DOMINE, Nº 8 (de Pl. Armada Española a Av. del Puerto)"}}, {"type": "Feature", "geometry": {"type": "Point", "coordinates": [-0.3756348, 39.4738338]}, "properties": {"zona": 712, "descripcion": "I.CANARIAS, s/n (de Av. del Puerto a Ibiza)"}}, {"type": "Feature", "geometry": {"type": "Point", "coordinates": [-0.3352414, 39.4602822]}, "properties": {"zona": 713, "descripcion": "PADRE PORTA, Nº 3 (de Av. del Puerto a Juan Bautista Llovera)"}}, {"type": "Feature", "geometry": {"type": "Point", "coordinates": [-0.3356683, 39.46194089999999]}, "properties": {"zona": 714, "descripcion": "ARQUITECTO ALFARO, Nº 11 (de Jose Aguirre a Av. del Puerto)"}}, {"type": "Feature", "geometry": {"type": "Point", "coordinates": [-0.3360609, 39.46214200000001]}, "properties": {"zona": 715, "descripcion": "JOSÉ AGUIRRE, Nº 19 (de Arquitecto Alfaro a Virgen del Puig)"}}, {"type": "Feature", "geometry": {"type": "Point", "coordinates": [-0.3400029, 39.461151]}, "properties": {"zona": 716, "descripcion": "IBIZA, Nº 8 (de I.Canarias a Rodrigo de Pertegas)"}}, {"type": "Feature", "geometry": {"type": "Point", "coordinates": [-0.3302825, 39.4557901]}, "properties": {"zona": 717, "descripcion": "ING. MANUEL SOTO, Nº 16 (de Juan Verdeguer a Comandancia de Marina)"}}, {"type": "Feature", "geometry": {"type": "Point", "coordinates": [-0.331194, 39.453757]}, "properties": {"zona": 718, "descripcion": "PTE. DE ASTILLEROS (de Espolón Cantarranas a Nazaret)"}}, {"type": "Feature", "geometry": {"type": "Point", "coordinates": [-0.3330045, 39.4608067]}, "properties": {"zona": 719, "descripcion": "DR. J.J.DOMINE, Nº 4 (de Av. del Puerto a José Aguirre)"}}, {"type": "Feature", "geometry": {"type": "Point", "coordinates": [-0.3350149, 39.4673731]}, "properties": {"zona": 735, "descripcion": "SERRERÍA, esq. J. Vilar (de Justo Vilar a Martí Grajales)"}}, {"type": "Feature", "geometry": {"type": "Point", "coordinates": [-0.3918477, 39.4765816]}, "properties": {"zona": 736, "descripcion": "SERRERÍA, fte. Nº 59 (de Vicente Gallart a Justo Vilar)"}}, {"type": "Feature", "geometry": {"type": "Point", "coordinates": [-0.3360754, 39.4650737]}, "properties": {"zona": 737, "descripcion": "SERRERÍA, Nº 45 (de Santos Justo y Pastor a Jerónimo de Monsoriu)"}}, {"type": "Feature", "geometry": {"type": "Point", "coordinates": [-0.3361886627728762, 39.46471250547529]}, "properties": {"zona": 738, "descripcion": "SERRERÍA, fte. Nº 37 (de Mariano Cuber a Vicente Gallart)"}}, {"type": "Feature", "geometry": {"type": "Point", "coordinates": [-0.3903414, 39.4751521]}, "properties": {"zona": 739, "descripcion": "SERRERÍA, fte. Nº 8 (de José Aguirre a Francisco Cubells)"}}, {"type": "Feature", "geometry": {"type": "Point", "coordinates": [-0.3356099, 39.4655703]}, "properties": {"zona": 740, "descripcion": "SERRERÍA, Nº4 (de Av. del Puerto a José Aguirre)"}}, {"type": "Feature", "geometry": {"type": "Point", "coordinates": [-0.338475, 39.4622142]}, "properties": {"zona": 741, "descripcion": "SERRERÍA, Nº 3 (de Felipe Salvador a Av. del Puerto)"}}, {"type": "Feature", "geometry": {"type": "Point", "coordinates": [-0.3344099, 39.4715738]}, "properties": {"zona": 742, "descripcion": "MARINO BLAS DE LEZO, esq. Grajales (de Martí Grajales a Av. Blasco Ibáñez)"}}, {"type": "Feature", "geometry": {"type": "Point", "coordinates": [-0.3668607, 39.4476498]}, "properties": {"zona": 743, "descripcion": "ANTONIO FERRANDIS s/n (de Rafael Ferreres a Profesor López Piñero)"}}, {"type": "Feature", "geometry": {"type": "Point", "coordinates": [-0.4055549, 39.4687097]}, "properties": {"zona": 744, "descripcion": "AV. TRES CRUCES, Nº 2 (de Av. del Cid a Padre Estebán Pernet)"}}, {"type": "Feature", "geometry": {"type": "Point", "coordinates": [-0.4055549, 39.4687097]}, "properties": {"zona": 744, "descripcion": "AV. TRES CRUCES, Nº 2 (de Av. del Cid a Padre Estebán Pernet)"}}, {"type": "Feature", "geometry": {"type": "Point", "coordinates": [-0.4055549, 39.4687097]}, "properties": {"zona": 745, "descripcion": "AV. TRES CRUCES, Nº 8 (de Padre Esteban Pernet a Rey Saud)"}}, {"type": "Feature", "geometry": {"type": "Point", "coordinates": [-0.4055549, 39.4687097]}, "properties": {"zona": 746, "descripcion": "AV. TRES CRUCES, Nº 20 (de Habana a Av. Tres Forques)"}}, {"type": "Feature", "geometry": {"type": "Point", "coordinates": [-0.4072764, 39.4648226]}, "properties": {"zona": 747, "descripcion": "HABANA, Nº 9 (de Pl. Murcia a Av. Tres Cruces)"}}, {"type": "Feature", "geometry": {"type": "Point", "coordinates": [-0.4055549, 39.4687097]}, "properties": {"zona": 748, "descripcion": "AV. TRES CRUCES, Nº 34 (de Av. Tres Forques a Hostalers)"}}, {"type": "Feature", "geometry": {"type": "Point", "coordinates": [-0.4055549, 39.4687097]}, "properties": {"zona": 749, "descripcion": "AV. TRES CRUCES, Nº 44 (de Hostalers a Argenters)"}}, {"type": "Feature", "geometry": {"type": "Point", "coordinates": [-0.4055549, 39.4687097]}, "properties": {"zona": 750, "descripcion": "AV. TRES CRUCES Nº 44 (carril bus) (de Hostalers a Cº Picaña)"}}, {"type": "Feature", "geometry": {"type": "Point", "coordinates": [-0.4055549, 39.4687097]}, "properties": {"zona": 751, "descripcion": "AV. TRES CRUCES, s/n (de Argenters a Cº Nuevo de Picaña)"}}, {"type": "Feature", "geometry": {"type": "Point", "coordinates": [-0.4055549, 39.4687097]}, "properties": {"zona": 752, "descripcion": "AV. TRES CRUCES, Nº 79 (de Dr. Pérez Feliu a Torrente)"}}, {"type": "Feature", "geometry": {"type": "Point", "coordinates": [-0.4025758, 39.4606158]}, "properties": {"zona": 753, "descripcion": "DR. PÉREZ FELIU, Nº 16 (de Emilio Lluch a Av. Tres Cruces)"}}, {"type": "Feature", "geometry": {"type": "Point", "coordinates": [-0.4055549, 39.4687097]}, "properties": {"zona": 754, "descripcion": "AV. TRES CRUCES nº 71 (carril bus) (de Torrente a Av. Tres Forques)"}}, {"type": "Feature", "geometry": {"type": "Point", "coordinates": [-0.4055549, 39.4687097]}, "properties": {"zona": 755, "descripcion": "AV. TRES CRUCES, Nº 49 (de Av. Tres Forques a Llombay)"}}, {"type": "Feature", "geometry": {"type": "Point", "coordinates": [-0.4055549, 39.4687097]}, "properties": {"zona": 755, "descripcion": "AV. TRES CRUCES, Nº 49 (de Av. Tres Forques a Llombay)"}}, {"type": "Feature", "geometry": {"type": "Point", "coordinates": [-0.4055549, 39.4687097]}, "properties": {"zona": 756, "descripcion": "AV. TRES CRUCES, Nº 39 (de Llombay a Músico Ayllón)"}}, {"type": "Feature", "geometry": {"type": "Point", "coordinates": [-0.4049044, 39.4671442]}, "properties": {"zona": 757, "descripcion": "MÚSICO AYLLÓN, Nº 18 (de Jumilla a Av. Tres Cruces)"}}, {"type": "Feature", "geometry": {"type": "Point", "coordinates": [-0.4055549, 39.4687097]}, "properties": {"zona": 758, "descripcion": "AV. TRES CRUCES nº 25 (de Músico Ayllón a Dels Jurats)"}}, {"type": "Feature", "geometry": {"type": "Point", "coordinates": [-0.4073072, 39.4636518]}, "properties": {"zona": 759, "descripcion": "AV. TRES FORQUES, Nº 120 (de Av. Tres Cruces a Historiador Pedro Sucias)"}}, {"type": "Feature", "geometry": {"type": "Point", "coordinates": [-0.4027922, 39.46382759999999]}, "properties": {"zona": 760, "descripcion": "AV. TRES FORQUES esq. Colonia Española (de Misericordia a V-30)"}}, {"type": "Feature", "geometry": {"type": "Point", "coordinates": [-0.4112749000000001, 39.4646504]}, "properties": {"zona": 761, "descripcion": "MISERICORDIA, s/n (de Pl. Colonia Española de Méjico a Av. Tres Forques)"}}, {"type": "Feature", "geometry": {"type": "Point", "coordinates": [-0.4027922, 39.46382759999999]}, "properties": {"zona": 762, "descripcion": "AV. TRES FORQUES, esq. Gremis (de Gremits a Llanterners)"}}, {"type": "Feature", "geometry": {"type": "Point", "coordinates": [-0.4027922, 39.46382759999999]}, "properties": {"zona": 763, "descripcion": "AV. TRES FORQUES, esq. Llanterners (de Llanterners a Saders)"}}, {"type": "Feature", "geometry": {"type": "Point", "coordinates": [-0.4027922, 39.46382759999999]}, "properties": {"zona": 764, "descripcion": "AV. TRES FORQUES s/n (de Av. Tres Cruces a Centro Comercial)"}}, {"type": "Feature", "geometry": {"type": "Point", "coordinates": [-0.3999589, 39.4802019]}, "properties": {"zona": 765, "descripcion": "MAESTRO RODRIGO, Nº 37 (de Gral. Aviles a Vall de la Ballestera)"}}, {"type": "Feature", "geometry": {"type": "Point", "coordinates": [-0.397978, 39.4771508]}, "properties": {"zona": 766, "descripcion": "MAESTRO RODRIGO, Nº 11 (de Marqués de San Juan a Manuel de Falla)"}}, {"type": "Feature", "geometry": {"type": "Point", "coordinates": [-0.3962306, 39.47697489999999]}, "properties": {"zona": 767, "descripcion": "TIRSO DE MOLINA, Nº 20 (de Catadau a Maestro Rodrigo)"}}, {"type": "Feature", "geometry": {"type": "Point", "coordinates": [-0.4014977, 39.475495]}, "properties": {"zona": 768, "descripcion": "MANUEL DE FALLA s/n. (de Grup Parpalló a Hernández Lázaro)"}}, {"type": "Feature", "geometry": {"type": "Point", "coordinates": [-0.3941494, 39.479575]}, "properties": {"zona": 769, "descripcion": "AV. CAMPANAR, Nº 108 (de Pza. Joan Pau II a Marqués de San Juan)"}}, {"type": "Feature", "geometry": {"type": "Point", "coordinates": [-0.3939592, 39.477726]}, "properties": {"zona": 770, "descripcion": "P.I. TIRSO DE MOLINA, P.I. (de Tirso de Molina a Manuel de Falla)"}}, {"type": "Feature", "geometry": {"type": "Point", "coordinates": [-0.3912519, 39.4760604]}, "properties": {"zona": 771, "descripcion": "TAMARINDOS, fte. Nº 23 (de Vall de la Ballestera a Manuel de Falla)"}}, {"type": "Feature", "geometry": {"type": "Point", "coordinates": [-0.4024649, 39.4784621]}, "properties": {"zona": 772, "descripcion": "VALL DE LA BALLESTERA, esq. Tamarindos (de Tamarindo a Eduardo Soler y Pérez)"}}, {"type": "Feature", "geometry": {"type": "Point", "coordinates": [-0.3996047, 39.4782976]}, "properties": {"zona": 773, "descripcion": "VALL DE LA BALLESTERA, Nº 49 (de Eduardo Soler y Pérez a Maestro Rodrigo)"}}, {"type": "Feature", "geometry": {"type": "Point", "coordinates": [-0.3985906, 39.4785079]}, "properties": {"zona": 774, "descripcion": "MAESTRO RODRIGO, Nº 27 (de Vall de la Ballestera a Marqués de San Juan)"}}, {"type": "Feature", "geometry": {"type": "Point", "coordinates": [-0.3981581, 39.4789335]}, "properties": {"zona": 775, "descripcion": "VALL DE LA BALLESTERA, Nº 39 (de Maestro Rodrigo a Catadau)"}}, {"type": "Feature", "geometry": {"type": "Point", "coordinates": [-0.3960713, 39.4791059]}, "properties": {"zona": 776, "descripcion": "CASTIELFABIB, Nº 18 (de Poeta Antonino Chocomeli a Marqués de San Juan)"}}, {"type": "Feature", "geometry": {"type": "Point", "coordinates": [-0.396345, 39.4795234]}, "properties": {"zona": 777, "descripcion": "VALL DE LA BALLESTERA, Nº 29 (de Castielfabib a Av. Pío XII)"}}, {"type": "Feature", "geometry": {"type": "Point", "coordinates": [-0.3972337, 39.4802008]}, "properties": {"zona": 778, "descripcion": "GRABADOR ENGUIDANOS, Nº 50 (de Barón Barcheta a Vall de la Ballestera)"}}, {"type": "Feature", "geometry": {"type": "Point", "coordinates": [-0.4002478, 39.4789976]}, "properties": {"zona": 779, "descripcion": "VALL DE LA BALLESTERA, fte. Nº33 (de Grabador Enguidanos a Maestro Rodrigo)"}}, {"type": "Feature", "geometry": {"type": "Point", "coordinates": [-0.4002478, 39.4789976]}, "properties": {"zona": 780, "descripcion": "VALL DE LA BALLESTERA, s/n (de Maestro Rodrigo a Eduardo Soler y Pérez)"}}, {"type": "Feature", "geometry": {"type": "Point", "coordinates": [-0.4004352, 39.4785617]}, "properties": {"zona": 781, "descripcion": "VALL DE LA BALLESTERA, Nº 42 (de Eduardo Soler y Pérez a Tamarindos)"}}, {"type": "Feature", "geometry": {"type": "Point", "coordinates": [-0.4063745678909362, 39.478085024834606]}, "properties": {"zona": 782, "descripcion": "PÍO BAROJA, fte. C.Comercial (de Vall de la Ballestera a Pte. 9 d'Octubre)"}}, {"type": "Feature", "geometry": {"type": "Point", "coordinates": [-0.4063745678909362, 39.478085024834606]}, "properties": {"zona": 782, "descripcion": "PÍO BAROJA, fte. C.Comercial (de Vall de la Ballestera a Pte. 9 d'Octubre)"}}, {"type": "Feature", "geometry": {"type": "Point", "coordinates": [-0.4014977, 39.475495]}, "properties": {"zona": 783, "descripcion": "MANUEL DE FALLA, s/n (de Hernández Lázaro a Pío Baroja)"}}, {"type": "Feature", "geometry": {"type": "Point", "coordinates": [-0.3912987, 39.4756773]}, "properties": {"zona": 784, "descripcion": "MAESTRO RODRIGO, fte. Nº 19 (de Marqués de San Juan a Valle de la Ballestera)"}}, {"type": "Feature", "geometry": {"type": "Point", "coordinates": [-0.3945672, 39.4784016]}, "properties": {"zona": 785, "descripcion": "AV. CAMPANAR, Nº 120 (de Marqués de San Juan a Tirso de Molina)"}}, {"type": "Feature", "geometry": {"type": "Point", "coordinates": [-0.39635, 39.47676999999999]}, "properties": {"zona": 786, "descripcion": "TIRSO DE MOLINA, lateral rio (de Pte. Campanar a Av. Campanar)"}}, {"type": "Feature", "geometry": {"type": "Point", "coordinates": [-0.3945841, 39.4829269]}, "properties": {"zona": 787, "descripcion": "AV. PÍO XII, Nº 33 (de Gaudencio Torres a Vall de la Ballestera)"}}, {"type": "Feature", "geometry": {"type": "Point", "coordinates": [-0.3729948, 39.4938287]}, "properties": {"zona": 788, "descripcion": "AV. CONSTITUCIÓN, fte. Nº 299 (de Río Genil a Av. Hermanos Machado"}}, {"type": "Feature", "geometry": {"type": "Point", "coordinates": [-0.3684793, 39.5030169]}, "properties": {"zona": 790, "descripcion": "AV. CONSTITUCIÓN, Nº 323 (de Tavernes Blanques a Río Genil )"}}, {"type": "Feature", "geometry": {"type": "Point", "coordinates": [-0.37225, 39.4959887]}, "properties": {"zona": 791, "descripcion": "CONDE LUMIARES, Nº 22 (Pl. Tosal del Rey a Pedro Cabanes)"}}, {"type": "Feature", "geometry": {"type": "Point", "coordinates": [-0.3720035, 39.4947054]}, "properties": {"zona": 792, "descripcion": "AV. CONSTITUCIÓN, Nº 191 (de Coronel Montesinos a Pedro Cabanes)"}}, {"type": "Feature", "geometry": {"type": "Point", "coordinates": [-0.399122, 39.489856]}, "properties": {"zona": 793, "descripcion": "AV. CORTES VALENCIANAS (LATERAL), Nº 28 de la Safor a Camp de Túria)"}}, {"type": "Feature", "geometry": {"type": "Point", "coordinates": [-0.4004689, 39.49290200000001]}, "properties": {"zona": 794, "descripcion": "AV. CORTES VALENCIANAS, Nº 28 (de La Safor a Camp de Túria)"}}, {"type": "Feature", "geometry": {"type": "Point", "coordinates": [-0.4015113, 39.4921784]}, "properties": {"zona": 795, "descripcion": "AV. CORTES VALENCIANAS, Nº 39 (de Camp de Túria a La Safor)"}}, {"type": "Feature", "geometry": {"type": "Point", "coordinates": [-0.4057058262070312, 39.49352368846195]}, "properties": {"zona": 796, "descripcion": "CAMP DE TURIA, S/N (de Av. Cortes Valencianas a Nicasio Benlloch)"}}, {"type": "Feature", "geometry": {"type": "Point", "coordinates": [-0.4028536, 39.4964572]}, "properties": {"zona": 797, "descripcion": "DELS PORTS, S/N (PTA. PALACIO CONGRESOS) (de Camp de Túria a Nicasio Benlloch)"}}, {"type": "Feature", "geometry": {"type": "Point", "coordinates": [-0.3992954, 39.4890745]}, "properties": {"zona": 798, "descripcion": "AV. CORTES VALENCIANAS, Nº 17 (de La Safor a Paso Inf. y Gral. Avilés)"}}, {"type": "Feature", "geometry": {"type": "Point", "coordinates": [-0.3969234, 39.4920209]}, "properties": {"zona": 799, "descripcion": "NICASIO BENLLOCH, S/N (ESQ. CAMP DE TURIA) (de Camp de Túria a Sierra de Agullent)"}}, {"type": "Feature", "geometry": {"type": "Point", "coordinates": [-0.4117374, 39.503321]}, "properties": {"zona": 800, "descripcion": "CV-35 SALIDA (desde Camp de Túria)"}}, {"type": "Feature", "geometry": {"type": "Point", "coordinates": [-0.4039709486755205, 39.4913386362332]}, "properties": {"zona": 801, "descripcion": "CANAL DE NAVARRES, S/N (de Av. Cortes Valencianas a la Marina Alta)"}}, {"type": "Feature", "geometry": {"type": "Point", "coordinates": [-0.3992304, 39.4933304]}, "properties": {"zona": 802, "descripcion": "L'HORTA SUD, S/N (de Av. Cortes Valencianas a Nicasio Benlloch)"}}, {"type": "Feature", "geometry": {"type": "Point", "coordinates": [-0.3981307, 39.493414]}, "properties": {"zona": 803, "descripcion": "NICASIO BENLLOCH, Nº 122 (de Sierra de Agullent a la Safor)"}}, {"type": "Feature", "geometry": {"type": "Point", "coordinates": [-0.3958235, 39.4911657]}, "properties": {"zona": 804, "descripcion": "NICASIO BENLLOCH, Nº 74 (de La Safor a Benicadell)"}}, {"type": "Feature", "geometry": {"type": "Point", "coordinates": [-0.4004296, 39.4902599]}, "properties": {"zona": 805, "descripcion": "LA SAFOR, Nº 10 (de Av. Cortes Valencianas a La Marina Alta)"}}, {"type": "Feature", "geometry": {"type": "Point", "coordinates": [-0.4050261, 39.4864763]}, "properties": {"zona": 806, "descripcion": "MAESTRO RODRIGO, Nº 107 (de la Safor a Gral. Avilés)"}}, {"type": "Feature", "geometry": {"type": "Point", "coordinates": [-0.4050817, 39.4888916]}, "properties": {"zona": 807, "descripcion": "MAESTRO RODRIGO, Nº 78 (de La Safor a Camp de Túria)"}}, {"type": "Feature", "geometry": {"type": "Point", "coordinates": [-0.40254, 39.484251]}, "properties": {"zona": 808, "descripcion": "MAESTRO RODRIGO, S/N (de Camp de Túria a La Safor)"}}, {"type": "Feature", "geometry": {"type": "Point", "coordinates": [-0.4042085, 39.4877956]}, "properties": {"zona": 809, "descripcion": "LA SAFOR, Nº 19 (de Maestro Rodrigo a Av. Cortes Valencianas)"}}, {"type": "Feature", "geometry": {"type": "Point", "coordinates": [-0.4102352853734955, 39.49489262372871]}, "properties": {"zona": 810, "descripcion": "ACCESO A BENIMAMET, DE MAESTRO RODRIGO  A  BENIMAMET"}}, {"type": "Feature", "geometry": {"type": "Point", "coordinates": [-0.40254, 39.484251]}, "properties": {"zona": 811, "descripcion": "ACCESO DE BENIMAMET, DE  BENIMAMET A MAESTRO RODRIGO"}}, {"type": "Feature", "geometry": {"type": "Point", "coordinates": [-0.399122, 39.489856]}, "properties": {"zona": 812, "descripcion": "AV. CORTES VALENCIANAS, S/N (de Padre Barranco a Gral. Avilés)"}}, {"type": "Feature", "geometry": {"type": "Point", "coordinates": [-0.3936329, 39.4825108]}, "properties": {"zona": 813, "descripcion": "P.I. AV. PÍO XII (ENTRADA) (de La Safor a Av. Campanar)"}}, {"type": "Feature", "geometry": {"type": "Point", "coordinates": [-0.350864, 39.4603419]}, "properties": {"zona": 814, "descripcion": "AV. FRANCIA, Nº 19 (de Alfredo Torán y Olmos a Tomás Montañana)"}}, {"type": "Feature", "geometry": {"type": "Point", "coordinates": [-0.3615100577555979, 39.470664599776775]}, "properties": {"zona": 815, "descripcion": "ALAMEDA, FRENTE Nº 46 (de Vicente Beltrán a Menorca)"}}, {"type": "Feature", "geometry": {"type": "Point", "coordinates": [-0.3446677, 39.4582942]}, "properties": {"zona": 816, "descripcion": "MENORCA, Nº 20 (de Av. Francia a Alameda)"}}, {"type": "Feature", "geometry": {"type": "Point", "coordinates": [-0.3447962, 39.457504]}, "properties": {"zona": 817, "descripcion": "MENORCA, Nº 17 (de Alameda a Av. Francia)"}}, {"type": "Feature", "geometry": {"type": "Point", "coordinates": [-0.3437354, 39.4585704]}, "properties": {"zona": 818, "descripcion": "MENORCA, S/N (de Av. Baleares a Av. Francia)"}}, {"type": "Feature", "geometry": {"type": "Point", "coordinates": [-0.3478362, 39.4605561]}, "properties": {"zona": 819, "descripcion": "PINTOR MAELLA, S/N (de Baleares a Av. Francia)"}}, {"type": "Feature", "geometry": {"type": "Point", "coordinates": [-0.3417363, 39.459558]}, "properties": {"zona": 820, "descripcion": "MENORCA, Nº 11 (de Av. Baleares a Rodrigo de Pertegas)"}}, {"type": "Feature", "geometry": {"type": "Point", "coordinates": [-0.3401841, 39.45934889999999]}, "properties": {"zona": 821, "descripcion": "IBIZA, Nº 25 (de Av. Baleares a Méndez Nuñez)"}}, {"type": "Feature", "geometry": {"type": "Point", "coordinates": [-0.3410749, 39.46050839999999]}, "properties": {"zona": 822, "descripcion": "MENORCA, Nº 2 (de Rodrigo de Pertegás a Av. Baleares)"}}, {"type": "Feature", "geometry": {"type": "Point", "coordinates": [-0.3404791, 39.4600476]}, "properties": {"zona": 823, "descripcion": "IBIZA, Nº 22 (de Méndez Nuñez a Baleares)"}}, {"type": "Feature", "geometry": {"type": "Point", "coordinates": [-0.3398715, 39.4601879]}, "properties": {"zona": 824, "descripcion": "IBIZA, Nº 17 (de Méndez Nuñez a I.Canarias)"}}, {"type": "Feature", "geometry": {"type": "Point", "coordinates": [-0.3503865, 39.4595884]}, "properties": {"zona": 825, "descripcion": "AV. FRANCIA, Nº 16 (de Alfredo Torán y Olmos a Pintor Maella)"}}, {"type": "Feature", "geometry": {"type": "Point", "coordinates": [-0.3503466, 39.4582897]}, "properties": {"zona": 826, "descripcion": "ALAMEDA, Nº 46 (de Vicente Beltrán a Padre Tomás Montañana)"}}, {"type": "Feature", "geometry": {"type": "Point", "coordinates": [-0.373908, 39.4989705]}, "properties": {"zona": 827, "descripcion": "AV. HERMANOS MACHADO, S/N (De Salvador Cervero a Salida Ciudad)"}}, {"type": "Feature", "geometry": {"type": "Point", "coordinates": [-0.3834309, 39.4940088]}, "properties": {"zona": 828, "descripcion": "JUAN XXIII, S/N (de Av. Hnos. Machado a Rio Nervión)"}}, {"type": "Feature", "geometry": {"type": "Point", "coordinates": [-0.383811, 39.4946061]}, "properties": {"zona": 829, "descripcion": "JUAN XXIII, Nº 45 (de Rio Nervión a Castellonet)"}}, {"type": "Feature", "geometry": {"type": "Point", "coordinates": [-0.3829633, 39.4937809]}, "properties": {"zona": 830, "descripcion": "JUAN XXIII, Nº 40 (de Pedro Cabanes a Rio Nervión)"}}, {"type": "Feature", "geometry": {"type": "Point", "coordinates": [-0.3834471, 39.4929343]}, "properties": {"zona": 831, "descripcion": "JUAN XXIII, Nº 33 (de Castellonet a Gil Sumbiela)"}}, {"type": "Feature", "geometry": {"type": "Point", "coordinates": [-0.4060486, 39.4682774]}, "properties": {"zona": 832, "descripcion": "AVENIDA TRES CRUCES, S/N (de Gaspar Aguilar a Campos Crespo)"}}, {"type": "Feature", "geometry": {"type": "Point", "coordinates": [-0.3923035, 39.4488877]}, "properties": {"zona": 833, "descripcion": "AV. DR. TOMAS SALA s/n (de Jerónima Galés a Gaspar Aguilar)"}}, {"type": "Feature", "geometry": {"type": "Point", "coordinates": [-0.391969, 39.4471847]}, "properties": {"zona": 834, "descripcion": "AV. DR. TOMAS SALA, Nº 8 (de Pío IX a San Marcelino)"}}, {"type": "Feature", "geometry": {"type": "Point", "coordinates": [-0.3900829, 39.4481387]}, "properties": {"zona": 835, "descripcion": "AV. DR. TOMAS SALA nº 19 (de Carteros a Jerónima Galés)"}}, {"type": "Feature", "geometry": {"type": "Point", "coordinates": [-0.3923035, 39.4488877]}, "properties": {"zona": 836, "descripcion": "AV. DR. TOMAS SALA, S/N (de San Marcelino a San Vicente Mártir)"}}, {"type": "Feature", "geometry": {"type": "Point", "coordinates": [-0.3867083, 39.4472625]}, "properties": {"zona": 837, "descripcion": "AV. DR. TOMAS SALA, Nº 45 (de San Vicente Mártir a Carteros)"}}, {"type": "Feature", "geometry": {"type": "Point", "coordinates": [-0.3868097, 39.4457428]}, "properties": {"zona": 838, "descripcion": "SAN VICENTE MARTIR, Nº 386 (de Fdo. Abril Martorell a Arzobispo Olaechea)"}}, {"type": "Feature", "geometry": {"type": "Point", "coordinates": [-0.3858036, 39.4473949]}, "properties": {"zona": 839, "descripcion": "SAN VICENTE MARTIR, Nº 317 (de Fdo. Abril Martorell a Tomás de Villarroya)"}}, {"type": "Feature", "geometry": {"type": "Point", "coordinates": [-0.3870635, 39.4451261]}, "properties": {"zona": 840, "descripcion": "SAN VICENTE MARTIR, Nº 412 (de Arzobispo Olaechea a Fdo. Abril Martorell)"}}, {"type": "Feature", "geometry": {"type": "Point", "coordinates": [-0.365381, 39.48924909999999]}, "properties": {"zona": 841, "descripcion": "ALFAHUIR, Nº 26 (de J. Maria Pinazo a Av. Valladolid)"}}, {"type": "Feature", "geometry": {"type": "Point", "coordinates": [-0.3779244, 39.4453863]}, "properties": {"zona": 842, "descripcion": "FDO. ABRIL MARTORELL, S,/N (de Ausias March a Cª Malilla)"}}, {"type": "Feature", "geometry": {"type": "Point", "coordinates": [-0.3779244, 39.4453863]}, "properties": {"zona": 843, "descripcion": "FDO. ABRIL MARTORELL, S/N (SALIDA DE LA FE) (de Cª Malilla a Ausias March)"}}, {"type": "Feature", "geometry": {"type": "Point", "coordinates": [-0.368528, 39.4448704]}, "properties": {"zona": 844, "descripcion": "AV. AUSIAS MARCH, Nº 105 (de Fdo. Abril Martorell a Pista de Silla, salida ciudad)"}}, {"type": "Feature", "geometry": {"type": "Point", "coordinates": [-0.3668607, 39.4476498]}, "properties": {"zona": 845, "descripcion": "ANTONIO FERRANDIS, S/N (de Bombero Ramon Duart Carrera Fuente S. Luis)"}}, {"type": "Feature", "geometry": {"type": "Point", "coordinates": [-0.3671856, 39.4438036]}, "properties": {"zona": 846, "descripcion": "Cª FUENTE SAN LUIS, S/N (de Antonio Ferrandis a Ángel de Villena)"}}, {"type": "Feature", "geometry": {"type": "Point", "coordinates": [-0.3675607, 39.4444984]}, "properties": {"zona": 847, "descripcion": "GRABADOR JORDÁN, FRENTE Nº 7 (de Antonio Ferrandis a Río Seco)"}}, {"type": "Feature", "geometry": {"type": "Point", "coordinates": [-0.3805789, 39.4401042]}, "properties": {"zona": 848, "descripcion": "Cª MALILLA, Nº 99 (de Fdo. Abril Martorell a I.Formentera)"}}, {"type": "Feature", "geometry": {"type": "Point", "coordinates": [-0.3779244, 39.4453863]}, "properties": {"zona": 849, "descripcion": "FDO. ABRIL MARTORELL CALZADA LATERAL (de Río Eresma a Cª Malilla)"}}, {"type": "Feature", "geometry": {"type": "Point", "coordinates": [-0.3690485, 39.4476567]}, "properties": {"zona": 850, "descripcion": "AV. AUSIAS MARCH, Nº 83 (de Antonio Ferrandis a Ebanista Caselles)"}}, {"type": "Feature", "geometry": {"type": "Point", "coordinates": [-0.375348094621761, 39.46908882590018]}, "properties": {"zona": 851, "descripcion": "LAURIA, Nº 2 (de Pl. Ayuntamiento a Pascual y Genís)"}}, {"type": "Feature", "geometry": {"type": "Point", "coordinates": [-0.3783792, 39.4706714]}, "properties": {"zona": 852, "descripcion": "GARRIGUES nº 1 (de S. Vicente Mártir a Av. del Oeste)"}}, {"type": "Feature", "geometry": {"type": "Point", "coordinates": [-0.3625311, 39.4557525]}, "properties": {"zona": 853, "descripcion": "AMADO GRANELL MESADO (MILITAR) nº 7 (de Luís Oliag a Peris y Valero)"}}, {"type": "Feature", "geometry": {"type": "Point", "coordinates": [-0.3907878, 39.4821251]}, "properties": {"zona": 854, "descripcion": "JOAQUÍN BALLESTER, Nº 37 (de Beltrán Báguena a Av. Pío XII)"}}, {"type": "Feature", "geometry": {"type": "Point", "coordinates": [-0.3728585, 39.4934559]}, "properties": {"zona": 855, "descripcion": "AV. CONSTITUCIÓN Nº 188 (de Coronel Montesinos a Pl. D. Bosco)"}}, {"type": "Feature", "geometry": {"type": "Point", "coordinates": [-0.3491471, 39.4826978]}, "properties": {"zona": 856, "descripcion": "AVDA CATALUÑA LATERAL, de Primado Reig a Clariano"}}, {"type": "Feature", "geometry": {"type": "Point", "coordinates": [-0.3869945, 39.4482345]}, "properties": {"zona": 857, "descripcion": "TOMÁS DE VILLARROYA, nº 8 (de Pl. de Holanda a San Vicente)"}}, {"type": "Feature", "geometry": {"type": "Point", "coordinates": [-0.3460242, 39.4750026]}, "properties": {"zona": 858, "descripcion": "SERPIS, Nº 38 (de Cº de Cabañal a Ramón Llull)"}}, {"type": "Feature", "geometry": {"type": "Point", "coordinates": [-0.360297, 39.4553232]}, "properties": {"zona": 860, "descripcion": "PROFESOR LÓPEZ PIÑERO, ESQUINA POETA JOSEP CERVERA Y GRIFOL (de Salida)"}}, {"type": "Feature", "geometry": {"type": "Point", "coordinates": [-0.3377808, 39.4903326]}, "properties": {"zona": 861, "descripcion": "V-21 LATERAL SALIDA (de Avda. Naranjos a V-21)"}}, {"type": "Feature", "geometry": {"type": "Point", "coordinates": [-0.3723633, 39.4912059]}, "properties": {"zona": 862, "descripcion": "PASO INFERIOR  AVDA. CATALUÑA DE ENTRADA, de V-21 a Primado Reig"}}, {"type": "Feature", "geometry": {"type": "Point", "coordinates": [-0.3377808, 39.4903326]}, "properties": {"zona": 863, "descripcion": "PASO INFERIOR AVDA. CATALUÑA DE SALIDA,  de Primado Reig a V-21"}}, {"type": "Feature", "geometry": {"type": "Point", "coordinates": [-0.3756348, 39.4738338]}, "properties": {"zona": 864, "descripcion": "ALAMEDA, FRENTE Nº 54 (de Menorca a Ibiza)"}}, {"type": "Feature", "geometry": {"type": "Point", "coordinates": [-0.3478165, 39.4582504]}, "properties": {"zona": 865, "descripcion": "PINTOR MAELLA, Nº 35 (de Luis Bolinches a Av. Francia)"}}, {"type": "Feature", "geometry": {"type": "Point", "coordinates": [-0.4066403, 39.4496556]}, "properties": {"zona": 866, "descripcion": "VARIANTE V-30 ENTRADA (de V-30 a San Pío X)"}}, {"type": "Feature", "geometry": {"type": "Point", "coordinates": [-0.3756348, 39.4738338]}, "properties": {"zona": 867, "descripcion": "VARIANTE V-30 SALIDA (de San Pío X a V-30)"}}, {"type": "Feature", "geometry": {"type": "Point", "coordinates": [-0.3601622, 39.4933644]}, "properties": {"zona": 868, "descripcion": "ALFAHUIR, Nº 47 (de Hnos. Machado a Santiago Rusiñol)"}}, {"type": "Feature", "geometry": {"type": "Point", "coordinates": [-0.3779244, 39.4453863]}, "properties": {"zona": 869, "descripcion": "PASO ELEVADO FDO. ABRIL MARTORELL (de San Vicente Mártir a Cª Malilla)"}}, {"type": "Feature", "geometry": {"type": "Point", "coordinates": [-0.3392503, 39.4779652]}, "properties": {"zona": 870, "descripcion": "AV. LOS NARANJOS (de Av. Cataluña a Ramón Llull)"}}, {"type": "Feature", "geometry": {"type": "Point", "coordinates": [-0.388496, 39.4933146]}, "properties": {"zona": 871, "descripcion": "AV. ECUADOR, Nº 38 (de Gral. Llorens a Serrano Clavero)"}}, {"type": "Feature", "geometry": {"type": "Point", "coordinates": [-0.3895165, 39.4939184]}, "properties": {"zona": 872, "descripcion": "AV. ECUADOR, Nº 44 (de Serrano Clavero a Azucena)"}}, {"type": "Feature", "geometry": {"type": "Point", "coordinates": [-0.3893002, 39.4920664]}, "properties": {"zona": 873, "descripcion": "SERRANO CLAVERO, Nº 43 (de Ecuador a Alcalde Gurrea)"}}, {"type": "Feature", "geometry": {"type": "Point", "coordinates": [-0.3889117, 39.4960432]}, "properties": {"zona": 874, "descripcion": "AVENIDA LEVANTE U.D., S/N (De Avda. Ecuador a Federico Alcacer Aguilar)"}}, {"type": "Feature", "geometry": {"type": "Point", "coordinates": [-0.3889117, 39.4960432]}, "properties": {"zona": 875, "descripcion": "AVDA. LEVANTE U.D.,S/N (de C/ Encarna Albarracín a Avda. Ecuador)"}}, {"type": "Feature", "geometry": {"type": "Point", "coordinates": [-0.3860941, 39.4920198]}, "properties": {"zona": 876, "descripcion": "GRAL. LLORENS, S/N (de Av. de Ecuador a Serrano Clavero)"}}, {"type": "Feature", "geometry": {"type": "Point", "coordinates": [-0.3864053, 39.4950412]}, "properties": {"zona": 877, "descripcion": "FEDERICO ALCACER AGUILAR, S/N (de Serrano Clavero a Juan XXIII)"}}, {"type": "Feature", "geometry": {"type": "Point", "coordinates": [-0.3478362, 39.4605561]}, "properties": {"zona": 878, "descripcion": "AV. FRANCIA  s/n esquina Pintor Maella (de Pintor Maella a Higinio Noja)"}}, {"type": "Feature", "geometry": {"type": "Point", "coordinates": [-0.3469028, 39.4594575]}, "properties": {"zona": 879, "descripcion": "AV. FRANCIA nº 47 (de Higinio Noja a Pintor Maella)"}}, {"type": "Feature", "geometry": {"type": "Point", "coordinates": [-0.3822539, 39.4979962]}, "properties": {"zona": 880, "descripcion": "AV. HNOS. MACHADO, Nº 137 (de Cº Moncada a Juan XXIII)"}}, {"type": "Feature", "geometry": {"type": "Point", "coordinates": [-0.373908, 39.4989705]}, "properties": {"zona": 881, "descripcion": "AV. HNOS. MACHADO, S/N (de Conde de Torrefiel a Cº Moncada)"}}, {"type": "Feature", "geometry": {"type": "Point", "coordinates": [-0.3736559, 39.4724081]}, "properties": {"zona": 882, "descripcion": "Cº MONCADA - VÍA LATERAL (SALIDA) (de Av. Hnos. Machado a Poble Nou)"}}, {"type": "Feature", "geometry": {"type": "Point", "coordinates": [-0.380912550075674, 39.49598440626254]}, "properties": {"zona": 883, "descripcion": "Cº MONCADA, S/N (de  Av. Hnos. Machado a Rio Bidasoa)"}}, {"type": "Feature", "geometry": {"type": "Point", "coordinates": [-0.3814840762268863, 39.49779019466408]}, "properties": {"zona": 884, "descripcion": "Cº MONCADA, FRENTE Nº 131 (de  Río Bidasoa a Av. Hnos. Machado)"}}, {"type": "Feature", "geometry": {"type": "Point", "coordinates": [-0.3756348, 39.4738338]}, "properties": {"zona": 885, "descripcion": "Cº MONCADA - P.I. SALIDA (de Valencia a Poble Nou)"}}, {"type": "Feature", "geometry": {"type": "Point", "coordinates": [-0.3705903, 39.4973765]}, "properties": {"zona": 886, "descripcion": "AV. CONSTITUCIÓN, Nº 270 (de Santiago Rusiñol a Av. Hnos. Machado)"}}, {"type": "Feature", "geometry": {"type": "Point", "coordinates": [-0.3695791, 39.4972234]}, "properties": {"zona": 887, "descripcion": "SAN JUAN BOSCO, Nº 95 (de Hnos. Machado a Santiago Rusiñol)"}}, {"type": "Feature", "geometry": {"type": "Point", "coordinates": [-0.373908, 39.4989705]}, "properties": {"zona": 888, "descripcion": "AV. HNOS. MACHADO, FRENTE NUM. 13 (FRENTE C.C. ARENA) (de Op. a Motilla del Palancar a Op. San Vicen"}}, {"type": "Feature", "geometry": {"type": "Point", "coordinates": [-0.356924222537773, 39.49461796953337]}, "properties": {"zona": 889, "descripcion": "ENTRADA A VALENCIA DESDE ALBORAYA (de Alboraya a Av. Hnos. Machado)"}}, {"type": "Feature", "geometry": {"type": "Point", "coordinates": [-0.3527075, 39.4633618]}, "properties": {"zona": 890, "descripcion": "SALIDA DE VALENCIA HACIA ALBORAYA (de Ronda Norte a Alboraya)"}}, {"type": "Feature", "geometry": {"type": "Point", "coordinates": [-0.3602898, 39.4889576]}, "properties": {"zona": 891, "descripcion": "POETA EMILIO BARÓ, S/N (de Rotonda Ronda Norte a Ismael Merlo)"}}, {"type": "Feature", "geometry": {"type": "Point", "coordinates": [-0.3258844, 39.4761855]}, "properties": {"zona": 892, "descripcion": "ISABEL DE VILLENA, Nº 29 (de Río Tajo a Av. los Naranjos)"}}, {"type": "Feature", "geometry": {"type": "Point", "coordinates": [-0.325744, 39.47420049999999]}, "properties": {"zona": 893, "descripcion": "EUGENIA VIÑES, Nº 247 (de Acequia de la Cadena a Vicente Guillot)"}}, {"type": "Feature", "geometry": {"type": "Point", "coordinates": [-0.3531551, 39.4549911]}, "properties": {"zona": 894, "descripcion": "PROFESOR LÓPEZ PIÑERO - Frente UMBRACLE (de Antonio Ferrandis a Pte. de Monteolivete)"}}, {"type": "Feature", "geometry": {"type": "Point", "coordinates": [-0.3510134, 39.4619724]}, "properties": {"zona": 895, "descripcion": "AV. BALEARES, Nº 63 (de Vicente Beltrán a Lebón)"}}, {"type": "Feature", "geometry": {"type": "Point", "coordinates": [-0.3408846, 39.4593388]}, "properties": {"zona": 896, "descripcion": "AV. BALEARES, Nº 133 (de Ibiza a Menorca)"}}, {"type": "Feature", "geometry": {"type": "Point", "coordinates": [-0.3368748, 39.4587667]}, "properties": {"zona": 897, "descripcion": "JUAN VERDEGUER s/n (de Ing. Manuel Soto a J.J. Sister)"}}, {"type": "Feature", "geometry": {"type": "Point", "coordinates": [-0.3361768, 39.4588186]}, "properties": {"zona": 898, "descripcion": "JUAN VERDEGUER, Nº 32 (de Padre porta a Toneleros)"}}, {"type": "Feature", "geometry": {"type": "Point", "coordinates": [-0.3531896, 39.4626384]}, "properties": {"zona": 899, "descripcion": "AV. BALEARES, Nº 45 (de Padre Tomás Montañana a Rio Escalona)"}}, {"type": "Feature", "geometry": {"type": "Point", "coordinates": [-0.3559479, 39.4632144]}, "properties": {"zona": 900, "descripcion": "AV. BALEARES, Nº 4 (de Río Escalona a Andrés Mancebo)"}}, {"type": "Feature", "geometry": {"type": "Point", "coordinates": [-0.3492999, 39.4613092]}, "properties": {"zona": 901, "descripcion": "AV. BALEARES, S/N (de Dama de Elche a Trafalgar)"}}, {"type": "Feature", "geometry": {"type": "Point", "coordinates": [-0.3453633, 39.4606459]}, "properties": {"zona": 902, "descripcion": "AV. BALEARES s/n esquina Trafalgar (de Trafalgar a Higinio Noja)"}}, {"type": "Feature", "geometry": {"type": "Point", "coordinates": [-0.3480336, 39.4610722]}, "properties": {"zona": 903, "descripcion": "AV. BALEARES, Nº 75 (de Pintor Maella a Vicente Beltrán)"}}, {"type": "Feature", "geometry": {"type": "Point", "coordinates": [-0.4117374, 39.503321]}, "properties": {"zona": 904, "descripcion": "CV-35 ENTRADA (de Empalme a Camp de Túria)"}}, {"type": "Feature", "geometry": {"type": "Point", "coordinates": [-0.3454331, 39.4606864]}, "properties": {"zona": 905, "descripcion": "TRAFALGAR, Nº 38 (de Av. Baleares a Carolina Álvarez)"}}, {"type": "Feature", "geometry": {"type": "Point", "coordinates": [-0.3756348, 39.4738338]}, "properties": {"zona": 906, "descripcion": "ALFREDO TORÁN Y OLMOS nº 1 (de Av. Baleares a Av. Francia)"}}, {"type": "Feature", "geometry": {"type": "Point", "coordinates": [-0.3465246, 39.4611849]}, "properties": {"zona": 907, "descripcion": "HIGINIO NOJA (PROFESOR) s/n esquina Av. Baleares (de Av. Baleares a Av. Francia)"}}, {"type": "Feature", "geometry": {"type": "Point", "coordinates": [-0.3589642, 39.4675946]}, "properties": {"zona": 908, "descripcion": "AV. DEL PUERTO, Nº 22 (de Pl. Zaragoza a Antonio Suarez)"}}, {"type": "Feature", "geometry": {"type": "Point", "coordinates": [-0.354868, 39.4663716]}, "properties": {"zona": 909, "descripcion": "AV. DEL PUERTO, Nº 64 (de Av. Cardenal Benlloch a José Faus)"}}, {"type": "Feature", "geometry": {"type": "Point", "coordinates": [-0.3529874, 39.4658343]}, "properties": {"zona": 910, "descripcion": "AV. DEL PUERTO, Nº 100 (de Abben al Abbar a Dr. Manuel Candela)"}}, {"type": "Feature", "geometry": {"type": "Point", "coordinates": [-0.3449953, 39.4634952]}, "properties": {"zona": 911, "descripcion": "AV. PUERTO nº 192 (de Higinio Noja a Trafalgar)"}}, {"type": "Feature", "geometry": {"type": "Point", "coordinates": [-0.3577547, 39.4671857]}, "properties": {"zona": 912, "descripcion": "AV. DEL PUERTO, Nº 34 (de Antonio Suarez a Av. Cardenal Benlloch)"}}, {"type": "Feature", "geometry": {"type": "Point", "coordinates": [-0.3380424, 39.46141679999999]}, "properties": {"zona": 913, "descripcion": "AV. DEL PUERTO, Nº 274 (de Serrería a I.Canarias)"}}, {"type": "Feature", "geometry": {"type": "Point", "coordinates": [-0.3352573, 39.4605202]}, "properties": {"zona": 914, "descripcion": "AV. DEL PUERTO, Nº 310 (de Padre Porta a Bello)"}}, {"type": "Feature", "geometry": {"type": "Point", "coordinates": [-0.3406195, 39.4617605]}, "properties": {"zona": 915, "descripcion": "SIETE AGUAS, Nº 5 (de I.Canarias a Av. del Puerto)"}}, {"type": "Feature", "geometry": {"type": "Point", "coordinates": [-0.3409535, 39.4615949]}, "properties": {"zona": 916, "descripcion": "I.CANARIAS, Nº 237 (de Siete Aguas a Noguera)"}}, {"type": "Feature", "geometry": {"type": "Point", "coordinates": [-0.3415332, 39.4620413]}, "properties": {"zona": 917, "descripcion": "NOGUERA, Nº 5 (de I.Canarias a Av. del Puerto)"}}, {"type": "Feature", "geometry": {"type": "Point", "coordinates": [-0.3431812, 39.4624225]}, "properties": {"zona": 918, "descripcion": "I.CANARIAS, Nº 211 (de Dama de Elche a Trafalgar)"}}, {"type": "Feature", "geometry": {"type": "Point", "coordinates": [-0.3464673, 39.4638631]}, "properties": {"zona": 919, "descripcion": "I.CANARIAS, Nº 151 (de Pintor Maella a Vicente Beltrán Grimalt)"}}, {"type": "Feature", "geometry": {"type": "Point", "coordinates": [-0.353814, 39.4657437]}, "properties": {"zona": 920, "descripcion": "I.CANARIAS, Nº 62 (de Rio Arcos a Lo Rat Penat)"}}, {"type": "Feature", "geometry": {"type": "Point", "coordinates": [-0.3571849, 39.466508]}, "properties": {"zona": 921, "descripcion": "I.CANARIAS, Nº 24 (de Eduardo Boscá a Pº Alameda)"}}, {"type": "Feature", "geometry": {"type": "Point", "coordinates": [-0.3567945, 39.4669079]}, "properties": {"zona": 922, "descripcion": "EDUARDO BOSCÁ, Nº 2 (de Av. del Puerto a I.Canarias)"}}, {"type": "Feature", "geometry": {"type": "Point", "coordinates": [-0.3560478, 39.4674761]}, "properties": {"zona": 923, "descripcion": "AV. CARDENAL BENLLOCH, Nº 6 (de Av. del Puerto a Artes y Oficios)"}}, {"type": "Feature", "geometry": {"type": "Point", "coordinates": [-0.3493678, 39.4647805]}, "properties": {"zona": 924, "descripcion": "AV. DEL PUERTO, Nº 140 (de Floresta a Los Leones)"}}, {"type": "Feature", "geometry": {"type": "Point", "coordinates": [-0.3470327, 39.4641009]}, "properties": {"zona": 925, "descripcion": "AV. DEL PUERTO, Nº 156 (de Muñiz y H. De Alba a Pintor Maella)"}}, {"type": "Feature", "geometry": {"type": "Point", "coordinates": [-0.3425609, 39.4627082]}, "properties": {"zona": 926, "descripcion": "AV. DEL PUERTO, Nº 222 (de Dama de Elche a Noguera)"}}, {"type": "Feature", "geometry": {"type": "Point", "coordinates": [-0.3404765, 39.4620281]}, "properties": {"zona": 927, "descripcion": "AV. DEL PUERTO, Nº 246 (de Siete Aguas a Serrería)"}}, {"type": "Feature", "geometry": {"type": "Point", "coordinates": [-0.3503463169458334, 39.48215297333721]}, "properties": {"zona": 928, "descripcion": "SALIDA HACIA V-21"}}, {"type": "Feature", "geometry": {"type": "Point", "coordinates": [-0.3315918, 39.4574058]}, "properties": {"zona": 929, "descripcion": "INGENIERO MANUEL SOTO s/n ( de Puente de Astilleros a Comandancia de Marina)"}}, {"type": "Feature", "geometry": {"type": "Point", "coordinates": [-0.3315032, 39.4560248]}, "properties": {"zona": 930, "descripcion": "EJERCITO ESPAÑOL, (de Ingeniero Manuel Soto a Paseo de Cantarranas)"}}, {"type": "Feature", "geometry": {"type": "Point", "coordinates": [-0.3624643, 39.4489356]}, "properties": {"zona": 931, "descripcion": "P.I. ANTONIO FERRANDIS (de Fdo. Abril Martorell a Fuente En Corts)"}}, {"type": "Feature", "geometry": {"type": "Point", "coordinates": [-0.3759109, 39.4549759]}, "properties": {"zona": 932, "descripcion": "AMPARO ITURBI, Nº 71 (de Juan Ramón Jiménez a Av. Ausias March)"}}, {"type": "Feature", "geometry": {"type": "Point", "coordinates": [-0.3605835, 39.4495911]}, "properties": {"zona": 933, "descripcion": "ACTOR ANTONIO FERRANDIS s/n (de Carrera en Corts a Profesor López Piñero)"}}, {"type": "Feature", "geometry": {"type": "Point", "coordinates": [-0.3889117, 39.4960432]}, "properties": {"zona": 934, "descripcion": "AVDA. LEVANTE U.D., S/N (de Federico Alcacer Aguilar a Ronda Norte)"}}, {"type": "Feature", "geometry": {"type": "Point", "coordinates": [-0.3905408, 39.4940449]}, "properties": {"zona": 935, "descripcion": "AVDA. ECUADOR FRENTE Nº 95, (de Miguel Galan a Salvador Cervero)"}}, {"type": "Feature", "geometry": {"type": "Point", "coordinates": [-0.3935682, 39.496511]}, "properties": {"zona": 936, "descripcion": "AVDA. ECUADOR  Nº 101, (de  Salvador Cervero a Miguel Galan)"}}, {"type": "Feature", "geometry": {"type": "Point", "coordinates": [-0.3926267, 39.4977348]}, "properties": {"zona": 937, "descripcion": "SALVADOR CERVERO, Nº 2 (de Avda. Ecuador a C/ José Albi)"}}, {"type": "Feature", "geometry": {"type": "Point", "coordinates": [-0.3913473, 39.4986112]}, "properties": {"zona": 938, "descripcion": "SALVADOR CERVERO, S/N (de C/ Ninot a Avda. Ecuador)"}}, {"type": "Feature", "geometry": {"type": "Point", "coordinates": [-0.3913473, 39.4986112]}, "properties": {"zona": 939, "descripcion": "SALVADOR CERVERO, FRENTE Nº 19 (de C/ Ninot a Av. Hnos. Machado)"}}, {"type": "Feature", "geometry": {"type": "Point", "coordinates": [-0.3678015, 39.4925477]}, "properties": {"zona": 940, "descripcion": "DUQUE DE MANDAS FTE. Nº 30 (De Motilla del Palancar a San Vicente de Paul)"}}, {"type": "Feature", "geometry": {"type": "Point", "coordinates": [-0.367999, 39.4924444]}, "properties": {"zona": 941, "descripcion": "DUQUE DE MANDAS Nº 26 (De San Vicente de Paul a M. Palancar)"}}, {"type": "Feature", "geometry": {"type": "Point", "coordinates": [-0.3675301, 39.4928866]}, "properties": {"zona": 942, "descripcion": "SAN VICENTE DE PAUL Nº 36 (De Duque de Mandas a Arquitecto Tolsá)"}}, {"type": "Feature", "geometry": {"type": "Point", "coordinates": [-0.367226, 39.4933047]}, "properties": {"zona": 943, "descripcion": "SAN VICENTE DE PAUL, S/N (FRENTE IGLESIA) ( De Duque de Mandas a Av. Primado Reig)"}}, {"type": "Feature", "geometry": {"type": "Point", "coordinates": [-0.3678015, 39.4925477]}, "properties": {"zona": 944, "descripcion": "DUQUE DE MANDAS, S/N (FRENTE IGLESIA) (De San Vicente de Paul a Padre Viñas)"}}, {"type": "Feature", "geometry": {"type": "Point", "coordinates": [-0.367226, 39.4933047]}, "properties": {"zona": 945, "descripcion": "SAN VICENTE DE PAUL ESQ ARQUITECTO TOLSA ( De A. Tolsá a Santiago Rusiñol)"}}, {"type": "Feature", "geometry": {"type": "Point", "coordinates": [-0.367226, 39.4933047]}, "properties": {"zona": 946, "descripcion": "ARQUITECTO TOLSA, S/N (De San Vicente de Paul a Motilla del Palancar)"}}, {"type": "Feature", "geometry": {"type": "Point", "coordinates": [-0.3691017, 39.4886527]}, "properties": {"zona": 947, "descripcion": "MOTILLA DEL PALANCAR ESQUINA DUQUE DE MANDAS (De Duque de Mandas a Arquitecto Tolsá)"}}, {"type": "Feature", "geometry": {"type": "Point", "coordinates": [-0.3679609, 39.4884637]}, "properties": {"zona": 948, "descripcion": "ALFAHUIR Nº 7 (De Porta Coeli a Primado Reig)"}}, {"type": "Feature", "geometry": {"type": "Point", "coordinates": [-0.3265397, 39.4631428]}, "properties": {"zona": 949, "descripcion": "MARCOS SOPENA s/n (De Plaza Armada Española a Eugenia Viñes)"}}, {"type": "Feature", "geometry": {"type": "Point", "coordinates": [-0.3348923, 39.463175]}, "properties": {"zona": 950, "descripcion": "FRANCISCO CUBELLS Nº 14 (de Arquitecto Alfaro a S. Jose de la Vega)"}}, {"type": "Feature", "geometry": {"type": "Point", "coordinates": [-0.3715504, 39.4974988]}, "properties": {"zona": 951, "descripcion": "CONDE LUMIARES Nº 42, de Santiago Rusiñol a Meliana."}}, {"type": "Feature", "geometry": {"type": "Point", "coordinates": [-0.3277658, 39.4661622]}, "properties": {"zona": 952, "descripcion": "DR. LLUCH Nº 50, De Omet a Virgen del Sufragio"}}, {"type": "Feature", "geometry": {"type": "Point", "coordinates": [-0.3280921, 39.4684189]}, "properties": {"zona": 953, "descripcion": "VIRGEN DEL SUFRAGIO s/n, De tranvia a Dr. Lluch"}}, {"type": "Feature", "geometry": {"type": "Point", "coordinates": [-0.3255189, 39.4692723]}, "properties": {"zona": 954, "descripcion": "EUGENIA VIÑES s/n, De Marcos Sopena a Neptuno"}}, {"type": "Feature", "geometry": {"type": "Point", "coordinates": [-0.3265397, 39.4631428]}, "properties": {"zona": 955, "descripcion": "MARCOS SOPENA s/n, De Eugenia Viñes a Plaza Armada Española"}}, {"type": "Feature", "geometry": {"type": "Point", "coordinates": [-0.3362042, 39.4635561]}, "properties": {"zona": 956, "descripcion": "FRANCISCO CUBELLS Nº 4, (de Consuelo a Virgen del Puig)"}}, {"type": "Feature", "geometry": {"type": "Point", "coordinates": [-0.3354258, 39.4632588]}, "properties": {"zona": 957, "descripcion": "ARQUITECTO ALFARO Nº 31, (de Fco Cubells a José Aguirre)"}}, {"type": "Feature", "geometry": {"type": "Point", "coordinates": [-0.3335551, 39.46303899999999]}, "properties": {"zona": 958, "descripcion": "FRANCISCO CUBELLS Nº 28, (de Fco. Baldomá a San Pascual)"}}, {"type": "Feature", "geometry": {"type": "Point", "coordinates": [-0.3336616000000001, 39.4630105]}, "properties": {"zona": 959, "descripcion": "FRANCISCO BALDOMA Nº 20, (de Fco. Cubells a José Aguirre)"}}, {"type": "Feature", "geometry": {"type": "Point", "coordinates": [-0.3314509, 39.4631545]}, "properties": {"zona": 960, "descripcion": "ESCALANTE Nº 22 (de Francisco Cubells a Mariano Cuber)"}}, {"type": "Feature", "geometry": {"type": "Point", "coordinates": [-0.3290187, 39.4628248]}, "properties": {"zona": 961, "descripcion": "PLAZA ARMADA ESPAÑOLA s/n (de Fco. Cubells a Pza. Armada Española)"}}, {"type": "Feature", "geometry": {"type": "Point", "coordinates": [-0.3296905, 39.4637203]}, "properties": {"zona": 962, "descripcion": "PLAZA ARMADA ESPAÑOLA Nº 5 (de Reina a Barraca)"}}, {"type": "Feature", "geometry": {"type": "Point", "coordinates": [-0.3290047, 39.4637382]}, "properties": {"zona": 963, "descripcion": "DR. LLUCH Nº 3 (de Pza. Armada Española a Travesía Iglesia del Rosario)"}}, {"type": "Feature", "geometry": {"type": "Point", "coordinates": [-0.3756348, 39.4738338]}, "properties": {"zona": 964, "descripcion": "SAN VTE. DE PAUL, S/N (CAMPO LEVANTE), (de Santiago Rusiñol a Hermanos Machado)"}}, {"type": "Feature", "geometry": {"type": "Point", "coordinates": [-0.3662715, 39.4951966]}, "properties": {"zona": 965, "descripcion": "SANTIAGO RUSIÑOL, S/N (ESQ. S. VTE. PAUL), (de S. Vte. De Paul a Alfahuir)"}}, {"type": "Feature", "geometry": {"type": "Point", "coordinates": [-0.3467599, 39.4519462]}, "properties": {"zona": 966, "descripcion": "EDUARDO PRIMO YUFERA (OCEANOGRAFICO), de Jesús Morante Borras a Profesor López Piñero"}}, {"type": "Feature", "geometry": {"type": "Point", "coordinates": [-0.3552235, 39.4559624]}, "properties": {"zona": 967, "descripcion": "PROFESOR LÓPEZ PIÑERO (PALACIO DE LAS ARTES), de Puente de Monteolivete a Avda. La Plata."}}, {"type": "Feature", "geometry": {"type": "Point", "coordinates": [-0.385923, 39.4597259]}, "properties": {"zona": 968, "descripcion": "CALLE URUGUAY, Nº 5 (de Jerónimo Muñoz a Giorgeta )"}}, {"type": "Feature", "geometry": {"type": "Point", "coordinates": [-0.3324922, 39.462971]}, "properties": {"zona": 970, "descripcion": "FRANCISCO CUBELLS  Nº 40, (de San Pascual a Escalante)"}}, {"type": "Feature", "geometry": {"type": "Point", "coordinates": [-0.3409991, 39.4513318]}, "properties": {"zona": 971, "descripcion": "CAMINO DE LAS MORERAS S/N, (De Adolfo Azcarraga a Alqueria Fabrero)"}}, {"type": "Feature", "geometry": {"type": "Point", "coordinates": [-0.3409991, 39.4513318]}, "properties": {"zona": 972, "descripcion": "CAMINO DE LAS MORERAS S/N. (De Alqueria Fabrero a Adolfo Azcarraga)"}}, {"type": "Feature", "geometry": {"type": "Point", "coordinates": [-0.3386886, 39.4502273]}, "properties": {"zona": 973, "descripcion": "LES BARRAQUES DEL FIGUERO S/N ( De Carrera del Riu a Dels Llauradors )"}}, {"type": "Feature", "geometry": {"type": "Point", "coordinates": [-0.3527075, 39.4633618]}, "properties": {"zona": 974, "descripcion": "PASO SUPERIOR SALIDA, ( De Nazaret a Oceanográfico )"}}, {"type": "Feature", "geometry": {"type": "Point", "coordinates": [-0.3386886, 39.4502273]}, "properties": {"zona": 975, "descripcion": "LES BARRAQUES DEL FIGUERO S/N. ( De Camino Canal a Adolfo Azcarraga )"}}, {"type": "Feature", "geometry": {"type": "Point", "coordinates": [-0.3355314, 39.4468652]}, "properties": {"zona": 976, "descripcion": "CAMINO DEL CANAL ( De Camino Moreras a Barraques del Figuero )"}}, {"type": "Feature", "geometry": {"type": "Point", "coordinates": [-0.3497882, 39.4547561]}, "properties": {"zona": 977, "descripcion": "PONT DE L' ASSUT DE L' OR, (De Menorca a Profesor López Piñero)"}}, {"type": "Feature", "geometry": {"type": "Point", "coordinates": [-0.3964079, 39.4758232]}, "properties": {"zona": 978, "descripcion": "GIRO BUS PUENTE DE CAMPANAR, espira de demanda"}}, {"type": "Feature", "geometry": {"type": "Point", "coordinates": [-0.3909248, 39.4524726]}, "properties": {"zona": 979, "descripcion": "JERÓNIMA GALÉS (IMPRESORA) esquina Av. Dr. Tomás Sala  (Salida)"}}, {"type": "Feature", "geometry": {"type": "Point", "coordinates": [-0.341883, 39.487588]}, "properties": {"zona": 980, "descripcion": "V-21 , Salida de Camino de Vera y Politecnico a V-21"}}, {"type": "Feature", "geometry": {"type": "Point", "coordinates": [-0.3513538, 39.4782813]}, "properties": {"zona": 981, "descripcion": "CLARIANO ESQUINA AVDA. CATALUÑA, (de Avda. Cataluña a Albalat dels Tarongers)"}}, {"type": "Feature", "geometry": {"type": "Point", "coordinates": [-0.3527075, 39.4633618]}, "properties": {"zona": 982, "descripcion": "PASO INFERIOR CLARIANO DE SALIDA"}}, {"type": "Feature", "geometry": {"type": "Point", "coordinates": [-0.3572899, 39.4832892]}, "properties": {"zona": 983, "descripcion": "DR. VICENTE ZARAGOZA, de Daniel Balaciart a Rotonda V-21"}}, {"type": "Feature", "geometry": {"type": "Point", "coordinates": [-0.3802295, 39.4950656]}, "properties": {"zona": 984, "descripcion": "Cº MONCADA, Nº 96 (de C/ Cambrils a Jacomart)"}}, {"type": "Feature", "geometry": {"type": "Point", "coordinates": [-0.3779244, 39.4453863]}, "properties": {"zona": 985, "descripcion": "FDO. ABRIL MARTORELL (De Rio Eresma a Cª Malilla)"}}, {"type": "Feature", "geometry": {"type": "Point", "coordinates": [-0.3980312, 39.4586477]}, "properties": {"zona": 986, "descripcion": "AVDA. JOSÉ ROCA COLL, s/n (de Pio XI a Humanista Mariner)"}}, {"type": "Feature", "geometry": {"type": "Point", "coordinates": [-0.4055549, 39.4687097]}, "properties": {"zona": 987, "descripcion": "AV. TRES CRUCES s/n (de Campos Crespo a Canónigo Tárrega)"}}, {"type": "Feature", "geometry": {"type": "Point", "coordinates": [-0.361513, 39.4627554]}, "properties": {"zona": 988, "descripcion": "AV. PERIS Y VALERO nº 194 (de Reino de Valencia a Alcalde Reig)"}}, {"type": "Feature", "geometry": {"type": "Point", "coordinates": [-0.3982959, 39.4546186]}, "properties": {"zona": 989, "descripcion": "CAMPOS CRESPO s/n (de Montesa a Dr. Marañón)"}}, {"type": "Feature", "geometry": {"type": "Point", "coordinates": [-0.3951209, 39.4566932]}, "properties": {"zona": 990, "descripcion": "PIO XI nº 43 (de Fray Junípero Serra a Xera)"}}, {"type": "Feature", "geometry": {"type": "Point", "coordinates": [-0.3934284, 39.4572075]}, "properties": {"zona": 991, "descripcion": "XERA s/n (de Pío XI a Dr. Marañón)"}}, {"type": "Feature", "geometry": {"type": "Point", "coordinates": [-0.3937778, 39.458474]}, "properties": {"zona": 992, "descripcion": "PIO XI s/n (de Virgen de la Cabeza a Fontanares)"}}, {"type": "Feature", "geometry": {"type": "Point", "coordinates": [-0.3958927, 39.4586245]}, "properties": {"zona": 993, "descripcion": "HUMANISTA MARINER, nº 37 (de Virgen de la Cabeza a Fray Junípero Serra)"}}, {"type": "Feature", "geometry": {"type": "Point", "coordinates": [-0.3976373, 39.4605495]}, "properties": {"zona": 994, "descripcion": "VIRGEN DE LA CABEZA s/n (de Humanista Mariner a Pío XI)"}}, {"type": "Feature", "geometry": {"type": "Point", "coordinates": [-0.3974015, 39.45958520000001]}, "properties": {"zona": 995, "descripcion": "VALL D'UIXO, nº 8 (de Virgen de la Cabeza a Fray Junípero Serra)"}}, {"type": "Feature", "geometry": {"type": "Point", "coordinates": [-0.3971113, 39.4594078]}, "properties": {"zona": 996, "descripcion": "VALL D'UIXO, s/n (de Fray Junípero Serra a Virgen de la Cabeza)"}}, {"type": "Feature", "geometry": {"type": "Point", "coordinates": [-0.3980245, 39.459192]}, "properties": {"zona": 997, "descripcion": "AVDA. JOSÉ ROCA COLL nº 20 (de Vall d'Uixo a Vicente Clavell)"}}, {"type": "Feature", "geometry": {"type": "Point", "coordinates": [-0.3997192, 39.4572355]}, "properties": {"zona": 998, "descripcion": "BOLIVIA, s/n (de Músico Gomis a Fray Junípero Serra)"}}, {"type": "Feature", "geometry": {"type": "Point", "coordinates": [-0.3968267, 39.4360823]}, "properties": {"zona": 999, "descripcion": "CARRETERA DE ALBA (De Camino Saboner)"}}, {"type": "Feature", "geometry": {"type": "Point", "coordinates": [-0.3335787, 39.4736448]}, "properties": {"zona": 1000, "descripcion": "LUÍS PEIXÓ, Nº 22 (de Pintor Dalmau a Cº Cabañal)"}}, {"type": "Feature", "geometry": {"type": "Point", "coordinates": [-0.3702195, 39.4847315]}, "properties": {"zona": 1001, "descripcion": "JACA, Nº 1 (de Alboraya a Almazora)"}}, {"type": "Feature", "geometry": {"type": "Point", "coordinates": [-0.3944273, 39.454509]}, "properties": {"zona": 1002, "descripcion": "JUAN DE GARAY s/n (de Pintor Agrassot a aCampos Crespo)"}}, {"type": "Feature", "geometry": {"type": "Point", "coordinates": [-0.3965771, 39.4562223]}, "properties": {"zona": 1003, "descripcion": "CAMPOS CRESPO nº 34 (de Fray Junípero Serra a Campaners)"}}, {"type": "Feature", "geometry": {"type": "Point", "coordinates": [-0.3984998, 39.4563008]}, "properties": {"zona": 1004, "descripcion": "CANONIGO TÁRREGA, s/n (de Fray Junípero Serra a Músico Gomis)"}}, {"type": "Feature", "geometry": {"type": "Point", "coordinates": [-0.3991348, 39.4552448]}, "properties": {"zona": 1005, "descripcion": "BORRASCA, s/n (de Canónigo Tárrega a Campos Crespo)"}}, {"type": "Feature", "geometry": {"type": "Point", "coordinates": [-0.3990755, 39.4583776]}, "properties": {"zona": 1006, "descripcion": "MUSICO GOMIS, s/n (de Canónigo Tárrega a Campos Crespo)"}}, {"type": "Feature", "geometry": {"type": "Point", "coordinates": [-0.3806368, 39.4399359]}, "properties": {"zona": 1007, "descripcion": "Cª MALILLA, S/N (de V-30 a Fdo. Abril Martorell)"}}, {"type": "Feature", "geometry": {"type": "Point", "coordinates": [-0.3919856, 39.4878051]}, "properties": {"zona": 1008, "descripcion": "AVDA. GENERAL AVILÉS nº 14 (entrada túnel) (De General Avilés a Juan XXIII)"}}, {"type": "Feature", "geometry": {"type": "Point", "coordinates": [-0.3742254, 39.4797495]}, "properties": {"zona": 1009, "descripcion": "PONT DE FUSTA ( de Cronista Rivelles a Conde Trenor)"}}, {"type": "Feature", "geometry": {"type": "Point", "coordinates": [-0.3700265, 39.448326]}, "properties": {"zona": 1010, "descripcion": "ACCESO LA FE DESDE AUSIAS MARCH (de Ausias March a Via Lateral La Fe)"}}, {"type": "Feature", "geometry": {"type": "Point", "coordinates": [-0.3760153, 39.4434752]}, "properties": {"zona": 1011, "descripcion": "ACCESO A LA FE DESDE FDO. ABRIL MARTORELL por VIA LATERAL (Desde Fdo. Abril Martorell a Camino Azaga"}}, {"type": "Feature", "geometry": {"type": "Point", "coordinates": [-0.3806368, 39.4399359]}, "properties": {"zona": 1012, "descripcion": "VIA LATERAL LA FE SALIDA A Cª MALILLA (de La Fe a Carrera Malilla)"}}, {"type": "Feature", "geometry": {"type": "Point", "coordinates": [-0.3760153, 39.4434752]}, "properties": {"zona": 1013, "descripcion": "VIA LATERAL DELANTE DE LA FE (Desde acceso a La Fe a Camino Azagador del Moro)"}}, {"type": "Feature", "geometry": {"type": "Point", "coordinates": [-0.3779244, 39.4453863]}, "properties": {"zona": 1014, "descripcion": "VIA LATERAL LA FE SALIDA a FDO. ABRIL MARTORELL (De lateral Hospital La FE a Fdo. Abril Martorell)"}}, {"type": "Feature", "geometry": {"type": "Point", "coordinates": [-0.3852723, 39.4706217]}, "properties": {"zona": 1015, "descripcion": "P.I. ÁNGEL GUIMERÁ (de Quevedo a Palleter)"}}, {"type": "Feature", "geometry": {"type": "Point", "coordinates": [-0.3929491000000001, 39.4671717]}, "properties": {"zona": 1016, "descripcion": "ARCHIDUQUE CARLOS nº 2 (de Avda. Cid a Chiva)"}}, {"type": "Feature", "geometry": {"type": "Point", "coordinates": [-0.4019162000000001, 39.4663404]}, "properties": {"zona": 1017, "descripcion": "P. I. Tres Forques - Ciudad Ros Casares"}}, {"type": "Feature", "geometry": {"type": "Point", "coordinates": [-0.3512832, 39.4704011]}, "properties": {"zona": 1018, "descripcion": "ABEN AL ABBAR nº 45 (de Salvador Pau a Santos Justo y Pastor)"}}, {"type": "Feature", "geometry": {"type": "Point", "coordinates": [-0.3756348, 39.4738338]}, "properties": {"zona": 1019, "descripcion": "BEATA GENOVEVA TORRES S/N"}}, {"type": "Feature", "geometry": {"type": "Point", "coordinates": [-0.3996629, 39.4635941]}, "properties": {"zona": 1020, "descripcion": "C/ VIRGEN DE LA CABEZA nº 73 (de Tres Forques a José Mª. Mortes Lerma)"}}, {"type": "Feature", "geometry": {"type": "Point", "coordinates": [-0.3875456, 39.4590889]}, "properties": {"zona": 1021, "descripcion": "C/ JERÓNIMO MUÑÓZ nº 10 (de C/ Carcagente a Av. Gaspar Aguilar)"}}, {"type": "Feature", "geometry": {"type": "Point", "coordinates": [-0.3858435, 39.4918296]}, "properties": {"zona": 1022, "descripcion": "C/ GENERAL LLORENS nº 30 (de Periodista Gil Sumbiela a Av. Ecuador)"}}, {"type": "Feature", "geometry": {"type": "Point", "coordinates": [-0.4054033, 39.4695821]}, "properties": {"zona": 1023, "descripcion": "AVDA. DEL CID Nº42"}}, {"type": "Feature", "geometry": {"type": "Point", "coordinates": [-0.4002478, 39.4789976]}, "properties": {"zona": 1024, "descripcion": "VALL DE LA BALLESTERA Nº64"}}, {"type": "Feature", "geometry": {"type": "Point", "coordinates": [-0.4034426, 39.477518]}, "properties": {"zona": 1025, "descripcion": "HERNANDEZ LAZARO Nº 16"}}, {"type": "Feature", "geometry": {"type": "Point", "coordinates": [-0.4034545, 39.4773634]}, "properties": {"zona": 1026, "descripcion": "HERNANDEZ LAZARO S/N (CARREFOUR)"}}, {"type": "Feature", "geometry": {"type": "Point", "coordinates": [-0.3486331, 39.4644209]}, "properties": {"zona": 1027, "descripcion": "I.CANARIAS, Nº 129 (de Pintor Maella a Lebón)"}}, {"type": "Feature", "geometry": {"type": "Point", "coordinates": [-0.3794177, 39.4694434]}, "properties": {"zona": 1028, "descripcion": "AVINGUDA DE L´OEST, 47 (de Pl. S. Agustín a Padilla)"}}, {"type": "Feature", "geometry": {"type": "Point", "coordinates": [-0.3649054, 39.4518741]}, "properties": {"zona": 1029, "descripcion": "BOMBERO RAMON DUART S/N (de Ángel Villena a Antonio Ferrandis)"}}, {"type": "Feature", "geometry": {"type": "Point", "coordinates": [-0.3649146, 39.4514625]}, "properties": {"zona": 1030, "descripcion": "BOMBERO RAMON DUART Nº 10 (de Dr. Marañon a Ángel Villena)"}}, {"type": "Feature", "geometry": {"type": "Point", "coordinates": [-0.3655443, 39.449485]}, "properties": {"zona": 1031, "descripcion": "ÁNGEL VILLENA S/N (de Amado Granell Mesado a Bombero Ramón Duart)"}}, {"type": "Feature", "geometry": {"type": "Point", "coordinates": [-0.3845669, 39.4929366]}, "properties": {"zona": 1032, "descripcion": "C/CASTELLONET DE LA CONQUESTA, frente nº 19"}}, {"type": "Feature", "geometry": {"type": "Point", "coordinates": [-0.3649054, 39.4518741]}, "properties": {"zona": 1033, "descripcion": "BOMBERO RAMON DUART S/N (de Ángel Villena a Dr. Marañón)"}}, {"type": "Feature", "geometry": {"type": "Point", "coordinates": [-0.3643724, 39.4575457]}, "properties": {"zona": 1034, "descripcion": "AV. AMADO GRANELL MESADO (MILITAR) Nº 36, (De Luis Oliag a Avda. de la Plata)"}}, {"type": "Feature", "geometry": {"type": "Point", "coordinates": [-0.3992304, 39.4933304]}, "properties": {"zona": 1035, "descripcion": "L'HORTA SUD, S/N (de Nicasio Benlloch a Av. Cortes Valencianas)"}}, {"type": "Feature", "geometry": {"type": "Point", "coordinates": [-0.3489977, 39.4829933]}, "properties": {"zona": 1036, "descripcion": "AV. CATALUÑA GIRO A CAMINO DE VERA (V21 SALIDA)"}}, {"type": "Feature", "geometry": {"type": "Point", "coordinates": [-0.4001604, 39.4983906]}, "properties": {"zona": 1037, "descripcion": "AV. BURJASOT, Nº 301 (Salida Ciudad)"}}, {"type": "Feature", "geometry": {"type": "Point", "coordinates": [-0.3913473, 39.4986112]}, "properties": {"zona": 1038, "descripcion": "SALVADOR CERVERO, S/N (de Av. Hnos. Machado a C/ Ninot)"}}, {"type": "Feature", "geometry": {"type": "Point", "coordinates": [-0.3779244, 39.4453863]}, "properties": {"zona": 1039, "descripcion": "FDO. ABRIL MARTORELL, S/N (de Cª Malilla a Av. Ausias March)"}}, {"type": "Feature", "geometry": {"type": "Point", "coordinates": [-0.3545219, 39.457904]}, "properties": {"zona": 1040, "descripcion": "PTE. DE MONTEOLIVETE (de Alameda a Profesor López Piñero)"}}, {"type": "Feature", "geometry": {"type": "Point", "coordinates": [-0.3982959, 39.4546186]}, "properties": {"zona": 1041, "descripcion": "CAMPOS CRESPO s/n ( DE Borrasca a Avda. Tres Cruces)"}}, {"type": "Feature", "geometry": {"type": "Point", "coordinates": [-0.3635528, 39.4574578]}, "properties": {"zona": 1042, "descripcion": "AV. AMADO GRANELL MESADO (MILITAR) nº 43 (de Av. La Plata a Villahermosa)"}}, {"type": "Feature", "geometry": {"type": "Point", "coordinates": [-0.3702226, 39.4665749]}, "properties": {"zona": 1043, "descripcion": "MARQUÉS DEL TURIA - H. CORTÉS (GERMANÍAS)"}}, {"type": "Feature", "geometry": {"type": "Point", "coordinates": [-0.3392503, 39.4779652]}, "properties": {"zona": 1045, "descripcion": "AV. LOS NARANJOS, s/n (de Cavite a Av. Malvarrosa)"}}, {"type": "Feature", "geometry": {"type": "Point", "coordinates": [-0.3800772, 39.4717718]}, "properties": {"zona": 1046, "descripcion": "AV. DEL OESTE nº 28 (de Garrigues a Linterna)"}}, {"type": "Feature", "geometry": {"type": "Point", "coordinates": [-0.3906446, 39.4780655]}, "properties": {"zona": 1047, "descripcion": "PTE. DE ADEMUZ (de Av. Pío XII giro a Pº Pechina)"}}, {"type": "Feature", "geometry": {"type": "Point", "coordinates": [-0.3909938, 39.4754614]}, "properties": {"zona": 1048, "descripcion": "CIUDADELA, Nº 15 (de Justicia a Pl. de América)"}}, {"type": "Feature", "geometry": {"type": "Point", "coordinates": [-0.3822539, 39.4979962]}, "properties": {"zona": 1049, "descripcion": "AV. HNOS. MACHADO, Nº 137 (de Juan XXIII a Cº Moncada)"}}, {"type": "Feature", "geometry": {"type": "Point", "coordinates": [-0.3756348, 39.4738338]}, "properties": {"zona": 1050, "descripcion": "F. CATÓLICO - PECHINA DE ENTRADA (PL. ESPAÑA)"}}, {"type": "Feature", "geometry": {"type": "Point", "coordinates": [-0.3665085, 39.4605395]}, "properties": {"zona": 1051, "descripcion": "AV. AMADO GRANELL MESADO (MILITAR) nº 4 (de Peris y Valero a Luís Oliag)"}}, {"type": "Feature", "geometry": {"type": "Point", "coordinates": [-0.3913944, 39.468691]}, "properties": {"zona": 1052, "descripcion": "P.I. PÉREZ GALDÓS (GIORGETA)"}}, {"type": "Feature", "geometry": {"type": "Point", "coordinates": [-0.3913944, 39.468691]}, "properties": {"zona": 1052, "descripcion": "P.I. PÉREZ GALDÓS (GIORGETA)"}}, {"type": "Feature", "geometry": {"type": "Point", "coordinates": [-0.4045204000000001, 39.4565742]}, "properties": {"zona": 1053, "descripcion": "Cº NUEVO PICAÑA, Nº 6 (de Coeters a Arquitecto Segura Lago - Giro)"}}, {"type": "Feature", "geometry": {"type": "Point", "coordinates": [-0.3756348, 39.4738338]}, "properties": {"zona": 1054, "descripcion": "ESTUDIO PUNTO DE MEDIDA 9181"}}, {"type": "Feature", "geometry": {"type": "Point", "coordinates": [-0.3743891, 39.4229733]}, "properties": {"zona": 1055, "descripcion": "Av. MEDITERRÁNEO, Nº 5 (de Escalante a Marino Sierra)"}}, {"type": "Feature", "geometry": {"type": "Point", "coordinates": [-0.4019162000000001, 39.4663404]}, "properties": {"zona": 1056, "descripcion": "TRES FORQUES (ARCHIDUQUE CARLOS)"}}, {"type": "Feature", "geometry": {"type": "Point", "coordinates": [-0.3907192, 39.4800023]}, "properties": {"zona": 1057, "descripcion": "MENÉNDEZ PIDAL, Nº 15 (de Pte. Ademuz a Beltrán Báguena)"}}, {"type": "Feature", "geometry": {"type": "Point", "coordinates": [-0.3817261, 39.4902932]}, "properties": {"zona": 1058, "descripcion": "DR. PESET ALEIXANDRE (GENERAL AVILÉS)"}}, {"type": "Feature", "geometry": {"type": "Point", "coordinates": [-0.3817261, 39.4902932]}, "properties": {"zona": 1058, "descripcion": "DR. PESET ALEIXANDRE (GENERAL AVILÉS)"}}, {"type": "Feature", "geometry": {"type": "Point", "coordinates": [-0.3743891, 39.4229733]}, "properties": {"zona": 1059, "descripcion": "Av. MEDITERRÁNEO, Nº 23 (de Padre Luis Navarro a Barraca)"}}, {"type": "Feature", "geometry": {"type": "Point", "coordinates": [-0.3499876, 39.4781169]}, "properties": {"zona": 1060, "descripcion": "ALBALAT DELS TARONGERS, Nº 10 (de Vinalopó a Clariano)"}}, {"type": "Feature", "geometry": {"type": "Point", "coordinates": [-0.4060486, 39.4682774]}, "properties": {"zona": 1061, "descripcion": "AVENIDA TRES CRUCES, S/N (de Campos Crespo a Gaspar Aguilar)"}}, {"type": "Feature", "geometry": {"type": "Point", "coordinates": [-0.3587386, 39.4837057]}, "properties": {"zona": 1062, "descripcion": "DR. VICENTE ZARAGOZÁ, s/n (de Hnos.Villalonga a Mistral)"}}, {"type": "Feature", "geometry": {"type": "Point", "coordinates": [-0.3992954, 39.4890745]}, "properties": {"zona": 1063, "descripcion": "AV. CORTES VALENCIANAS (LATERAL), Nº 17 (de La Safor a Padre Barranco)"}}, {"type": "Feature", "geometry": {"type": "Point", "coordinates": [-0.3756348, 39.4738338]}, "properties": {"zona": 1064, "descripcion": "F. CATÓLICO DE SALIDA (PÍO XII)"}}, {"type": "Feature", "geometry": {"type": "Point", "coordinates": [-0.39485, 39.4755917]}, "properties": {"zona": 1065, "descripcion": "Pº PECHINA, S/N (de 9 de Octubre a Rincón de Ademuz)"}}, {"type": "Feature", "geometry": {"type": "Point", "coordinates": [-0.3736584, 39.4612576]}, "properties": {"zona": 1066, "descripcion": "RUZAFA (MERCADO RUZAFA)"}}, {"type": "Feature", "geometry": {"type": "Point", "coordinates": [-0.3911649, 39.4788457]}, "properties": {"zona": 1067, "descripcion": "P.I MENÉNDEZ PIDAL - TIRSO DE MOLINA"}}, {"type": "Feature", "geometry": {"type": "Point", "coordinates": [-0.3913944, 39.468691]}, "properties": {"zona": 1070, "descripcion": "P.I. PÉREZ GALDÓS (PUENTE CAMPANAR)"}}, {"type": "Feature", "geometry": {"type": "Point", "coordinates": [-0.3913944, 39.468691]}, "properties": {"zona": 1070, "descripcion": "P.I. PÉREZ GALDÓS (PUENTE CAMPANAR)"}}, {"type": "Feature", "geometry": {"type": "Point", "coordinates": [-0.3356099, 39.4655703]}, "properties": {"zona": 1071, "descripcion": "SERRERÍA, s/n (de Río Jalón a Peaña)"}}, {"type": "Feature", "geometry": {"type": "Point", "coordinates": [-0.3854838, 39.4839395]}, "properties": {"zona": 1072, "descripcion": "PADRE FERRIS (DR. PESET ALEIXANDRE)"}}, {"type": "Feature", "geometry": {"type": "Point", "coordinates": [-0.3454273, 39.46337690000001]}, "properties": {"zona": 1073, "descripcion": "HIGINIO NOJA (PROFESOR) esquina Islas Canarias (de Islas Canarias a Rodrigo de Pertegás)"}}, {"type": "Feature", "geometry": {"type": "Point", "coordinates": [-0.3756348, 39.4738338]}, "properties": {"zona": 1074, "descripcion": "GERMANÍAS (PL. ESPAÑA)"}}, {"type": "Feature", "geometry": {"type": "Point", "coordinates": [-0.373908, 39.4989705]}, "properties": {"zona": 1075, "descripcion": "AV. HNOS. MACHADO, S/N (de Sta. Genoveva Torres a Av. Alfahuir)"}}, {"type": "Feature", "geometry": {"type": "Point", "coordinates": [-0.3632789, 39.4558665]}, "properties": {"zona": 1076, "descripcion": "AV. AMADO GRANELL MESADO (MILITAR) nº 48 (de Av. La Plata a Arabista Ambrosio Huici)"}}, {"type": "Feature", "geometry": {"type": "Point", "coordinates": [-0.3478362, 39.4605561]}, "properties": {"zona": 1077, "descripcion": "PINTOR MAELLA, S/N (FRENTE EL CORTE INGLES) (de Luis Bolinches a Menorca)"}}, {"type": "Feature", "geometry": {"type": "Point", "coordinates": [-0.373908, 39.4989705]}, "properties": {"zona": 1080, "descripcion": "AV. HNOS. MACHADO, S/N (LATERAL P.I.) (de Av. Alfahuir a Cº Moncada)"}}, {"type": "Feature", "geometry": {"type": "Point", "coordinates": [-0.373908, 39.4989705]}, "properties": {"zona": 1082, "descripcion": "AV. HNOS. MACHADO, S/N (de Av. Alfahuir a Op. Sta. Genoveva Torres)"}}, {"type": "Feature", "geometry": {"type": "Point", "coordinates": [-0.3936329, 39.4825108]}, "properties": {"zona": 1083, "descripcion": "P.I. AV. PÍO XII (SALIDA) (de Av. Campanar a La Safor)"}}, {"type": "Feature", "geometry": {"type": "Point", "coordinates": [-0.3806368, 39.4399359]}, "properties": {"zona": 1084, "descripcion": "Cª MALILLA, S/N (de Fdo. Abril Martorell a V-30)"}}, {"type": "Feature", "geometry": {"type": "Point", "coordinates": [-0.373908, 39.4989705]}, "properties": {"zona": 1085, "descripcion": "AV. HNOS. MACHADO, S/N (ESTADIO LEVANTE) (de San Vicente de Paul a Sta. Genoveva Torres)"}}, {"type": "Feature", "geometry": {"type": "Point", "coordinates": [-0.4055549, 39.4687097]}, "properties": {"zona": 1086, "descripcion": "AV. TRES CRUCES, Nº 8 (carril bus) (de Estebán Pernet a Rey Saud)"}}, {"type": "Feature", "geometry": {"type": "Point", "coordinates": [-0.3922198, 39.4828243]}, "properties": {"zona": 1087, "descripcion": "PTE. CAMPANAR (de Manuel de Falla a Peréz Galdós)"}}, {"type": "Feature", "geometry": {"type": "Point", "coordinates": [-0.3644401, 39.4617437]}, "properties": {"zona": 1088, "descripcion": "AV. PERIS Y VALERO, Nº 177 (de Alejandro VI a Duque de Calabria)"}}, {"type": "Feature", "geometry": {"type": "Point", "coordinates": [-0.344874, 39.44729]}, "properties": {"zona": 1089, "descripcion": "AUTOPISTA DEL SALER LATERAL SALIDA (de Antonio Ferrandis a CV-500)"}}, {"type": "Feature", "geometry": {"type": "Point", "coordinates": [-0.373908, 39.4989705]}, "properties": {"zona": 1090, "descripcion": "HERMANOS MACHADO (JUAN XXIII)"}}, {"type": "Feature", "geometry": {"type": "Point", "coordinates": [-0.373908, 39.4989705]}, "properties": {"zona": 1090, "descripcion": "HERMANOS MACHADO (JUAN XXIII)"}}, {"type": "Feature", "geometry": {"type": "Point", "coordinates": [-0.3712461, 39.4984624]}, "properties": {"zona": 1091, "descripcion": "CONDE LUMIARES - HERMANOS MACHADO"}}, {"type": "Feature", "geometry": {"type": "Point", "coordinates": [-0.3982959, 39.4546186]}, "properties": {"zona": 1092, "descripcion": "CAMPOS CRESPO s/n (de Campaners a Borrasca)"}}, {"type": "Feature", "geometry": {"type": "Point", "coordinates": [-0.3817226, 39.4859169]}, "properties": {"zona": 1093, "descripcion": "REUS (JOAQUÍN BALLESTER)"}}, {"type": "Feature", "geometry": {"type": "Point", "coordinates": [-0.4059177, 39.4736745]}, "properties": {"zona": 1094, "descripcion": "PTE. 9 D'OCTUBRE (de Manuel de Falla a Pº Pechina)"}}, {"type": "Feature", "geometry": {"type": "Point", "coordinates": [-0.4054033, 39.4695821]}, "properties": {"zona": 1095, "descripcion": "P.I AV. DEL CID ENTRADA"}}, {"type": "Feature", "geometry": {"type": "Point", "coordinates": [-0.3736559, 39.4724081]}, "properties": {"zona": 1096, "descripcion": "Cº MONCADA - VÍA LATERAL (ENTRADA) (de Poble Nou a  Av. Hnos. Machado)"}}, {"type": "Feature", "geometry": {"type": "Point", "coordinates": [-0.3668607, 39.4476498]}, "properties": {"zona": 1097, "descripcion": "ANTONIO FERRANDIS s/n (de Profesor López Piñero a Rafael Ferreres)"}}, {"type": "Feature", "geometry": {"type": "Point", "coordinates": [-0.3906446, 39.4780655]}, "properties": {"zona": 1098, "descripcion": "PTE. DE ADEMUZ (de Pº Pechina a Av. Pío XII)"}}, {"type": "Feature", "geometry": {"type": "Point", "coordinates": [-0.373908, 39.4989705]}, "properties": {"zona": 1099, "descripcion": "AV. HNOS. MACHADO, S/N (ENTRADA P.I.) (de Cº Moncada a Conde Lumiares)"}}, {"type": "Feature", "geometry": {"type": "Point", "coordinates": [-0.3686098, 39.476479]}, "properties": {"zona": 1100, "descripcion": "PTE. DEL REAL (de Llano del Real a Tetuán)"}}, {"type": "Feature", "geometry": {"type": "Point", "coordinates": [-0.373908, 39.4989705]}, "properties": {"zona": 1101, "descripcion": "AV. HNOS. MACHADO, S/N (SALIDA P.I.) (de Constitución a Santo Domingo Savio)"}}, {"type": "Feature", "geometry": {"type": "Point", "coordinates": [-0.38298, 39.46714]}, "properties": {"zona": 1102, "descripcion": "RAMÓN Y CAJAL - JESÚS (F. CATÓLICO)"}}, {"type": "Feature", "geometry": {"type": "Point", "coordinates": [-0.3767823, 39.4854805]}, "properties": {"zona": 1103, "descripcion": "RUAYA (SAGUNTO)"}}, {"type": "Feature", "geometry": {"type": "Point", "coordinates": [-0.3923204, 39.4913452]}, "properties": {"zona": 1104, "descripcion": "AV. BURJASOT (BURJASOT)"}}, {"type": "Feature", "geometry": {"type": "Point", "coordinates": [-0.3552235, 39.4559624]}, "properties": {"zona": 1106, "descripcion": "PROFESOR LÓPEZ PIÑERO (ESQUINA C/ NINO BRAVO),  de Nino Bravo a Instituto Obrero Valenciano."}}, {"type": "Feature", "geometry": {"type": "Point", "coordinates": [-0.3409991, 39.4513318]}, "properties": {"zona": 1107, "descripcion": "CAMINO DE LAS MORERAS S/N. ( De Carrera del Riu a Dels Llauradors)"}}, {"type": "Feature", "geometry": {"type": "Point", "coordinates": [-0.4027922, 39.46382759999999]}, "properties": {"zona": 1108, "descripcion": "AV. TRES FORQUES s/n (de Centro Comercial a Salida V-30)"}}, {"type": "Feature", "geometry": {"type": "Point", "coordinates": [-0.3392503, 39.4779652]}, "properties": {"zona": 1109, "descripcion": "AV. LOS NARANJOS, s/n (de Beato Juan Grande a Fausto Elio)"}}, {"type": "Feature", "geometry": {"type": "Point", "coordinates": [-0.3290187, 39.4628248]}, "properties": {"zona": 1110, "descripcion": "PLAZA ARMADA ESPAÑOLA s/n (de Dr. Lluch a Reina)"}}, {"type": "Feature", "geometry": {"type": "Point", "coordinates": [-0.3919411, 39.4878242]}, "properties": {"zona": 1111, "descripcion": "AV. GRAL. AVILÉS, Nº 14 (rampa de salida del P.I. De Peset a Gral. Avilés)"}}, {"type": "Feature", "geometry": {"type": "Point", "coordinates": [-0.3671856, 39.4438036]}, "properties": {"zona": 1112, "descripcion": "Cª FUENTE SAN LUIS, S/N (de Ángel de Villena a Antonio Ferrandis)"}}, {"type": "Feature", "geometry": {"type": "Point", "coordinates": [-0.373908, 39.4989705]}, "properties": {"zona": 1113, "descripcion": "AV. HNOS. MACHADO, S/N (de Cº Moncada a Conde Torrefiel)"}}, {"type": "Feature", "geometry": {"type": "Point", "coordinates": [-0.3466349, 39.4771068]}, "properties": {"zona": 1114, "descripcion": "RAMÓN LLULL, S/N (de Albalat dels Tarongers a Av. los Naranjos)"}}, {"type": "Feature", "geometry": {"type": "Point", "coordinates": [-0.3756348, 39.4738338]}, "properties": {"zona": 1115, "descripcion": "TRES CRUCES ENTRADA - M. AYLLÓN (TRES FORQUES)"}}, {"type": "Feature", "geometry": {"type": "Point", "coordinates": [-0.3969234, 39.4920209]}, "properties": {"zona": 1116, "descripcion": "DR. NICASIO BENLLOCH (LA SAFOR)"}}, {"type": "Feature", "geometry": {"type": "Point", "coordinates": [-0.3980312, 39.4586477]}, "properties": {"zona": 1117, "descripcion": "AVDA. JOSÉ ROCA COLL, s/n (de Canónigo Tárrega a Pío XI)"}}, {"type": "Feature", "geometry": {"type": "Point", "coordinates": [-0.3756348, 39.4738338]}, "properties": {"zona": 1118, "descripcion": "ESTUDIO PUNTO DE MEDIDA 9172"}}, {"type": "Feature", "geometry": {"type": "Point", "coordinates": [-0.3911649, 39.4788457]}, "properties": {"zona": 1119, "descripcion": "P.I. MENÉNDEZ PIDAL - TIRSO DE MOLINA"}}, {"type": "Feature", "geometry": {"type": "Point", "coordinates": [-0.39485, 39.4755917]}, "properties": {"zona": 1120, "descripcion": "PASEO PECHINA - TORRES"}}, {"type": "Feature", "geometry": {"type": "Point", "coordinates": [-0.3538938, 39.4751699]}, "properties": {"zona": 1121, "descripcion": "AV. BLASCO IBÁÑEZ, Nº 66 (de Bélgica a Av. Cardenal Benlloch)"}}, {"type": "Feature", "geometry": {"type": "Point", "coordinates": [-0.373908, 39.4989705]}, "properties": {"zona": 1122, "descripcion": "AV. HNOS. MACHADO, S/N (VÍA LATERAL) (de Av. Constitución a Cno. Moncada)"}}, {"type": "Feature", "geometry": {"type": "Point", "coordinates": [-0.3779244, 39.4453863]}, "properties": {"zona": 1123, "descripcion": "PASO ELEVADO FDO. ABRIL MARTORELL (de Cº Malilla a San Vicente Mártir)"}}, {"type": "Feature", "geometry": {"type": "Point", "coordinates": [-0.3497882, 39.4547561]}, "properties": {"zona": 1124, "descripcion": "PONT DE L' ASSUT DE L' OR, (De Autopista El Saler a Menorca)"}}, {"type": "Feature", "geometry": {"type": "Point", "coordinates": [-0.3982959, 39.4546186]}, "properties": {"zona": 1125, "descripcion": "CAMPOS CRESPO s/n ( de Borrasca a Juan de Garay)"}}, {"type": "Feature", "geometry": {"type": "Point", "coordinates": [-0.3729948, 39.4938287]}, "properties": {"zona": 1126, "descripcion": "AV. CONSTITUCIÓN, fte. Nº 299 (de Río Genil a Tavernes Blanques)"}}, {"type": "Feature", "geometry": {"type": "Point", "coordinates": [-0.3854838, 39.4839395]}, "properties": {"zona": 1128, "descripcion": "PADRE FERRIS (PUENTE DE LAS ARTES)"}}, {"type": "Feature", "geometry": {"type": "Point", "coordinates": [-0.4055549, 39.4687097]}, "properties": {"zona": 1129, "descripcion": "AV. TRES CRUCES nº 25  (BUS) (de Músico Ayllón a Dels Jurats)"}}, {"type": "Feature", "geometry": {"type": "Point", "coordinates": [-0.373908, 39.4989705]}, "properties": {"zona": 1130, "descripcion": "AV. HNOS. MACHADO, S/N (LATERAL P.I.) (de Padre Viñas a San Vicente de Paul)"}}, {"type": "Feature", "geometry": {"type": "Point", "coordinates": [-0.3355314, 39.4468652]}, "properties": {"zona": 1131, "descripcion": "CAMINO DEL CANAL ( De Fontilles a Josep Soler Carnicer )"}}, {"type": "Feature", "geometry": {"type": "Point", "coordinates": [-0.3895165, 39.4939184]}, "properties": {"zona": 1132, "descripcion": "AV. ECUADOR, Nº 44 (de Azucena a Serrano Clavero)"}}, {"type": "Feature", "geometry": {"type": "Point", "coordinates": [-0.3971224, 39.4856239]}, "properties": {"zona": 1133, "descripcion": "GRAL. AVILÉS, Nº 42 (de Av. Pio XII a Aparicio Albiñana)"}}, {"type": "Feature", "geometry": {"type": "Point", "coordinates": [-0.3599222, 39.4634362]}, "properties": {"zona": 1134, "descripcion": "PTE. ANGEL CUSTODIO (de Alameda a Jacinto Benavente)"}}, {"type": "Feature", "geometry": {"type": "Point", "coordinates": [-0.3982959, 39.4546186]}, "properties": {"zona": 1135, "descripcion": "CAMPOS CRESPO s/n ( de Juan de Garay a Montesa)"}}, {"type": "Feature", "geometry": {"type": "Point", "coordinates": [-0.39485, 39.4755917]}, "properties": {"zona": 1136, "descripcion": "Pº PECHINA, S/N (de Pte. 9 d'Octubre a Mislata)"}}, {"type": "Feature", "geometry": {"type": "Point", "coordinates": [-0.3478362, 39.4605561]}, "properties": {"zona": 1137, "descripcion": "PINTOR MAELLA, S/N (de Av. Francia a Av. Baleares)"}}, {"type": "Feature", "geometry": {"type": "Point", "coordinates": [-0.3973111, 39.4628043]}, "properties": {"zona": 1138, "descripcion": "ARCHIDUQUE CARLOS (AV. CID)"}}, {"type": "Feature", "geometry": {"type": "Point", "coordinates": [-0.3860941, 39.4920198]}, "properties": {"zona": 1139, "descripcion": "GRAL. LLORENS, S/N (de Serrano Clavero a Av. de Ecuador)"}}, {"type": "Feature", "geometry": {"type": "Point", "coordinates": [-0.3800767, 39.4940296]}, "properties": {"zona": 1140, "descripcion": "P.I. CAMINO DE MONCADA (POBLE NOU)"}}, {"type": "Feature", "geometry": {"type": "Point", "coordinates": [-0.4014977, 39.475495]}, "properties": {"zona": 1141, "descripcion": "P.I MANUEL DE FALLA"}}, {"type": "Feature", "geometry": {"type": "Point", "coordinates": [-0.3392503, 39.4779652]}, "properties": {"zona": 1142, "descripcion": "AV. LOS NARANJOS, s/n (de Luis Peixó a Tramoyeres)"}}, {"type": "Feature", "geometry": {"type": "Point", "coordinates": [-0.3623494, 39.4627734]}, "properties": {"zona": 1143, "descripcion": "AV. PERIS Y VALERO, Nº 191 (de Salamanca a Reino de Valencia)"}}, {"type": "Feature", "geometry": {"type": "Point", "coordinates": [-0.3907901, 39.4751191]}, "properties": {"zona": 1144, "descripcion": "CIUDADELA, Nº 7 (de Pte. del Real a Justicia)"}}, {"type": "Feature", "geometry": {"type": "Point", "coordinates": [-0.4045204000000001, 39.4565742]}, "properties": {"zona": 1145, "descripcion": "Cº NUEVO PICAÑA, Nº 6 (de Coeters a Pedrapiquers)"}}, {"type": "Feature", "geometry": {"type": "Point", "coordinates": [-0.4027922, 39.46382759999999]}, "properties": {"zona": 1146, "descripcion": "AV. TRES FORQUES s/n (de Centro Comercial a Salida Lateral Av. del Cid)"}}, {"type": "Feature", "geometry": {"type": "Point", "coordinates": [-0.367226, 39.4933047]}, "properties": {"zona": 1147, "descripcion": "SAN VICENTE DE PAUL, S/N (ESQ. HNOS. MACHADO), de Hnos. Machado a Santiago Rusiñol."}}, {"type": "Feature", "geometry": {"type": "Point", "coordinates": [-0.3980312, 39.4586477]}, "properties": {"zona": 1148, "descripcion": "AVDA. JOSÉ ROCA COLL, s/n (de Vte. Clavell a Vall d'Uixo)"}}, {"type": "Feature", "geometry": {"type": "Point", "coordinates": [-0.3668607, 39.4476498]}, "properties": {"zona": 1149, "descripcion": "ANTONIO FERRANDIS, S/N  (de Grabador Jordán a Carrera Fuente En Corts)"}}, {"type": "Feature", "geometry": {"type": "Point", "coordinates": [-0.373908, 39.4989705]}, "properties": {"zona": 1150, "descripcion": "AV. HNOS. MACHADO, S/N (POLIDEPORTIVO MARNI) (de Salida P.I. a San Vicente de Paul)"}}, {"type": "Feature", "geometry": {"type": "Point", "coordinates": [-0.355942, 39.492213]}, "properties": {"zona": 1151, "descripcion": "RONDA NORTE (de Poeta Emilio Baró a Av. Valladolid)"}}, {"type": "Feature", "geometry": {"type": "Point", "coordinates": [-0.388496, 39.4933146]}, "properties": {"zona": 1152, "descripcion": "AV. ECUADOR, Nº 38 (de Platanos a Gral. Llorens)"}}, {"type": "Feature", "geometry": {"type": "Point", "coordinates": [-0.3545219, 39.457904]}, "properties": {"zona": 1153, "descripcion": "PTE. DE MONTEOLIVETE (de Profesor López Piñero a Alameda)"}}, {"type": "Feature", "geometry": {"type": "Point", "coordinates": [-0.3834769, 39.4808243]}, "properties": {"zona": 1154, "descripcion": "PUENTE DE LAS ARTES (PADRE FERRIS)"}}, {"type": "Feature", "geometry": {"type": "Point", "coordinates": [-0.4063719, 39.4777796]}, "properties": {"zona": 1155, "descripcion": "PÍO BAROJA, S/N (de General Avilés a Maestro Rodrigo)"}}, {"type": "Feature", "geometry": {"type": "Point", "coordinates": [-0.34387, 39.4457552]}, "properties": {"zona": 1156, "descripcion": "EDUARDO PRIMO YUFERA (FRENTE OCEANOGRAFICO),  de Profesor López Piñero a Jesús Morante Borrás"}}, {"type": "Feature", "geometry": {"type": "Point", "coordinates": [-0.4055549, 39.4687097]}, "properties": {"zona": 1158, "descripcion": "AV. TRES CRUCES s/n (de Profesor Blanco a Archiduque Carlos)"}}, {"type": "Feature", "geometry": {"type": "Point", "coordinates": [-0.3800767, 39.4940296]}, "properties": {"zona": 1159, "descripcion": "CAMINO DE MONCADA (POBLE NOU)"}}, {"type": "Feature", "geometry": {"type": "Point", "coordinates": [-0.3800767, 39.4940296]}, "properties": {"zona": 1159, "descripcion": "CAMINO DE MONCADA (POBLE NOU)"}}, {"type": "Feature", "geometry": {"type": "Point", "coordinates": [-0.331194, 39.453757]}, "properties": {"zona": 1160, "descripcion": "PTE. DE ASTILLEROS (de Nazaret a Espolón Cantarranas)"}}, {"type": "Feature", "geometry": {"type": "Point", "coordinates": [-0.3552235, 39.4559624]}, "properties": {"zona": 1161, "descripcion": "P.I. PROFESOR LÓPEZ PIÑERO (de Av. de la Plata a Salida)"}}, {"type": "Feature", "geometry": {"type": "Point", "coordinates": [-0.373908, 39.4989705]}, "properties": {"zona": 1162, "descripcion": "AV. HERMANOS MACHADO, S/N (De Salvador Cervero a Av. Del Levante U.D.)"}}, {"type": "Feature", "geometry": {"type": "Point", "coordinates": [-0.3319619, 39.4617111]}, "properties": {"zona": 1163, "descripcion": "DR. J.J.DOMINE, Nº 8 (de Av. del Puerto a Pl Armada Española)"}}, {"type": "Feature", "geometry": {"type": "Point", "coordinates": [-0.3437354, 39.4585704]}, "properties": {"zona": 1164, "descripcion": "MENORCA, S/N (de Av. Francia a Av. Baleares)"}}, {"type": "Feature", "geometry": {"type": "Point", "coordinates": [-0.3392503, 39.4779652]}, "properties": {"zona": 1165, "descripcion": "AV. LOS NARANJOS, s/n (de Dr. Lluch a Cavite)"}}, {"type": "Feature", "geometry": {"type": "Point", "coordinates": [-0.373908, 39.4989705]}, "properties": {"zona": 1166, "descripcion": "AV. HNOS. MACHADO, S/N (LATERAL P.I.) (de Santo Domingo a Conde Lumiares)"}}, {"type": "Feature", "geometry": {"type": "Point", "coordinates": [-0.3840643, 39.4816425]}, "properties": {"zona": 1167, "descripcion": "P.I. MAURO GUILLEM - MENÉNDEZ PIDAL"}}, {"type": "Feature", "geometry": {"type": "Point", "coordinates": [-0.3980312, 39.4586477]}, "properties": {"zona": 1168, "descripcion": "AVDA. JOSÉ ROCA COLL, s/n (de Humanista Mariner a Vall d'Uixo)"}}, {"type": "Feature", "geometry": {"type": "Point", "coordinates": [-0.3819187000000001, 39.4689445]}, "properties": {"zona": 1169, "descripcion": "GUILLEM DE CASTRO, Nº 33 (de Guillem de Castro a Ángel Guimerá por P.I.)"}}, {"type": "Feature", "geometry": {"type": "Point", "coordinates": [-0.3705096, 39.4941668]}, "properties": {"zona": 1170, "descripcion": "SANTIAGO RUSIÑOL, S/N (ESQ. S. VTE. PAUL), De S. Vte. De Paul a Padre Viñas."}}, {"type": "Feature", "geometry": {"type": "Point", "coordinates": [-0.3980312, 39.4586477]}, "properties": {"zona": 1171, "descripcion": "AVDA. JOSÉ ROCA COLL, s/n (de Vall d'Uixo a Humanista Mariner)"}}, {"type": "Feature", "geometry": {"type": "Point", "coordinates": [-0.3649102, 39.4696214]}, "properties": {"zona": 1172, "descripcion": "PL. AMÉRICA, Nº 1 (de Pte. de Aragón a Pl. América)"}}, {"type": "Feature", "geometry": {"type": "Point", "coordinates": [-0.3922198, 39.4828243]}, "properties": {"zona": 1173, "descripcion": "AV. CAMPANAR (TIRSO DE MOLINA)"}}, {"type": "Feature", "geometry": {"type": "Point", "coordinates": [-0.3922198, 39.4828243]}, "properties": {"zona": 1173, "descripcion": "AV. CAMPANAR (TIRSO DE MOLINA)"}}, {"type": "Feature", "geometry": {"type": "Point", "coordinates": [-0.367226, 39.4933047]}, "properties": {"zona": 1174, "descripcion": "SAN VICENTE DE PAUL, S/N (De Santiago Rusiñol a Arquitecto Tolsa)"}}, {"type": "Feature", "geometry": {"type": "Point", "coordinates": [-0.4063719, 39.4777796]}, "properties": {"zona": 1175, "descripcion": "PÍO BAROJA, S/N (de Maestro Rodrigo a Gral. Avilés)"}}, {"type": "Feature", "geometry": {"type": "Point", "coordinates": [-0.3800767, 39.4940296]}, "properties": {"zona": 1176, "descripcion": "P.I CAMINO DE MONCADA (LATERAL)"}}, {"type": "Feature", "geometry": {"type": "Point", "coordinates": [-0.3624643, 39.4489356]}, "properties": {"zona": 1177, "descripcion": "P.I. ANTONIO FERRANDIS (de Fuente En Corts a Fdo. Abril Martorell)"}}, {"type": "Feature", "geometry": {"type": "Point", "coordinates": [-0.3834769, 39.4808243]}, "properties": {"zona": 1178, "descripcion": "PTE. DE LAS ARTES (de Pº Pechina a Padre Ferris)"}}, {"type": "Feature", "geometry": {"type": "Point", "coordinates": [-0.3590014, 39.4618716]}, "properties": {"zona": 1179, "descripcion": "PTE. REINO VALENCIA (de Alcalde Reig a Alameda)"}}, {"type": "Feature", "geometry": {"type": "Point", "coordinates": [-0.3756348, 39.4738338]}, "properties": {"zona": 1180, "descripcion": "ESTUDIO PUNTO DE MEDIDA 9171"}}, {"type": "Feature", "geometry": {"type": "Point", "coordinates": [-0.3834309, 39.4940088]}, "properties": {"zona": 1181, "descripcion": "JUAN XXIII, S/N (GASOLINERA) (de Río Nervión a Av. Hnos. Machado)"}}, {"type": "Feature", "geometry": {"type": "Point", "coordinates": [-0.3919411, 39.4878242]}, "properties": {"zona": 1182, "descripcion": "AV. GRAL. AVILÉS, Nº 14 (de Conchita Piquer a Nicasio Benlloch)"}}, {"type": "Feature", "geometry": {"type": "Point", "coordinates": [-0.4015113, 39.4921784]}, "properties": {"zona": 1183, "descripcion": "AV. CORTES VALENCIANAS (LATERAL), Nº 39 (de Camp de Túria a La Safor)"}}, {"type": "Feature", "geometry": {"type": "Point", "coordinates": [-0.4055549, 39.4687097]}, "properties": {"zona": 1184, "descripcion": "AV. TRES CRUCES, Nº 34 (sólo para carril Bus)(de Av. Tres Forques a Hostalers)"}}, {"type": "Feature", "geometry": {"type": "Point", "coordinates": [-0.3941494, 39.479575]}, "properties": {"zona": 1185, "descripcion": "AV. CAMPANAR, Nº 108 ( de Marqués de San Juan a Pío XII )"}}, {"type": "Feature", "geometry": {"type": "Point", "coordinates": [-0.363926, 39.4741361]}, "properties": {"zona": 1186, "descripcion": "A. PALACIO VALDES - AMADEO DE SABOYA (B. IBÁÑEZ)"}}, {"type": "Feature", "geometry": {"type": "Point", "coordinates": [-0.403091, 39.4569945]}, "properties": {"zona": 1187, "descripcion": "Cº NUEVO PICAÑA, Nº 5 (de Coeters a Tres Cruces)"}}, {"type": "Feature", "geometry": {"type": "Point", "coordinates": [-0.3626537, 39.4689075]}, "properties": {"zona": 1188, "descripcion": "PTE. DE ARAGÓN (de Pl. Zaragoza a Pl. América)"}}, {"type": "Feature", "geometry": {"type": "Point", "coordinates": [-0.3800767, 39.4940296]}, "properties": {"zona": 1189, "descripcion": "P.I. CAMINO DE MONCADA (ENTRADA)"}}, {"type": "Feature", "geometry": {"type": "Point", "coordinates": [-0.384095, 39.4584878]}, "properties": {"zona": 1190, "descripcion": "P.E. AV. GIORGETA (de Av. Peris y Valero a Av. Giorgeta)"}}, {"type": "Feature", "geometry": {"type": "Point", "coordinates": [-0.3392503, 39.4779652]}, "properties": {"zona": 1191, "descripcion": "AV. LOS NARANJOS, s/n (de Ramon Llull a Luís Peixó)"}}, {"type": "Feature", "geometry": {"type": "Point", "coordinates": [-0.3858838, 39.4754516]}, "properties": {"zona": 1192, "descripcion": "F.CATOLICO (SALIDA) - QUART (PL.ESPAÑA)"}}, {"type": "Feature", "geometry": {"type": "Point", "coordinates": [-0.4101142, 39.4671124]}, "properties": {"zona": 1193, "descripcion": "TRES CRUCES SALIDA - ESTEBAN PERNET (TRES FORQUES)"}}, {"type": "Feature", "geometry": {"type": "Point", "coordinates": [-0.368528, 39.4448704]}, "properties": {"zona": 1194, "descripcion": "AV. AUSIAS MARCH, Nº 105 (de V-31a Antonio Ferrandis)"}}, {"type": "Feature", "geometry": {"type": "Point", "coordinates": [-0.3830541, 39.4824463]}, "properties": {"zona": 1195, "descripcion": "MAURO GUILLEM, Nº 1 (de Av. Burjasot a Padre Ferris)"}}, {"type": "Feature", "geometry": {"type": "Point", "coordinates": [-0.36167, 39.470514]}, "properties": {"zona": 1211, "descripcion": "ALAMEDA, FRENTE Nº 27 (de Pte. de las Flores a Pte. de Aragón)"}}, {"type": "Feature", "geometry": {"type": "Point", "coordinates": [-0.338479, 39.437956]}, "properties": {"zona": 1212, "descripcion": "AUTOPISTA DEL SALER LATERAL ENTRADA (De CV-500 a Pont de l'Assut de l'Or)"}}, {"type": "Feature", "geometry": {"type": "Point", "coordinates": [-0.332779, 39.459447]}, "properties": {"zona": 1214, "descripcion": "Pº MARÍTIMO, nudo 3211 (de Fuente Encarroz a Vicente la Roda)"}}, {"type": "Feature", "geometry": {"type": "Point", "coordinates": [-0.383355, 39.503465]}, "properties": {"zona": 1216, "descripcion": "Cº MONCADA - P.I. ENTRADA (de Poble Nou a Valencia)"}}, {"type": "Feature", "geometry": {"type": "Point", "coordinates": [-0.404643, 39.487157]}, "properties": {"zona": 1217, "descripcion": "CAMP DE TURIA, S/N (de Maestro Rodrigo a Marina Baixa)"}}, {"type": "Feature", "geometry": {"type": "Point", "coordinates": [-0.350602, 39.481511]}, "properties": {"zona": 1218, "descripcion": "RONDA NORTE (AV. CATALUÑA)"}}, {"type": "Feature", "geometry": {"type": "Point", "coordinates": [-0.385366, 39.470515]}, "properties": {"zona": 1219, "descripcion": "G.V. FERNANDO EL CATÓLICO, Nº 4 (giro de Cuenca a Angel Guimerá)"}}, {"type": "Feature", "geometry": {"type": "Point", "coordinates": [-0.402201, 39.494262]}, "properties": {"zona": 1220, "descripcion": "CAMP DE TURIA, S/N (de Nicasio Benlloch a Cortes Valencianas)"}}]}